id,title,link,image_link,content_type,title_th,genre,subgenre,tags,release_year,origin_country,maturity_rating,rating,rating_count,features,published,image_portrait,image_portrait_th,image_landscape_th,cast,created_at,updated_at,total_seasons,total_episodes
"16885","เพื่อนพิเศษ","https://vipa.me/th/watch/tellme","https://assets.vipa.nexbetter.com/pictures/3/1e/0c/1e0c5e13-f73c-4134-a712-1bb1cd68be03","movie","เพื่อนพิเศษ","Kids & Family","Animation|Educational|Drama","no_data","2026","THA","1","0","0","no_data","true","https://assets.vipa.nexbetter.com/pictures/3/1e/0c/1e0c5e13-f73c-4134-a712-1bb1cd68be03","https://assets.vipa.nexbetter.com/pictures/3/1e/0c/1e0c5e13-f73c-4134-a712-1bb1cd68be03","https://assets.vipa.nexbetter.com/pictures/3/c3/89/c3897d67-7996-4e30-b65f-00a74140280b","no_data","2026-09-15T04:03:16.00Z","2026-09-15T04:06:58.00Z","0","0"
"16884","3-2-1 แอ็คชั่น !","https://vipa.me/th/watch/3-2-1-action","https://assets.vipa.nexbetter.com/pictures/3/d9/dc/d9dc7c2e-b963-4c20-aba5-cd50fc93ac58","movie","3-2-1 แอ็คชั่น !","Kids & Family","Animation|Drama","no_data","2026","THA","1","0","0","no_data","true","https://assets.vipa.nexbetter.com/pictures/3/d9/dc/d9dc7c2e-b963-4c20-aba5-cd50fc93ac58","https://assets.vipa.nexbetter.com/pictures/3/d9/dc/d9dc7c2e-b963-4c20-aba5-cd50fc93ac58","https://assets.vipa.nexbetter.com/pictures/3/1b/d0/1bd06a77-1706-4539-ae0d-0e8125e6ea7a","no_data","2026-09-15T03:55:35.00Z","2026-09-15T03:59:19.00Z","0","0"
"16861","The Empty Page","https://vipa.me/th/watch/the-empty-page","https://assets.vipa.nexbetter.com/pictures/3/5f/30/5f304ffe-53de-4be6-ac3f-8a65e9ef168f","movie","The Empty Page","Documentary","Historical|Social/Political","no_data","2026","THA","5","0","0","no_data","true","https://assets.vipa.nexbetter.com/pictures/3/5f/30/5f304ffe-53de-4be6-ac3f-8a65e9ef168f","https://assets.vipa.nexbetter.com/pictures/3/5f/30/5f304ffe-53de-4be6-ac3f-8a65e9ef168f","https://assets.vipa.nexbetter.com/pictures/3/5f/30/5f304ffe-53de-4be6-ac3f-8a65e9ef168f","no_data","2026-09-14T07:51:02.00Z","2026-09-14T07:53:11.00Z","0","0"
"16860","หัวขโมย","https://vipa.me/th/watch/the-thief","https://assets.vipa.nexbetter.com/pictures/3/39/ad/39ada9c9-b344-4aa4-aba2-b1d6f8253324","movie","หัวขโมย","Documentary","Investigative|Social/Political","no_data","2024","THA","5","4","3","soundtrack","true","https://assets.vipa.nexbetter.com/pictures/3/39/ad/39ada9c9-b344-4aa4-aba2-b1d6f8253324","https://assets.vipa.nexbetter.com/pictures/3/39/ad/39ada9c9-b344-4aa4-aba2-b1d6f8253324","https://assets.vipa.nexbetter.com/pictures/3/f9/3a/f93ae93c-6ed9-4a4b-993f-1bacc8e5f3ee","no_data","2026-09-14T07:29:43.00Z","2026-09-14T07:32:42.00Z","0","0"
"16851","The Echoes Remembered of Souls","https://vipa.me/th/watch/the-echoes-of-remembered-souls","https://assets.vipa.nexbetter.com/pictures/3/e8/69/e869f71c-f2ac-45d4-9e3b-8780bd4b6940","movie","The Echoes Remembered of Souls","Documentary","Historical|Investigative|Social/Political|Cultural","no_data","2026","THA","5","4","2","no_data","true","https://assets.vipa.nexbetter.com/pictures/3/e8/69/e869f71c-f2ac-45d4-9e3b-8780bd4b6940","https://assets.vipa.nexbetter.com/pictures/3/e8/69/e869f71c-f2ac-45d4-9e3b-8780bd4b6940","https://assets.vipa.nexbetter.com/pictures/3/e8/69/e869f71c-f2ac-45d4-9e3b-8780bd4b6940","no_data","2026-09-11T04:42:50.00Z","2026-09-11T04:44:17.00Z","0","0"
"16850","Thailands Unlikely Scrabble Rebels","https://vipa.me/th/watch/thailands-unlikely-scrabble-rebels","https://assets.vipa.nexbetter.com/pictures/3/ec/75/ec756f38-8f22-4651-bdbc-91319315065e","movie","Thailands Unlikely Scrabble Rebels","Documentary","Social/Political|Cultural","no_data","2023","THA","5","4","1","no_data","true","https://assets.vipa.nexbetter.com/pictures/3/ec/75/ec756f38-8f22-4651-bdbc-91319315065e","https://assets.vipa.nexbetter.com/pictures/3/ec/75/ec756f38-8f22-4651-bdbc-91319315065e","https://assets.vipa.nexbetter.com/pictures/3/ec/75/ec756f38-8f22-4651-bdbc-91319315065e","no_data","2026-09-11T04:30:11.00Z","2026-09-11T04:31:54.00Z","0","0"
"16849","เลือดและแผ่นดิน","https://vipa.me/th/watch/blood-and-homeland","https://assets.vipa.nexbetter.com/pictures/3/fe/02/fe02b4bd-c705-4fd9-a604-62d6f937e5ff","movie","เลือดและแผ่นดิน","Documentary","Historical|Investigative|Social/Political|Cultural","no_data","2006","THA","5","0","0","no_data","true","https://assets.vipa.nexbetter.com/pictures/3/fe/02/fe02b4bd-c705-4fd9-a604-62d6f937e5ff","https://assets.vipa.nexbetter.com/pictures/3/fe/02/fe02b4bd-c705-4fd9-a604-62d6f937e5ff","https://assets.vipa.nexbetter.com/pictures/3/af/11/af11d161-cd3d-42e7-89ef-1209713c6a8a","no_data","2026-09-11T04:17:52.00Z","2026-09-11T04:19:54.00Z","0","0"
"16848","The Hidden World of Baby Factories","https://vipa.me/th/watch/the-hidden-world-of-baby-factories","https://assets.vipa.nexbetter.com/pictures/3/0d/9b/0d9bafa0-4207-4613-a9c5-a8275f426316","movie","The Hidden World of Baby Factories","Documentary","Investigative|Social/Political|Cultural","no_data","2025","THA","5","2","2","no_data","true","https://assets.vipa.nexbetter.com/pictures/3/0d/9b/0d9bafa0-4207-4613-a9c5-a8275f426316","https://assets.vipa.nexbetter.com/pictures/3/0d/9b/0d9bafa0-4207-4613-a9c5-a8275f426316","https://assets.vipa.nexbetter.com/pictures/3/8c/65/8c65168e-2a39-4132-8a81-a1e275efba58","no_data","2026-09-11T03:58:43.00Z","2026-09-11T04:21:07.00Z","0","0"
"16847","โอคาวังโก อัศจรรย์แหล่งน้ำเพื่อชีวิต","https://vipa.me/th/watch/okavango-aflood-of-life","https://assets.vipa.nexbetter.com/pictures/3/c9/eb/c9ebe3c8-50e3-46b2-8fce-8a5c1ac0b38f","movie","โอคาวังโก อัศจรรย์แหล่งน้ำเพื่อชีวิต","Documentary","Nature/Environmental|Cultural","no_data","2021","THA","2","4","3","soundtrack","true","https://assets.vipa.nexbetter.com/pictures/3/c9/eb/c9ebe3c8-50e3-46b2-8fce-8a5c1ac0b38f","https://assets.vipa.nexbetter.com/pictures/3/c9/eb/c9ebe3c8-50e3-46b2-8fce-8a5c1ac0b38f","https://assets.vipa.nexbetter.com/pictures/3/57/db/57db46be-e31d-484c-a315-9ded0bf04152","no_data","2026-09-10T04:54:04.00Z","2026-09-10T04:57:30.00Z","0","0"
"16846","สานสัมพันธ์ต่างโลก","https://vipa.me/th/watch/alien-contact","https://assets.vipa.nexbetter.com/pictures/3/c3/13/c313bbfd-aae6-45c0-baca-34e556368b88","movie","สานสัมพันธ์ต่างโลก","Documentary","Nature/Environmental|Cultural","no_data","2023","THA","2","5","4","soundtrack","true","https://assets.vipa.nexbetter.com/pictures/3/c3/13/c313bbfd-aae6-45c0-baca-34e556368b88","https://assets.vipa.nexbetter.com/pictures/3/c3/13/c313bbfd-aae6-45c0-baca-34e556368b88","https://assets.vipa.nexbetter.com/pictures/3/7f/73/7f739348-176a-4edd-90a8-bcd914c50779","no_data","2026-09-10T04:01:48.00Z","2026-09-10T04:43:42.00Z","0","0"
"16840","หนูน้อยผมร่วง","https://vipa.me/th/watch/baldilocks","https://assets.vipa.nexbetter.com/pictures/3/ba/64/ba644bc0-cf2d-491d-8b68-a06cb5be0227","movie","หนูน้อยผมร่วง","Documentary","Biographical|Social/Political|Cultural","no_data","2023","THA","5","5","5","soundtrack","true","https://assets.vipa.nexbetter.com/pictures/3/ba/64/ba644bc0-cf2d-491d-8b68-a06cb5be0227","https://assets.vipa.nexbetter.com/pictures/3/ba/64/ba644bc0-cf2d-491d-8b68-a06cb5be0227","https://assets.vipa.nexbetter.com/pictures/3/35/84/3584d5e7-2e1c-4aac-9906-ab5fbe3cbde1","no_data","2026-09-07T07:50:46.00Z","2026-09-07T07:53:19.00Z","0","0"
"16838","Series of Actions","https://vipa.me/th/watch/series-of-actions","https://assets.vipa.nexbetter.com/pictures/3/c9/25/c925196f-9412-4bf0-a28b-4a1ea092d0e1","movie","Series of Actions","Documentary","Historical|Biographical|Investigative|Social/Political|Cultural","no_data","2024","THA","5","5","4","no_data","true","https://assets.vipa.nexbetter.com/pictures/3/c9/25/c925196f-9412-4bf0-a28b-4a1ea092d0e1","https://assets.vipa.nexbetter.com/pictures/3/c9/25/c925196f-9412-4bf0-a28b-4a1ea092d0e1","https://assets.vipa.nexbetter.com/pictures/3/ce/d8/ced8319d-ac2b-4c54-9521-78c30770d7ac","no_data","2026-09-03T08:19:36.00Z","2026-09-11T09:23:13.00Z","0","0"
"16820","เด็กชายดินเหนียว (Big Sign)","https://vipa.me/th/watch/clay-bigsign","https://assets.vipa.nexbetter.com/pictures/3/90/d4/90d456ec-844f-436f-a544-6c81e081d092","movie","เด็กชายดินเหนียว (Big Sign)","Kids & Family","Animation|Adventure|Fantasy","no_data","2026","THA","1","0","0","sign-language","true","https://assets.vipa.nexbetter.com/pictures/3/90/d4/90d456ec-844f-436f-a544-6c81e081d092","https://assets.vipa.nexbetter.com/pictures/3/90/d4/90d456ec-844f-436f-a544-6c81e081d092","https://assets.vipa.nexbetter.com/pictures/3/da/7f/da7f4f5c-97e3-44d1-b6d1-d9fc1e646629","no_data","2026-09-01T09:14:59.00Z","2026-09-01T09:21:15.00Z","0","0"
"16819","มานิก เด็กหญิงนักปรุงยา (Big Sign)","https://vipa.me/th/watch/maniq-bigsign","https://assets.vipa.nexbetter.com/pictures/3/31/d3/31d3f16e-3879-4170-98a2-c455d1238582","movie","มานิก เด็กหญิงนักปรุงยา (Big Sign)","Kids & Family","Animation|Adventure|Fantasy|Nature and Wildlife","no_data","2026","THA","1","0","0","sign-language","true","https://assets.vipa.nexbetter.com/pictures/3/31/d3/31d3f16e-3879-4170-98a2-c455d1238582","https://assets.vipa.nexbetter.com/pictures/3/31/d3/31d3f16e-3879-4170-98a2-c455d1238582","https://assets.vipa.nexbetter.com/pictures/3/fe/87/fe877b58-4186-4adc-a7c5-66ef69d84cd5","no_data","2026-09-01T09:04:17.00Z","2026-09-01T09:09:22.00Z","0","0"
"16818","กุมารอัลฟ่า (Big Sign)","https://vipa.me/th/watch/alpha-boy-bigsign","https://assets.vipa.nexbetter.com/pictures/3/35/97/35970693-793d-4826-afcb-ef3db389ca98","movie","กุมารอัลฟ่า (Big Sign)","Kids & Family","Animation|Adventure|Fantasy","no_data","2026","THA","1","0","0","sign-language","true","https://assets.vipa.nexbetter.com/pictures/3/35/97/35970693-793d-4826-afcb-ef3db389ca98","https://assets.vipa.nexbetter.com/pictures/3/35/97/35970693-793d-4826-afcb-ef3db389ca98","https://assets.vipa.nexbetter.com/pictures/3/54/a3/54a3e802-9e9c-44da-9802-6266d443428c","no_data","2026-09-01T08:40:57.00Z","2026-09-01T08:57:27.00Z","0","0"
"16817","อัศวินคลุกแป้ง (Big Sign)","https://vipa.me/th/watch/bread-knight-bigsign","https://assets.vipa.nexbetter.com/pictures/3/f3/06/f3065a40-5ebe-49aa-85d2-a84e9a7e2c87","movie","อัศวินคลุกแป้ง (Big Sign)","Kids & Family","Animation|Adventure|Fantasy|Superhero","no_data","2026","THA","1","0","0","sign-language","true","https://assets.vipa.nexbetter.com/pictures/3/f3/06/f3065a40-5ebe-49aa-85d2-a84e9a7e2c87","https://assets.vipa.nexbetter.com/pictures/3/f3/06/f3065a40-5ebe-49aa-85d2-a84e9a7e2c87","https://assets.vipa.nexbetter.com/pictures/3/0c/36/0c36c9f7-b64d-422d-9c9f-8182c6c78ee2","no_data","2026-09-01T08:16:21.00Z","2026-09-01T08:28:28.00Z","0","0"
"16816","ขอพรให้โลกน่าอยู่ (Big Sign)","https://vipa.me/th/watch/wishes-bigsign","https://assets.vipa.nexbetter.com/pictures/3/25/98/2598a871-8aa3-4562-9a26-f73ed8f365c5","movie","ขอพรให้โลกน่าอยู่ (Big Sign)","Kids & Family","Adventure|Drama|Nature and Wildlife","no_data","2026","THA","2","0","0","sign-language|closed-caption","true","https://assets.vipa.nexbetter.com/pictures/3/25/98/2598a871-8aa3-4562-9a26-f73ed8f365c5","https://assets.vipa.nexbetter.com/pictures/3/25/98/2598a871-8aa3-4562-9a26-f73ed8f365c5","https://assets.vipa.nexbetter.com/pictures/3/19/3f/193fda4d-9f11-4f34-bba1-6c493ba1f6ea","no_data","2026-09-01T04:47:19.00Z","2026-09-01T05:04:49.00Z","0","0"
"16792","ไดโนเสาร์บ้านเฮา (Big Sign)","https://vipa.me/th/watch/house-of-the-dinosaur-bigsign","https://assets.vipa.nexbetter.com/pictures/3/a1/6e/a16e6483-2dde-49c4-808a-b219d7e78f2f","movie","ไดโนเสาร์บ้านเฮา (Big Sign)","Documentary","Historical|Investigative|Nature/Environmental","no_data","2026","THA","5","0","0","sign-language","true","https://assets.vipa.nexbetter.com/pictures/3/a1/6e/a16e6483-2dde-49c4-808a-b219d7e78f2f","https://assets.vipa.nexbetter.com/pictures/3/a1/6e/a16e6483-2dde-49c4-808a-b219d7e78f2f","https://assets.vipa.nexbetter.com/pictures/3/74/c9/74c913e4-63ba-4cc3-8e40-c6f3dde53beb","no_data","2026-08-31T09:12:35.00Z","2026-08-31T09:16:30.00Z","0","0"
"16791","หมากไม้ (Big Sign)","https://vipa.me/th/watch/blood-berries-big-sign","https://assets.vipa.nexbetter.com/pictures/3/73/0d/730d3f5d-4a45-4178-9834-b785492e0387","movie","หมากไม้ (Big Sign)","Documentary","Investigative|Social/Political|Cultural","no_data","2025","THA","5","0","0","closed-caption|sign-language","true","https://assets.vipa.nexbetter.com/pictures/3/73/0d/730d3f5d-4a45-4178-9834-b785492e0387","https://assets.vipa.nexbetter.com/pictures/3/73/0d/730d3f5d-4a45-4178-9834-b785492e0387","https://assets.vipa.nexbetter.com/pictures/3/ad/2a/ad2a6672-badd-405b-a543-be980c5221d2","no_data","2026-08-31T08:51:50.00Z","2026-08-31T08:58:25.00Z","0","0"
"16771","เรื่องใหญ่ของหัวใจดวงเล็ก","https://vipa.me/th/watch/little-to-big","https://assets.vipa.nexbetter.com/pictures/3/42/2e/422e73d9-15d5-4892-b9b5-fd98c30d3564","movie","เรื่องใหญ่ของหัวใจดวงเล็ก","Documentary","Social/Political|Cultural","no_data","2022","THA","5","5","3","soundtrack","true","https://assets.vipa.nexbetter.com/pictures/3/42/2e/422e73d9-15d5-4892-b9b5-fd98c30d3564","https://assets.vipa.nexbetter.com/pictures/3/42/2e/422e73d9-15d5-4892-b9b5-fd98c30d3564","https://assets.vipa.nexbetter.com/pictures/3/da/0e/da0e4f39-1c34-4f80-a1ee-aac2128148b3","no_data","2026-08-31T03:41:11.00Z","2026-08-31T03:43:27.00Z","0","0"
"16648","ร่างกายนี้ไม่ขอโทษใคร","https://vipa.me/th/watch/juck","https://assets.vipa.nexbetter.com/pictures/3/20/a6/20a68759-e5db-4b9f-b6f4-a94d67419d65","movie","ร่างกายนี้ไม่ขอโทษใคร","Documentary","Social/Political|Cultural","no_data","2018","THA","5","5","4","soundtrack","true","https://assets.vipa.nexbetter.com/pictures/3/20/a6/20a68759-e5db-4b9f-b6f4-a94d67419d65","https://assets.vipa.nexbetter.com/pictures/3/20/a6/20a68759-e5db-4b9f-b6f4-a94d67419d65","https://assets.vipa.nexbetter.com/pictures/3/54/59/54593550-3edc-4271-bfcf-70dde3ecac2b","no_data","2026-08-24T04:05:35.00Z","2026-08-24T04:08:16.00Z","0","0"
"16620","สันติ-วีณา (Big Sign)","https://vipa.me/th/watch/santi-vina-bigsign","https://assets.vipa.nexbetter.com/pictures/3/dd/4a/dd4a15bc-2649-483e-a5f7-7742e7dda37e","movie","สันติ-วีณา (Big Sign)","Drama","Romantic Drama|Family Drama|Social Drama","no_data","1954","THA","5","0","0","sign-language","true","https://assets.vipa.nexbetter.com/pictures/3/dd/4a/dd4a15bc-2649-483e-a5f7-7742e7dda37e","https://assets.vipa.nexbetter.com/pictures/3/dd/4a/dd4a15bc-2649-483e-a5f7-7742e7dda37e","https://assets.vipa.nexbetter.com/pictures/3/df/f6/dff6e276-b0b6-4719-8d15-be2c9140aa1e","no_data","2026-08-21T04:06:46.00Z","2026-08-21T04:10:45.00Z","0","0"
"16619","ผำ พืชแห่งอนาคต (Big Sign)","https://vipa.me/th/watch/wolffia-bigsign","https://assets.vipa.nexbetter.com/pictures/3/d4/db/d4db7679-2ea1-4de9-be42-891bc2479f03","movie","ผำ พืชแห่งอนาคต (Big Sign)","Food & Travel","Food Documentaries|Food Travel Shows|Food and Culture","no_data","2026","THA","5","0","0","closed-caption|sign-language","true","https://assets.vipa.nexbetter.com/pictures/3/d4/db/d4db7679-2ea1-4de9-be42-891bc2479f03","https://assets.vipa.nexbetter.com/pictures/3/d4/db/d4db7679-2ea1-4de9-be42-891bc2479f03","https://assets.vipa.nexbetter.com/pictures/3/a1/03/a103f23d-3272-4e8c-ae63-b072fe31372d","no_data","2026-08-21T03:10:43.00Z","2026-08-21T03:16:13.00Z","0","0"
"16618","ปาตาโกเนีย...ดินแดนผู้บุกเบิก","https://vipa.me/th/watch/patagonia-land-of-pioneers","https://assets.vipa.nexbetter.com/pictures/3/cc/eb/cceb7d99-e55e-4325-a573-456377a6a8a1","movie","ปาตาโกเนีย...ดินแดนผู้บุกเบิก","Documentary","Nature/Environmental","no_data","2022","THA","2","5","5","soundtrack","true","https://assets.vipa.nexbetter.com/pictures/3/cc/eb/cceb7d99-e55e-4325-a573-456377a6a8a1","https://assets.vipa.nexbetter.com/pictures/3/cc/eb/cceb7d99-e55e-4325-a573-456377a6a8a1","https://assets.vipa.nexbetter.com/pictures/3/a3/d9/a3d9aa12-fae1-491c-8198-44ae173f2745","no_data","2026-08-20T11:04:42.00Z","2026-08-28T03:55:23.00Z","0","0"
"16617","ขุนเขาแลปแลนด์ ตำนานยักษ์ผู้หลับใหล","https://vipa.me/th/watch/tale-of-the-sleeping-giants","https://assets.vipa.nexbetter.com/pictures/3/7c/e9/7ce90ec2-bd89-47f2-af3a-0637cb503558","movie","ขุนเขาแลปแลนด์ ตำนานยักษ์ผู้หลับใหล","Documentary","Nature/Environmental","no_data","2021","THA","2","5","7","soundtrack","true","https://assets.vipa.nexbetter.com/pictures/3/7c/e9/7ce90ec2-bd89-47f2-af3a-0637cb503558","https://assets.vipa.nexbetter.com/pictures/3/7c/e9/7ce90ec2-bd89-47f2-af3a-0637cb503558","https://assets.vipa.nexbetter.com/pictures/3/21/dc/21dcd6a3-d55d-4374-8f44-9c1c3c26544b","no_data","2026-08-20T10:32:39.00Z","2026-08-28T03:32:21.00Z","0","0"
"16561","อย่างช้า ๆ","https://vipa.me/th/watch/polepole","https://assets.vipa.nexbetter.com/pictures/3/18/e0/18e01e95-5e96-47fd-904f-e456a75817e2","movie","อย่างช้า ๆ","Documentary","Social/Political|Cultural","no_data","2021","THA","5","4","4","soundtrack","true","https://assets.vipa.nexbetter.com/pictures/3/18/e0/18e01e95-5e96-47fd-904f-e456a75817e2","https://assets.vipa.nexbetter.com/pictures/3/18/e0/18e01e95-5e96-47fd-904f-e456a75817e2","https://assets.vipa.nexbetter.com/pictures/3/13/ac/13ac7dba-7731-4344-a57c-36a69874e2f9","no_data","2026-08-17T04:50:24.00Z","2026-08-28T03:29:31.00Z","0","0"
"16529","อัศวินคลุกแป้ง","https://vipa.me/th/watch/bread-knight","https://assets.vipa.nexbetter.com/pictures/3/f3/06/f3065a40-5ebe-49aa-85d2-a84e9a7e2c87","movie","อัศวินคลุกแป้ง","Kids & Family","Animation|Adventure|Fantasy|Superhero","no_data","2026","THA","1","4","5","sign-language","true","https://assets.vipa.nexbetter.com/pictures/3/f3/06/f3065a40-5ebe-49aa-85d2-a84e9a7e2c87","https://assets.vipa.nexbetter.com/pictures/3/f3/06/f3065a40-5ebe-49aa-85d2-a84e9a7e2c87","https://assets.vipa.nexbetter.com/pictures/3/7c/ed/7ced02ec-e569-41d7-8d5b-f3f035921256","no_data","2026-08-11T07:13:18.00Z","2026-09-07T07:55:31.00Z","0","0"
"16528","มานิก เด็กหญิงนักปรุงยา","https://vipa.me/th/watch/maniq","https://assets.vipa.nexbetter.com/pictures/3/31/d3/31d3f16e-3879-4170-98a2-c455d1238582","movie","มานิก เด็กหญิงนักปรุงยา","Kids & Family","Animation|Adventure|Fantasy|Nature and Wildlife","no_data","2026","THA","1","5","4","sign-language","true","https://assets.vipa.nexbetter.com/pictures/3/31/d3/31d3f16e-3879-4170-98a2-c455d1238582","https://assets.vipa.nexbetter.com/pictures/3/31/d3/31d3f16e-3879-4170-98a2-c455d1238582","https://assets.vipa.nexbetter.com/pictures/3/29/95/29950226-a255-4eba-b109-4c5f19513db6","no_data","2026-08-11T05:12:24.00Z","2026-09-07T07:55:59.00Z","0","0"
"16518","ชั่วฟ้าดินสลาย","https://vipa.me/th/watch/forever-yours","https://assets.vipa.nexbetter.com/pictures/3/cf/87/cf8790bc-18c2-46c9-97e9-4d9852502d43","movie","ชั่วฟ้าดินสลาย","Drama","Family Drama|Social Drama","no_data","1955","THA","5","5","12","closed-caption","true","https://assets.vipa.nexbetter.com/pictures/3/cf/87/cf8790bc-18c2-46c9-97e9-4d9852502d43","https://assets.vipa.nexbetter.com/pictures/3/cf/87/cf8790bc-18c2-46c9-97e9-4d9852502d43","https://assets.vipa.nexbetter.com/pictures/3/99/a0/99a087d0-f61e-465d-a816-bba1651daa23","Ngamta Supphaphong|Chana Sri-ubon|Em Sukkasem","2026-08-10T11:14:15.00Z","2026-08-14T08:25:16.00Z","0","0"
"16515","ปีกของคนงาน","https://vipa.me/th/watch/workers-wings","https://assets.vipa.nexbetter.com/pictures/3/4a/3e/4a3ee933-25d8-4f89-959b-a55dab32d56d","movie","ปีกของคนงาน","Documentary","Social/Political|Cultural","no_data","2024","THA","5","4","1","soundtrack","true","https://assets.vipa.nexbetter.com/pictures/3/4a/3e/4a3ee933-25d8-4f89-959b-a55dab32d56d","https://assets.vipa.nexbetter.com/pictures/3/4a/3e/4a3ee933-25d8-4f89-959b-a55dab32d56d","https://assets.vipa.nexbetter.com/pictures/3/a0/4b/a04b732e-4be8-4bdd-a3c8-f1b650574c49","no_data","2026-08-10T03:52:33.00Z","2026-08-24T06:39:21.00Z","0","0"
"16462","ดาวโลก...ในมุมมองจากฟากฟ้า","https://vipa.me/th/watch/the-view-from-on-high","https://assets.vipa.nexbetter.com/pictures/3/8c/c8/8cc858f4-5da6-40f9-a771-deecf8934cc9","movie","ดาวโลก...ในมุมมองจากฟากฟ้า","Documentary","Nature/Environmental","no_data","2023","THA","1","4","3","soundtrack","true","https://assets.vipa.nexbetter.com/pictures/3/8c/c8/8cc858f4-5da6-40f9-a771-deecf8934cc9","https://assets.vipa.nexbetter.com/pictures/3/8c/c8/8cc858f4-5da6-40f9-a771-deecf8934cc9","https://assets.vipa.nexbetter.com/pictures/3/ef/17/ef173e57-f7f2-4ad6-a3cd-d4eec8e7c16f","no_data","2026-08-06T10:07:26.00Z","2026-08-24T06:38:13.00Z","0","0"
"16461","ฮัมมิงเบิร์ด...วิหคมหัศจรรย์","https://vipa.me/th/watch/the-hummingbird-effect","https://assets.vipa.nexbetter.com/pictures/3/64/cc/64cc67c9-e2bb-4b32-874d-42de5d595b2f","movie","ฮัมมิงเบิร์ด...วิหคมหัศจรรย์","Documentary","Nature/Environmental","no_data","2023","THA","1","5","7","soundtrack","true","https://assets.vipa.nexbetter.com/pictures/3/64/cc/64cc67c9-e2bb-4b32-874d-42de5d595b2f","https://assets.vipa.nexbetter.com/pictures/3/64/cc/64cc67c9-e2bb-4b32-874d-42de5d595b2f","https://assets.vipa.nexbetter.com/pictures/3/42/7b/427b3eb2-0264-4f06-987d-3416a6dbc1f2","no_data","2026-08-06T10:00:10.00Z","2026-08-28T03:31:05.00Z","0","0"
"16460","Elephant โลกของช้าง","https://vipa.me/th/watch/elephant","https://assets.vipa.nexbetter.com/pictures/3/b0/5f/b05f2b52-c49c-40cf-a3cc-6dfb14c431cc","movie","Elephant โลกของช้าง","Documentary","Nature/Environmental|Social/Political|Cultural","no_data","2026","THA","5","4","2","no_data","true","https://assets.vipa.nexbetter.com/pictures/3/b0/5f/b05f2b52-c49c-40cf-a3cc-6dfb14c431cc","https://assets.vipa.nexbetter.com/pictures/3/b0/5f/b05f2b52-c49c-40cf-a3cc-6dfb14c431cc","https://assets.vipa.nexbetter.com/pictures/3/4b/86/4b869683-49cf-4488-af6f-505b3f4d9c97","no_data","2026-08-06T08:52:01.00Z","2026-08-24T06:37:36.00Z","0","0"
"16457","ญี่ปุ่น...ของขวัญจากธรรมชาติแดนเหนือ","https://vipa.me/th/watch/giftfromtheice-japanswildnorth","https://assets.vipa.nexbetter.com/pictures/3/17/f1/17f1e510-af5c-479c-b287-8dda6cca3c97","movie","ญี่ปุ่น...ของขวัญจากธรรมชาติแดนเหนือ","Documentary","Nature/Environmental","no_data","2023","THA","1","5","5","soundtrack","true","https://assets.vipa.nexbetter.com/pictures/3/17/f1/17f1e510-af5c-479c-b287-8dda6cca3c97","https://assets.vipa.nexbetter.com/pictures/3/17/f1/17f1e510-af5c-479c-b287-8dda6cca3c97","https://assets.vipa.nexbetter.com/pictures/3/6d/49/6d4948d1-0eb7-41f6-87a8-4f194b7a8a55","no_data","2026-08-05T04:45:00.00Z","2026-08-21T11:16:39.00Z","0","0"
"16456","มหัศจรรย์โลกขยับไหว","https://vipa.me/th/watch/the-loco-motion-picture","https://assets.vipa.nexbetter.com/pictures/3/de/1e/de1e72dd-fdd8-4823-b3d8-9d8c47a78cb6","movie","มหัศจรรย์โลกขยับไหว","Documentary","Nature/Environmental","no_data","2023","THA","1","4","3","soundtrack","true","https://assets.vipa.nexbetter.com/pictures/3/de/1e/de1e72dd-fdd8-4823-b3d8-9d8c47a78cb6","https://assets.vipa.nexbetter.com/pictures/3/de/1e/de1e72dd-fdd8-4823-b3d8-9d8c47a78cb6","https://assets.vipa.nexbetter.com/pictures/3/49/52/4952ff4d-e595-4c20-86dd-9f14b5736253","no_data","2026-08-05T04:12:10.00Z","2026-08-24T06:36:32.00Z","0","0"
"16421","แก๊งปล้นรถไฟ","https://vipa.me/th/watch/train-robbers","https://assets.vipa.nexbetter.com/pictures/3/4d/23/4d23c8f3-3bda-40d8-9c33-563d1a080f54","movie","แก๊งปล้นรถไฟ","Documentary","Investigative|Social/Political","no_data","2019","THA","5","4","2","soundtrack","true","https://assets.vipa.nexbetter.com/pictures/3/4d/23/4d23c8f3-3bda-40d8-9c33-563d1a080f54","https://assets.vipa.nexbetter.com/pictures/3/4d/23/4d23c8f3-3bda-40d8-9c33-563d1a080f54","https://assets.vipa.nexbetter.com/pictures/3/5c/5f/5c5f1d22-2044-484e-b359-d4112a05ac97","no_data","2026-08-03T03:43:58.00Z","2026-08-19T07:11:32.00Z","0","0"
"16414","ก่อนจะเป็นผีเสื้อ","https://vipa.me/th/watch/the-chrysalises","https://assets.vipa.nexbetter.com/pictures/3/f1/e9/f1e9351b-d71c-4a45-8f9d-224bc06a402c","movie","ก่อนจะเป็นผีเสื้อ","Documentary","Biographical|Investigative|Social/Political|Cultural","no_data","2022","THA","5","4","2","soundtrack","true","https://assets.vipa.nexbetter.com/pictures/3/f1/e9/f1e9351b-d71c-4a45-8f9d-224bc06a402c","https://assets.vipa.nexbetter.com/pictures/3/f1/e9/f1e9351b-d71c-4a45-8f9d-224bc06a402c","https://assets.vipa.nexbetter.com/pictures/3/7f/9b/7f9b4a88-bc10-4970-ac66-373bfbaa79fa","no_data","2026-07-26T07:55:01.00Z","2026-08-19T07:10:32.00Z","0","0"
"16355","จิตวิญญาณแห่งมหาสมุทร","https://vipa.me/th/watch/soul-of-the-ocean","https://assets.vipa.nexbetter.com/pictures/3/a7/75/a7751c0c-dec3-4137-95e2-c874bf9ac288","movie","จิตวิญญาณแห่งมหาสมุทร","Documentary","Nature/Environmental","no_data","2022","THA","2","5","9","soundtrack","true","https://assets.vipa.nexbetter.com/pictures/3/a7/75/a7751c0c-dec3-4137-95e2-c874bf9ac288","https://assets.vipa.nexbetter.com/pictures/3/a7/75/a7751c0c-dec3-4137-95e2-c874bf9ac288","https://assets.vipa.nexbetter.com/pictures/3/20/37/203778d4-25cd-440e-8f39-6677f10985ee","no_data","2026-07-21T04:17:27.00Z","2026-08-14T08:21:13.00Z","0","0"
"16354","อัศจรรย์ป่าโบราณแห่งเกาะอังกฤษ","https://vipa.me/th/watch/the-crowns-ancient-forest","https://assets.vipa.nexbetter.com/pictures/3/67/b8/67b859b9-867f-4758-8d27-ade36ea70581","movie","อัศจรรย์ป่าโบราณแห่งเกาะอังกฤษ","Documentary","Nature/Environmental","no_data","2021","THA","2","5","3","soundtrack","true","https://assets.vipa.nexbetter.com/pictures/3/67/b8/67b859b9-867f-4758-8d27-ade36ea70581","https://assets.vipa.nexbetter.com/pictures/3/67/b8/67b859b9-867f-4758-8d27-ade36ea70581","https://assets.vipa.nexbetter.com/pictures/3/cc/9b/cc9b7d00-8935-4d81-84f4-b429f62096cd","no_data","2026-07-21T04:13:40.00Z","2026-08-11T03:12:04.00Z","0","0"
"16353","ในเครื่องแบบ","https://vipa.me/th/watch/the-uniformed","https://assets.vipa.nexbetter.com/pictures/3/45/08/4508dbad-15df-4a3e-9b30-1fc930d0bbab","movie","ในเครื่องแบบ","Documentary","Social/Political|Cultural","no_data","2025","THA","5","4","3","soundtrack","true","https://assets.vipa.nexbetter.com/pictures/3/45/08/4508dbad-15df-4a3e-9b30-1fc930d0bbab","https://assets.vipa.nexbetter.com/pictures/3/45/08/4508dbad-15df-4a3e-9b30-1fc930d0bbab","https://assets.vipa.nexbetter.com/pictures/3/b6/aa/b6aa34d9-0432-4ecd-888b-1366440328aa","no_data","2026-07-20T10:53:52.00Z","2026-08-11T03:11:08.00Z","0","0"
"16348","มหัศจรรย์สัตว์ป่าหายากแห่งจีน","https://vipa.me/th/watch/raresurvivors-chinaiconicwildlife","https://assets.vipa.nexbetter.com/pictures/3/47/fc/47fcff7e-5664-4a1e-a575-40f113d65731","movie","มหัศจรรย์สัตว์ป่าหายากแห่งจีน","Documentary","Nature/Environmental","no_data","2020","THA","2","5","1","soundtrack","true","https://assets.vipa.nexbetter.com/pictures/3/47/fc/47fcff7e-5664-4a1e-a575-40f113d65731","https://assets.vipa.nexbetter.com/pictures/3/47/fc/47fcff7e-5664-4a1e-a575-40f113d65731","https://assets.vipa.nexbetter.com/pictures/3/d5/81/d581c279-c38e-4958-bfe8-642caa884dce","no_data","2026-07-20T04:28:38.00Z","2026-08-11T03:06:17.00Z","0","0"
"16322","วูลเวอรีน - แม่สุดเก่งหัวใจสุดแกร่ง","https://vipa.me/th/watch/wolverine-one-tough-mother","https://assets.vipa.nexbetter.com/pictures/3/81/43/81436d5a-55e8-4ea3-b570-dd7a6fdacc79","movie","วูลเวอรีน - แม่สุดเก่งหัวใจสุดแกร่ง","Documentary","Nature/Environmental","no_data","2026","THA","2","4","3","soundtrack","true","https://assets.vipa.nexbetter.com/pictures/3/81/43/81436d5a-55e8-4ea3-b570-dd7a6fdacc79","https://assets.vipa.nexbetter.com/pictures/3/81/43/81436d5a-55e8-4ea3-b570-dd7a6fdacc79","https://assets.vipa.nexbetter.com/pictures/3/37/72/377208aa-7d8b-4f36-915d-7b437cf8cb55","no_data","2026-07-13T08:19:31.00Z","2026-08-11T03:05:46.00Z","0","0"
"16321","สู่ธรรมชาติไมอามี่","https://vipa.me/th/watch/miami-wild","https://assets.vipa.nexbetter.com/pictures/3/0e/9d/0e9d4a3b-22d3-478b-bebd-220d5ab0973a","movie","สู่ธรรมชาติไมอามี่","Documentary","Nature/Environmental","no_data","2021","THA","2","4","8","soundtrack","true","https://assets.vipa.nexbetter.com/pictures/3/0e/9d/0e9d4a3b-22d3-478b-bebd-220d5ab0973a","https://assets.vipa.nexbetter.com/pictures/3/0e/9d/0e9d4a3b-22d3-478b-bebd-220d5ab0973a","https://assets.vipa.nexbetter.com/pictures/3/96/fc/96fc205c-a152-4a49-bd17-bbb989f3a0bc","no_data","2026-07-13T07:31:55.00Z","2026-08-07T11:23:50.00Z","0","0"
"16320","เด็ก ๆ แห่งเคมนิตซ์","https://vipa.me/th/watch/chemkids","https://assets.vipa.nexbetter.com/pictures/3/00/bc/00bc3b9c-d4c3-4f2f-9e79-f5fb96156591","movie","เด็ก ๆ แห่งเคมนิตซ์","Documentary","Historical|Social/Political|Cultural","no_data","2022","THA","5","5","2","soundtrack","true","https://assets.vipa.nexbetter.com/pictures/3/00/bc/00bc3b9c-d4c3-4f2f-9e79-f5fb96156591","https://assets.vipa.nexbetter.com/pictures/3/00/bc/00bc3b9c-d4c3-4f2f-9e79-f5fb96156591","https://assets.vipa.nexbetter.com/pictures/3/4d/64/4d644009-d29d-4db1-9201-9e4fbb2a8f91","no_data","2026-07-13T05:04:06.00Z","2026-08-11T03:05:08.00Z","0","0"
"16306","อียิปต์...จากฟากฟ้า","https://vipa.me/th/watch/egypt-from-above","https://assets.vipa.nexbetter.com/pictures/3/63/19/63190691-2171-439c-b5a6-c498f338baa4","movie","อียิปต์...จากฟากฟ้า","Documentary","Historical|Nature/Environmental|Social/Political|Cultural","no_data","2019","THA","5","5","7","soundtrack","true","https://assets.vipa.nexbetter.com/pictures/3/63/19/63190691-2171-439c-b5a6-c498f338baa4","https://assets.vipa.nexbetter.com/pictures/3/63/19/63190691-2171-439c-b5a6-c498f338baa4","https://assets.vipa.nexbetter.com/pictures/3/b2/68/b268ff2b-29c7-4f08-9c3b-fb4b0d3b3f06","no_data","2026-07-10T07:21:43.00Z","2026-08-14T08:22:09.00Z","0","0"
"16305","เด็กชายดินเหนียว","https://vipa.me/th/watch/clay","https://assets.vipa.nexbetter.com/pictures/3/90/d4/90d456ec-844f-436f-a544-6c81e081d092","movie","เด็กชายดินเหนียว","Kids & Family","Animation|Adventure|Fantasy","no_data","2026","THA","1","4","2","sign-language","true","https://assets.vipa.nexbetter.com/pictures/3/90/d4/90d456ec-844f-436f-a544-6c81e081d092","https://assets.vipa.nexbetter.com/pictures/3/90/d4/90d456ec-844f-436f-a544-6c81e081d092","https://assets.vipa.nexbetter.com/pictures/3/69/2e/692ed145-2c52-4254-8358-859623a625f1","no_data","2026-07-10T03:43:29.00Z","2026-09-01T09:19:12.00Z","0","0"
"16304","กุมารอัลฟ่า","https://vipa.me/th/watch/alpha-boy","https://assets.vipa.nexbetter.com/pictures/3/35/97/35970693-793d-4826-afcb-ef3db389ca98","movie","กุมารอัลฟ่า","Kids & Family","Animation|Adventure|Fantasy","no_data","2026","THA","1","4","6","sign-language","true","https://assets.vipa.nexbetter.com/pictures/3/35/97/35970693-793d-4826-afcb-ef3db389ca98","https://assets.vipa.nexbetter.com/pictures/3/35/97/35970693-793d-4826-afcb-ef3db389ca98","https://assets.vipa.nexbetter.com/pictures/3/8c/fa/8cfad14f-6c3e-4c39-a8ba-d2e68039434c","no_data","2026-07-10T03:31:43.00Z","2026-09-01T08:57:42.00Z","0","0"
"16298","หัวใจผืนป่าแห่งสเปน","https://vipa.me/th/watch/the-wild-heart-of-spain","https://assets.vipa.nexbetter.com/pictures/3/1f/3b/1f3b5db5-7980-4c26-ac34-30bda3983298","movie","หัวใจผืนป่าแห่งสเปน","Documentary","Nature/Environmental","no_data","2019","THA","2","5","3","soundtrack","true","https://assets.vipa.nexbetter.com/pictures/3/1f/3b/1f3b5db5-7980-4c26-ac34-30bda3983298","https://assets.vipa.nexbetter.com/pictures/3/1f/3b/1f3b5db5-7980-4c26-ac34-30bda3983298","https://assets.vipa.nexbetter.com/pictures/3/2b/ca/2bca77b7-9f09-41b7-a5d1-c9b1c45530ac","no_data","2026-07-09T08:17:34.00Z","2026-08-04T09:06:57.00Z","0","0"
"16265","สุดยอดพ่อแม่แห่งธรรมชาติ","https://vipa.me/th/watch/perfect-parenting","https://assets.vipa.nexbetter.com/pictures/3/c4/8b/c48bf758-aae5-49cb-ba65-a3f709c849f5","movie","สุดยอดพ่อแม่แห่งธรรมชาติ","Documentary","Nature/Environmental","no_data","2026","THA","2","5","5","soundtrack","true","https://assets.vipa.nexbetter.com/pictures/3/c4/8b/c48bf758-aae5-49cb-ba65-a3f709c849f5","https://assets.vipa.nexbetter.com/pictures/3/c4/8b/c48bf758-aae5-49cb-ba65-a3f709c849f5","https://assets.vipa.nexbetter.com/pictures/3/cc/ea/ccea357f-fedc-4363-8b02-f3ab29b5b611","no_data","2026-07-07T03:48:33.00Z","2026-08-04T09:03:56.00Z","0","0"
"16255","ลุงตูดอร์ของฉัน","https://vipa.me/th/watch/my-uncle-tudor","https://assets.vipa.nexbetter.com/pictures/3/82/f7/82f739b5-60b5-4103-a561-75f6ed169321","movie","ลุงตูดอร์ของฉัน","Documentary","Biographical|Investigative|Cultural","no_data","2021","THA","5","4","5","soundtrack","true","https://assets.vipa.nexbetter.com/pictures/3/82/f7/82f739b5-60b5-4103-a561-75f6ed169321","https://assets.vipa.nexbetter.com/pictures/3/82/f7/82f739b5-60b5-4103-a561-75f6ed169321","https://assets.vipa.nexbetter.com/pictures/3/6a/93/6a9349d0-db9c-41ee-b608-536ef1ff152c","no_data","2026-07-06T03:26:16.00Z","2026-07-21T07:23:17.00Z","0","0"
"16247","ลมหายใจสุดท้าย","https://vipa.me/th/watch/the-expiration","https://assets.vipa.nexbetter.com/pictures/3/0e/ae/0eae1a06-ed0e-40d6-9cff-5006f9f229ba","movie","ลมหายใจสุดท้าย","Documentary","Biographical|Social/Political","no_data","2021","THA","5","4","11","soundtrack","true","https://assets.vipa.nexbetter.com/pictures/3/0e/ae/0eae1a06-ed0e-40d6-9cff-5006f9f229ba","https://assets.vipa.nexbetter.com/pictures/3/0e/ae/0eae1a06-ed0e-40d6-9cff-5006f9f229ba","https://assets.vipa.nexbetter.com/pictures/3/1a/98/1a986e9c-a68b-429b-a9eb-d538f01835b8","no_data","2026-06-27T03:36:59.00Z","2026-08-14T08:21:43.00Z","0","0"
"16199","เอ็ม มโนว่าตาย","https://vipa.me/th/watch/em-assumes-death","https://assets.vipa.nexbetter.com/pictures/3/ad/6c/ad6ccd4f-46b6-4eec-bac2-97111978985c","movie","เอ็ม มโนว่าตาย","Documentary","Investigative|Social/Political|Cultural","no_data","2026","THA","5","5","5","soundtrack","true","https://assets.vipa.nexbetter.com/pictures/3/ad/6c/ad6ccd4f-46b6-4eec-bac2-97111978985c","https://assets.vipa.nexbetter.com/pictures/3/ad/6c/ad6ccd4f-46b6-4eec-bac2-97111978985c","https://assets.vipa.nexbetter.com/pictures/3/6f/0a/6f0ab2d2-42cc-4ff3-ac1d-4a912244efc9","no_data","2026-06-22T03:39:20.00Z","2026-07-21T07:21:49.00Z","0","0"
"16144","อุปรากรแห่งความสยองและความรอด","https://vipa.me/th/watch/opera-of-horror-and-salvation","https://assets.vipa.nexbetter.com/pictures/3/a0/01/a0016180-44a2-4ddc-8cc9-5dcf5780cbdf","movie","อุปรากรแห่งความสยองและความรอด","Documentary","Historical|Social/Political|Cultural","no_data","2026","THA","5","5","4","soundtrack","true","https://assets.vipa.nexbetter.com/pictures/3/a0/01/a0016180-44a2-4ddc-8cc9-5dcf5780cbdf","https://assets.vipa.nexbetter.com/pictures/3/a0/01/a0016180-44a2-4ddc-8cc9-5dcf5780cbdf","https://assets.vipa.nexbetter.com/pictures/3/6f/19/6f19d201-bc84-4155-a449-000e6616fec3","no_data","2026-06-15T03:26:45.00Z","2026-07-07T07:39:53.00Z","0","0"
"16114","ไดโนเสาร์บ้านเฮา","https://vipa.me/th/watch/house-of-the-dinosaur","https://assets.vipa.nexbetter.com/pictures/3/a1/6e/a16e6483-2dde-49c4-808a-b219d7e78f2f","movie","ไดโนเสาร์บ้านเฮา","Documentary","Historical|Nature/Environmental|Investigative","no_data","2026","THA","5","5","8","sign-language","true","https://assets.vipa.nexbetter.com/pictures/3/a1/6e/a16e6483-2dde-49c4-808a-b219d7e78f2f","https://assets.vipa.nexbetter.com/pictures/3/a1/6e/a16e6483-2dde-49c4-808a-b219d7e78f2f","https://assets.vipa.nexbetter.com/pictures/3/2f/68/2f68fc28-6c5f-4c8a-bd55-deae49ffeabc","no_data","2026-06-11T09:16:29.00Z","2026-08-31T09:16:49.00Z","0","0"
"16096","ผลในครรภ์ของท่าน","https://vipa.me/th/watch/fruit-of-thy-womb","https://assets.vipa.nexbetter.com/pictures/3/53/c9/53c9c609-2745-4844-875a-3842ce584b95","movie","ผลในครรภ์ของท่าน","Documentary","Social/Political|Cultural","no_data","2021","THA","5","4","5","soundtrack","true","https://assets.vipa.nexbetter.com/pictures/3/53/c9/53c9c609-2745-4844-875a-3842ce584b95","https://assets.vipa.nexbetter.com/pictures/3/53/c9/53c9c609-2745-4844-875a-3842ce584b95","https://assets.vipa.nexbetter.com/pictures/3/3d/16/3d167de2-c7d1-44c2-becf-b5b0457f0e0a","no_data","2026-06-08T08:06:00.00Z","2026-07-06T08:22:15.00Z","0","0"
"16062","หมากไม้","https://vipa.me/th/watch/blood-berries","https://assets.vipa.nexbetter.com/pictures/3/73/0d/730d3f5d-4a45-4178-9834-b785492e0387","movie","หมากไม้","Documentary","Investigative|Social/Political|Cultural","no_data","2025","THA","5","4","15","closed-caption|sign-language","true","https://assets.vipa.nexbetter.com/pictures/3/73/0d/730d3f5d-4a45-4178-9834-b785492e0387","https://assets.vipa.nexbetter.com/pictures/3/73/0d/730d3f5d-4a45-4178-9834-b785492e0387","https://assets.vipa.nexbetter.com/pictures/3/24/cd/24cd0459-afd3-42ad-85b8-048ed053544d","no_data","2026-06-04T03:44:39.00Z","2026-09-11T09:22:25.00Z","0","0"
"16028","สำคัญที่ฉันมีเธอ","https://vipa.me/th/watch/egoist","https://assets.vipa.nexbetter.com/pictures/3/f2/a4/f2a422af-afd6-45ea-b3f1-e5f7e667d061","movie","สำคัญที่ฉันมีเธอ","Drama","Family Drama|Romantic Drama|Social Drama","no_data","2022","THA","5","4","34","soundtrack|closed-caption","true","https://assets.vipa.nexbetter.com/pictures/3/f2/a4/f2a422af-afd6-45ea-b3f1-e5f7e667d061","https://assets.vipa.nexbetter.com/pictures/3/f2/a4/f2a422af-afd6-45ea-b3f1-e5f7e667d061","https://assets.vipa.nexbetter.com/pictures/3/1c/f5/1cf5fde3-abbd-4e55-893d-fe6b28460d07","no_data","2026-06-02T03:10:24.00Z","2026-07-25T06:58:11.00Z","0","0"
"16027","นกชนกระจก","https://vipa.me/th/watch/bird-window-collisions","https://assets.vipa.nexbetter.com/pictures/3/7d/c7/7dc7cd7f-8c61-4cba-ab06-fee92d2a3ced","movie","นกชนกระจก","Documentary","Nature/Environmental|Social/Political","no_data","2023","THA","5","5","7","soundtrack","true","https://assets.vipa.nexbetter.com/pictures/3/7d/c7/7dc7cd7f-8c61-4cba-ab06-fee92d2a3ced","https://assets.vipa.nexbetter.com/pictures/3/7d/c7/7dc7cd7f-8c61-4cba-ab06-fee92d2a3ced","https://assets.vipa.nexbetter.com/pictures/3/fb/2f/fb2f2f81-1a7a-4ef6-b4b3-e86c46ddee5c","no_data","2026-06-01T04:00:46.00Z","2026-06-22T05:06:04.00Z","0","0"
"15921","All the Things You Leave Behind","https://vipa.me/th/watch/all-the-things-you-leave-behind","https://assets.vipa.nexbetter.com/pictures/3/0e/0a/0e0a311f-0eaf-4bd4-a8a4-87fd21135557","movie","All the Things You Leave Behind","Documentary","Historical|Investigative|Social/Political|Cultural","no_data","2026","THA","5","4","6","no_data","true","https://assets.vipa.nexbetter.com/pictures/3/0e/0a/0e0a311f-0eaf-4bd4-a8a4-87fd21135557","https://assets.vipa.nexbetter.com/pictures/3/0e/0a/0e0a311f-0eaf-4bd4-a8a4-87fd21135557","https://assets.vipa.nexbetter.com/pictures/3/b8/25/b82562a8-d12a-45e2-8ca3-8cf386fd48f5","no_data","2026-05-25T06:38:49.00Z","2026-06-22T05:05:36.00Z","0","0"
"15852","เขาจะเปลี่ยนเธอ เธอจะเปลี่ยนโลก","https://vipa.me/th/watch/cutting-through-rocks","https://assets.vipa.nexbetter.com/pictures/3/88/ff/88ff9952-8742-4557-a28b-2cd46ae89f4b","movie","เขาจะเปลี่ยนเธอ เธอจะเปลี่ยนโลก","Documentary","Social/Political|Cultural","no_data","2025","THA","5","5","5","closed-caption|soundtrack","true","https://assets.vipa.nexbetter.com/pictures/3/88/ff/88ff9952-8742-4557-a28b-2cd46ae89f4b","https://assets.vipa.nexbetter.com/pictures/3/88/ff/88ff9952-8742-4557-a28b-2cd46ae89f4b","https://assets.vipa.nexbetter.com/pictures/3/c4/59/c459a732-ac7f-472c-8036-0c445737d47d","no_data","2026-05-18T10:01:06.00Z","2026-06-18T10:40:40.00Z","0","0"
"15851","We Were the Scenery","https://vipa.me/th/watch/we-were-the-scenery","https://assets.vipa.nexbetter.com/pictures/3/d7/5e/d75e19c8-713c-4ab8-9ca2-12f352142e12","movie","We Were the Scenery","Documentary","Investigative|Social/Political|Cultural","no_data","2026","THA","5","4","3","soundtrack","true","https://assets.vipa.nexbetter.com/pictures/3/d7/5e/d75e19c8-713c-4ab8-9ca2-12f352142e12","https://assets.vipa.nexbetter.com/pictures/3/d7/5e/d75e19c8-713c-4ab8-9ca2-12f352142e12","https://assets.vipa.nexbetter.com/pictures/3/f5/bb/f5bb4125-2911-44ff-900c-94f3687d67aa","no_data","2026-05-18T07:25:08.00Z","2026-06-11T07:48:09.00Z","0","0"
"15831","คอนเสิร์ตเพลงรักชาติ","https://vipa.me/th/watch/national-unity-concert","https://assets.vipa.nexbetter.com/pictures/3/33/03/33033289-8ba2-422f-93f6-7b35f2c48138","movie","คอนเสิร์ตเพลงรักชาติ","Variety & LifeStyle","Lifestyle Tips|Hobbies & Crafts|Cultural Programs","no_data","2026","THA","5","4","5","no_data","true","https://assets.vipa.nexbetter.com/pictures/3/33/03/33033289-8ba2-422f-93f6-7b35f2c48138","https://assets.vipa.nexbetter.com/pictures/3/33/03/33033289-8ba2-422f-93f6-7b35f2c48138","https://assets.vipa.nexbetter.com/pictures/3/e7/e2/e7e2db59-2b14-4460-8cc7-69861679d0f7","no_data","2026-05-14T05:55:27.00Z","2026-06-08T08:15:09.00Z","0","0"
"15770","บ้านเกิดของฉัน","https://vipa.me/th/watch/myterra","https://assets.vipa.nexbetter.com/pictures/3/94/44/94443e22-0f1e-4891-bd3e-4f66df1f3be7","movie","บ้านเกิดของฉัน","Documentary","Biographical|Investigative|Social/Political|Cultural","no_data","2024","THA","5","5","5","soundtrack","true","https://assets.vipa.nexbetter.com/pictures/3/94/44/94443e22-0f1e-4891-bd3e-4f66df1f3be7","https://assets.vipa.nexbetter.com/pictures/3/94/44/94443e22-0f1e-4891-bd3e-4f66df1f3be7","https://assets.vipa.nexbetter.com/pictures/3/e3/3e/e33e0b67-d5e0-427c-9cf6-8b3b3d03693e","no_data","2026-05-11T09:02:48.00Z","2026-05-21T10:14:28.00Z","0","0"
"15762","ขอพรให้โลกน่าอยู่","https://vipa.me/th/watch/wishes","https://assets.vipa.nexbetter.com/pictures/3/25/98/2598a871-8aa3-4562-9a26-f73ed8f365c5","movie","ขอพรให้โลกน่าอยู่","Kids & Family","Adventure|Drama|Nature and Wildlife","no_data","2026","THA","2","5","8","closed-caption|sign-language","true","https://assets.vipa.nexbetter.com/pictures/3/25/98/2598a871-8aa3-4562-9a26-f73ed8f365c5","https://assets.vipa.nexbetter.com/pictures/3/25/98/2598a871-8aa3-4562-9a26-f73ed8f365c5","https://assets.vipa.nexbetter.com/pictures/3/61/3e/613e2c43-de8c-4718-88d5-9b30cd6d4dad","no_data","2026-05-07T04:11:16.00Z","2026-09-01T04:47:10.00Z","0","0"
"15753","ต้องสังเวยอีกกี่เธอ ?","https://vipa.me/th/watch/nextsohee","https://assets.vipa.nexbetter.com/pictures/3/0a/eb/0aeb7825-e06f-4ef6-994b-2581ae1972f0","movie","ต้องสังเวยอีกกี่เธอ ?","Drama","Social Drama|Teen Drama","no_data","2016","THA","5","5","14","closed-caption|soundtrack","true","https://assets.vipa.nexbetter.com/pictures/3/0a/eb/0aeb7825-e06f-4ef6-994b-2581ae1972f0","https://assets.vipa.nexbetter.com/pictures/3/0a/eb/0aeb7825-e06f-4ef6-994b-2581ae1972f0","https://assets.vipa.nexbetter.com/pictures/3/9d/34/9d3452e7-fc3d-4bb1-9d58-da0d43f27454","no_data","2026-05-05T11:07:06.00Z","2026-07-16T11:12:50.00Z","0","0"
"15750","คอนเสิร์ตท่วงทำทองแห่งอัศวินภาพยนตร์","https://vipa.me/th/watch/asvinfilm-concert","https://assets.vipa.nexbetter.com/pictures/3/13/c0/13c035e5-9ecf-4220-b2c0-cd078b2560c6","movie","คอนเสิร์ตท่วงทำทองแห่งอัศวินภาพยนตร์","Variety & LifeStyle","Hobbies & Crafts|Cultural Programs","no_data","2026","THA","5","4","2","no_data","true","https://assets.vipa.nexbetter.com/pictures/3/13/c0/13c035e5-9ecf-4220-b2c0-cd078b2560c6","https://assets.vipa.nexbetter.com/pictures/3/13/c0/13c035e5-9ecf-4220-b2c0-cd078b2560c6","https://assets.vipa.nexbetter.com/pictures/3/4f/6f/4f6f857a-9068-47bc-bbde-16ea510828d5","no_data","2026-05-05T10:12:23.00Z","2026-06-01T04:12:03.00Z","0","0"
"15744","หอมสุวรรณ","https://vipa.me/th/watch/didyouseetheholethatmomdig","https://assets.vipa.nexbetter.com/pictures/3/4b/2a/4b2a0f2d-31ad-4709-b059-c180384a9eae","movie","หอมสุวรรณ","Documentary","Biographical|Investigative|Social/Political|Cultural","no_data","2023","THA","5","4","6","no_data","true","https://assets.vipa.nexbetter.com/pictures/3/4b/2a/4b2a0f2d-31ad-4709-b059-c180384a9eae","https://assets.vipa.nexbetter.com/pictures/3/4b/2a/4b2a0f2d-31ad-4709-b059-c180384a9eae","https://assets.vipa.nexbetter.com/pictures/3/62/d3/62d3bf23-5869-43bf-9e7e-5124affb4c36","no_data","2026-05-05T03:09:38.00Z","2026-05-21T10:15:05.00Z","0","0"
"15694","ไมน์ บูค หนังสือของฉัน","https://vipa.me/th/watch/mein-buch","https://assets.vipa.nexbetter.com/pictures/3/7e/f6/7ef6ac5b-2fbe-4340-acf1-d1314de06168","movie","ไมน์ บูค หนังสือของฉัน","Documentary","Biographical|Social/Political|Cultural|Investigative","no_data","2023","THA","5","4","2","soundtrack","true","https://assets.vipa.nexbetter.com/pictures/3/7e/f6/7ef6ac5b-2fbe-4340-acf1-d1314de06168","https://assets.vipa.nexbetter.com/pictures/3/7e/f6/7ef6ac5b-2fbe-4340-acf1-d1314de06168","https://assets.vipa.nexbetter.com/pictures/3/b0/ef/b0efaa1b-b1c7-40bd-9634-36ecda88dde5","no_data","2026-04-27T10:33:31.00Z","2026-05-14T10:49:10.00Z","0","0"
"15629","วิญญาณพเนจร","https://vipa.me/th/watch/pagirnis","https://assets.vipa.nexbetter.com/pictures/3/cc/1b/cc1b15de-3b64-4d79-8b38-8feace1f2fa1","movie","วิญญาณพเนจร","Documentary","Investigative|Social/Political|Cultural","no_data","2021","THA","5","4","4","soundtrack","true","https://assets.vipa.nexbetter.com/pictures/3/cc/1b/cc1b15de-3b64-4d79-8b38-8feace1f2fa1","https://assets.vipa.nexbetter.com/pictures/3/cc/1b/cc1b15de-3b64-4d79-8b38-8feace1f2fa1","https://assets.vipa.nexbetter.com/pictures/3/0b/a1/0ba1d907-e115-40f9-9922-9da50f289180","no_data","2026-04-21T07:20:35.00Z","2026-05-11T09:19:59.00Z","0","0"
"15623","ซัลมานอยากไป","https://vipa.me/th/watch/salman-want-to-go","https://assets.vipa.nexbetter.com/pictures/3/a3/41/a341b868-4f26-44b4-9a6d-7cdf9ea76f5b","movie","ซัลมานอยากไป","Documentary","Biographical|Investigative|Social/Political|Cultural","no_data","2025","THA","5","4","4","soundtrack","true","https://assets.vipa.nexbetter.com/pictures/3/a3/41/a341b868-4f26-44b4-9a6d-7cdf9ea76f5b","https://assets.vipa.nexbetter.com/pictures/3/a3/41/a341b868-4f26-44b4-9a6d-7cdf9ea76f5b","https://assets.vipa.nexbetter.com/pictures/3/18/15/18154b4b-380f-4b3c-803c-d8a853f335a3","no_data","2026-04-10T10:54:58.00Z","2026-05-11T09:19:24.00Z","0","0"
"15567","นิรันดร์กาล","https://vipa.me/th/watch/last-forever","https://assets.vipa.nexbetter.com/pictures/3/a6/42/a642fc0d-1a20-462e-afee-eda09e59f2c4","movie","นิรันดร์กาล","Documentary","Biographical|Social/Political|Cultural","no_data","2026","THA","5","4","4","no_data","true","https://assets.vipa.nexbetter.com/pictures/3/a6/42/a642fc0d-1a20-462e-afee-eda09e59f2c4","https://assets.vipa.nexbetter.com/pictures/3/a6/42/a642fc0d-1a20-462e-afee-eda09e59f2c4","https://assets.vipa.nexbetter.com/pictures/3/f3/41/f3410efa-8eed-48a2-973b-6b2cf748bf9a","no_data","2026-04-03T10:39:09.00Z","2026-05-05T03:17:31.00Z","0","0"
"15552","พระเจ้าช้างเผือก","https://vipa.me/th/watch/the-king-of-the-white-elephant","https://assets.vipa.nexbetter.com/pictures/3/c5/a6/c5a6c21f-34e0-4c0e-81c1-5c6219b905f7","movie","พระเจ้าช้างเผือก","Drama","Historical Drama|Social Drama|Docudrama","no_data","1941","THA","5","5","4","closed-caption","true","https://assets.vipa.nexbetter.com/pictures/3/c5/a6/c5a6c21f-34e0-4c0e-81c1-5c6219b905f7","https://assets.vipa.nexbetter.com/pictures/3/c5/a6/c5a6c21f-34e0-4c0e-81c1-5c6219b905f7","https://assets.vipa.nexbetter.com/pictures/3/91/26/9126b3c8-5124-4e22-94f4-58069803feab","no_data","2026-04-02T03:36:01.00Z","2026-05-07T07:27:58.00Z","0","0"
"15550","สันติ-วีณา","https://vipa.me/th/watch/santi-vina","https://assets.vipa.nexbetter.com/pictures/3/dd/4a/dd4a15bc-2649-483e-a5f7-7742e7dda37e","movie","สันติ-วีณา","Drama","Romantic Drama|Family Drama|Social Drama","no_data","1954","THA","5","4","17","closed-caption|sign-language","true","https://assets.vipa.nexbetter.com/pictures/3/dd/4a/dd4a15bc-2649-483e-a5f7-7742e7dda37e","https://assets.vipa.nexbetter.com/pictures/3/dd/4a/dd4a15bc-2649-483e-a5f7-7742e7dda37e","https://assets.vipa.nexbetter.com/pictures/3/01/0c/010c45bd-be89-42fa-b92e-60c5f35ac23c","Poonpan Rangkhavorn|Rayvadi Sriwilai","2026-04-01T03:47:18.00Z","2026-08-21T04:14:38.00Z","0","0"
"15547","ไอพิษ, พฤกษา, ภาพวาดส่งออก","https://vipa.me/th/watch/miasma-plants-exportpaintings","https://assets.vipa.nexbetter.com/pictures/3/22/76/22760716-d9db-496c-8fe3-64de667bf612","movie","ไอพิษ, พฤกษา, ภาพวาดส่งออก","Documentary","Historical|Social/Political|Cultural","no_data","2017","THA","1","5","4","soundtrack","true","https://assets.vipa.nexbetter.com/pictures/3/22/76/22760716-d9db-496c-8fe3-64de667bf612","https://assets.vipa.nexbetter.com/pictures/3/22/76/22760716-d9db-496c-8fe3-64de667bf612","https://assets.vipa.nexbetter.com/pictures/3/25/2c/252cd645-3941-42a0-b1c9-76afe264e693","no_data","2026-03-30T07:16:40.00Z","2026-04-21T07:44:15.00Z","0","0"
"15525","ในรังไหมสีชมพู","https://vipa.me/th/watch/about-the-pink-cocoon","https://assets.vipa.nexbetter.com/pictures/3/fb/f6/fbf6c8c5-afb1-44c2-a160-b14d68335eec","movie","ในรังไหมสีชมพู","Documentary","Biographical|Social/Political|Cultural","no_data","2025","THA","5","4","7","soundtrack","true","https://assets.vipa.nexbetter.com/pictures/3/fb/f6/fbf6c8c5-afb1-44c2-a160-b14d68335eec","https://assets.vipa.nexbetter.com/pictures/3/fb/f6/fbf6c8c5-afb1-44c2-a160-b14d68335eec","https://assets.vipa.nexbetter.com/pictures/3/6f/31/6f31b19b-ea89-49b7-b23d-dba8e0fdefbe","no_data","2026-03-23T04:42:54.00Z","2026-04-21T07:43:45.00Z","0","0"
"15463","การมอดไหม้ (ของโลกใบที่สอง)","https://vipa.me/th/watch/burning-of-planetb","https://assets.vipa.nexbetter.com/pictures/3/b4/85/b4859c3a-98c3-491b-bf2e-632cd38838cc","movie","การมอดไหม้ (ของโลกใบที่สอง)","Documentary","Historical|Social/Political|Cultural","no_data","2025","THA","5","5","2","soundtrack","true","https://assets.vipa.nexbetter.com/pictures/3/b4/85/b4859c3a-98c3-491b-bf2e-632cd38838cc","https://assets.vipa.nexbetter.com/pictures/3/b4/85/b4859c3a-98c3-491b-bf2e-632cd38838cc","https://assets.vipa.nexbetter.com/pictures/3/82/f2/82f2cf6d-1f85-4cda-a129-2586d6985e5c","no_data","2026-03-16T07:05:36.00Z","2026-04-03T10:45:22.00Z","0","0"
"15446","ผำ พืชแห่งอนาคต","https://vipa.me/th/watch/wolffia","https://assets.vipa.nexbetter.com/pictures/3/d4/db/d4db7679-2ea1-4de9-be42-891bc2479f03","movie","ผำ พืชแห่งอนาคต","Food & Travel","Food Documentaries|Food Travel Shows|Food and Culture","no_data","2026","THA","5","4","12","closed-caption|sign-language","true","https://assets.vipa.nexbetter.com/pictures/3/d4/db/d4db7679-2ea1-4de9-be42-891bc2479f03","https://assets.vipa.nexbetter.com/pictures/3/d4/db/d4db7679-2ea1-4de9-be42-891bc2479f03","https://assets.vipa.nexbetter.com/pictures/3/7c/ac/7cac5220-e0f6-4a13-a6cf-78919ca0dff1","no_data","2026-03-11T08:19:46.00Z","2026-08-21T03:11:30.00Z","0","0"
"15429","แด่ผู้ที่ไม่ถูกจดจำ","https://vipa.me/th/watch/on-the-tenderness-of-men","https://assets.vipa.nexbetter.com/pictures/3/48/c6/48c619ea-5b38-4399-a3af-f06e12159590","movie","แด่ผู้ที่ไม่ถูกจดจำ","Documentary","Historical|Social/Political|Cultural","no_data","2024","THA","5","5","2","soundtrack","true","https://assets.vipa.nexbetter.com/pictures/3/48/c6/48c619ea-5b38-4399-a3af-f06e12159590","https://assets.vipa.nexbetter.com/pictures/3/48/c6/48c619ea-5b38-4399-a3af-f06e12159590","https://assets.vipa.nexbetter.com/pictures/3/97/47/97478d47-b6c6-4766-bd57-529bd6b1bef7","no_data","2026-03-09T04:13:48.00Z","2026-04-03T10:44:54.00Z","0","0"
"15387","ไดอะรีเมืองอานชาน","https://vipa.me/th/watch/anshan-diaries","https://assets.vipa.nexbetter.com/pictures/3/df/20/df2072a5-8156-4e62-b090-f1e4cbefec44","movie","ไดอะรีเมืองอานชาน","Documentary","Historical|Biographical|Social/Political|Cultural","no_data","2021","THA","5","4","7","soundtrack","true","https://assets.vipa.nexbetter.com/pictures/3/df/20/df2072a5-8156-4e62-b090-f1e4cbefec44","https://assets.vipa.nexbetter.com/pictures/3/df/20/df2072a5-8156-4e62-b090-f1e4cbefec44","https://assets.vipa.nexbetter.com/pictures/3/75/b5/75b54c5b-2ecf-4e1f-884e-de5090cd8a35","no_data","2026-03-02T03:13:27.00Z","2026-03-27T08:47:03.00Z","0","0"
"15346","เสียงสะท้อนจากคราบสนิม","https://vipa.me/th/watch/the-echoes-of-rust","https://assets.vipa.nexbetter.com/pictures/3/be/62/be6282b0-0f66-46ab-8a64-539247d30436","movie","เสียงสะท้อนจากคราบสนิม","Documentary","Social/Political|Cultural","no_data","2026","THA","5","5","8","soundtrack","true","https://assets.vipa.nexbetter.com/pictures/3/be/62/be6282b0-0f66-46ab-8a64-539247d30436","https://assets.vipa.nexbetter.com/pictures/3/be/62/be6282b0-0f66-46ab-8a64-539247d30436","https://assets.vipa.nexbetter.com/pictures/3/18/99/189911cc-540a-49f4-bfb5-c32c4583efea","no_data","2026-02-23T07:59:25.00Z","2026-03-27T08:46:32.00Z","0","0"
"15338","Homes for Hornbills","https://vipa.me/th/watch/homes-for-hornbills","https://assets.vipa.nexbetter.com/pictures/3/02/b8/02b824f0-38d7-4977-b354-71ad6de23e73","movie","Homes for Hornbills","Documentary","Nature/Environmental|Social/Political|Cultural","no_data","2026","THA","5","4","13","closed-caption","true","https://assets.vipa.nexbetter.com/pictures/3/02/b8/02b824f0-38d7-4977-b354-71ad6de23e73","https://assets.vipa.nexbetter.com/pictures/3/02/b8/02b824f0-38d7-4977-b354-71ad6de23e73","https://assets.vipa.nexbetter.com/pictures/3/ef/f5/eff5b34a-17cb-41c8-a725-b1191a8a0ce7","no_data","2026-02-18T09:01:02.00Z","2026-07-20T03:37:14.00Z","0","0"
"15325","บทสนทนากับพระวิญญาณ","https://vipa.me/th/watch/holy-ghost-conversation","https://assets.vipa.nexbetter.com/pictures/3/a2/50/a250eca7-62b0-4a26-9141-0c4de1e75b5b","movie","บทสนทนากับพระวิญญาณ","Documentary","Biographical|Investigative|Social/Political|Cultural","no_data","2024","THA","5","5","6","soundtrack","true","https://assets.vipa.nexbetter.com/pictures/3/a2/50/a250eca7-62b0-4a26-9141-0c4de1e75b5b","https://assets.vipa.nexbetter.com/pictures/3/a2/50/a250eca7-62b0-4a26-9141-0c4de1e75b5b","https://assets.vipa.nexbetter.com/pictures/3/ea/c2/eac2c77b-9436-4089-9b87-2675d161e2ea","no_data","2026-02-16T07:44:49.00Z","2026-03-06T08:31:07.00Z","0","0"
"15259","บูดาเปสต์ ไซโล","https://vipa.me/th/watch/budapest-silo","https://assets.vipa.nexbetter.com/pictures/3/bc/e0/bce03f20-523e-4911-9547-597d6b812217","movie","บูดาเปสต์ ไซโล","Documentary","Social/Political|Cultural","no_data","2022","THA","5","4","6","soundtrack","true","https://assets.vipa.nexbetter.com/pictures/3/bc/e0/bce03f20-523e-4911-9547-597d6b812217","https://assets.vipa.nexbetter.com/pictures/3/bc/e0/bce03f20-523e-4911-9547-597d6b812217","https://assets.vipa.nexbetter.com/pictures/3/13/80/1380337d-40e9-4c48-92b4-6b56e1ec0907","no_data","2026-02-09T08:11:16.00Z","2026-03-16T07:27:04.00Z","0","0"
"15258","VIPA Family","https://vipa.me/th/watch/vipa-family","https://assets.vipa.nexbetter.com/pictures/3/cd/ef/cdef91e6-d021-4b3f-a0d9-c739cfa1ab36","movie","VIPA Family","Variety & LifeStyle","Lifestyle Tips","no_data","2026","THA","5","5","3","no_data","true","no_data","no_data","https://assets.vipa.nexbetter.com/pictures/3/cd/ef/cdef91e6-d021-4b3f-a0d9-c739cfa1ab36","no_data","2026-02-06T10:07:27.00Z","2026-02-06T10:36:50.00Z","0","0"
"15232","สิ่งลับเร้นวันโลกสร้าง","https://vipa.me/th/watch/things-hidden-since-the-foundation-of-the-world","https://assets.vipa.nexbetter.com/pictures/3/68/c9/68c9f261-49fb-4a06-b942-761adc178e9b","movie","สิ่งลับเร้นวันโลกสร้าง","Documentary","Social/Political|Cultural","no_data","2025","THA","5","4","6","soundtrack","true","https://assets.vipa.nexbetter.com/pictures/3/68/c9/68c9f261-49fb-4a06-b942-761adc178e9b","https://assets.vipa.nexbetter.com/pictures/3/68/c9/68c9f261-49fb-4a06-b942-761adc178e9b","https://assets.vipa.nexbetter.com/pictures/3/46/5e/465e27b5-b22a-40c2-9f5b-6321348c4fdd","no_data","2026-02-02T10:38:38.00Z","2026-03-02T03:22:46.00Z","0","0"
"15231","นครแห่งกวี","https://vipa.me/th/watch/city-of-poets","https://assets.vipa.nexbetter.com/pictures/3/09/0c/090c2e8e-0233-469a-972b-bf5456fe456d","movie","นครแห่งกวี","Documentary","Social/Political|Cultural","no_data","2024","THA","5","5","3","soundtrack","true","https://assets.vipa.nexbetter.com/pictures/3/09/0c/090c2e8e-0233-469a-972b-bf5456fe456d","https://assets.vipa.nexbetter.com/pictures/3/09/0c/090c2e8e-0233-469a-972b-bf5456fe456d","https://assets.vipa.nexbetter.com/pictures/3/05/6a/056a933b-3c10-4ee5-a5e2-5dbf806e86ef","no_data","2026-02-02T10:21:55.00Z","2026-03-02T03:24:10.00Z","0","0"
"15230","บาดแผล","https://vipa.me/th/watch/wounds","https://assets.vipa.nexbetter.com/pictures/3/77/62/7762b5dc-7b04-4b43-a849-b0267ea67f1d","movie","บาดแผล","Documentary","Social/Political|Cultural","no_data","2024","THA","5","3","3","soundtrack","true","https://assets.vipa.nexbetter.com/pictures/3/77/62/7762b5dc-7b04-4b43-a849-b0267ea67f1d","https://assets.vipa.nexbetter.com/pictures/3/77/62/7762b5dc-7b04-4b43-a849-b0267ea67f1d","https://assets.vipa.nexbetter.com/pictures/3/23/cf/23cf4d57-814d-4d79-9a9c-015484a507c1","no_data","2026-02-02T09:58:11.00Z","2026-03-02T03:23:13.00Z","0","0"
"15229","บ้านหลังนี้ยังมีเธอ","https://vipa.me/th/watch/the-silence-of-the-banana-trees","https://assets.vipa.nexbetter.com/pictures/3/2a/0e/2a0e936b-0c9b-4ac5-ba43-bc22caaf810c","movie","บ้านหลังนี้ยังมีเธอ","Documentary","Social/Political|Cultural","no_data","2022","THA","5","5","3","soundtrack","true","https://assets.vipa.nexbetter.com/pictures/3/2a/0e/2a0e936b-0c9b-4ac5-ba43-bc22caaf810c","https://assets.vipa.nexbetter.com/pictures/3/2a/0e/2a0e936b-0c9b-4ac5-ba43-bc22caaf810c","https://assets.vipa.nexbetter.com/pictures/3/f5/0f/f50f0c47-6d9d-4c89-b340-e3f67f902c99","no_data","2026-02-02T09:22:48.00Z","2026-03-02T03:23:41.00Z","0","0"
"15228","รอยเท้าล่องหนบนผืนทราย","https://vipa.me/th/watch/the-footprints-of-the-invisible-man-walking-on-the-sand","https://assets.vipa.nexbetter.com/pictures/3/b9/55/b955c9d9-9401-4b24-8cfd-4ec44051a271","movie","รอยเท้าล่องหนบนผืนทราย","Documentary","Social/Political|Social/Political","no_data","2024","THA","5","4","5","soundtrack","true","https://assets.vipa.nexbetter.com/pictures/3/b9/55/b955c9d9-9401-4b24-8cfd-4ec44051a271","https://assets.vipa.nexbetter.com/pictures/3/b9/55/b955c9d9-9401-4b24-8cfd-4ec44051a271","https://assets.vipa.nexbetter.com/pictures/3/93/c4/93c4d03b-d734-4ce5-b48b-82194af4321d","no_data","2026-02-02T08:38:23.00Z","2026-03-02T03:22:17.00Z","0","0"
"15099","มนุษย์แม่ (Big Sign)","https://vipa.me/th/watch/motherhood-big-sign","https://assets.vipa.nexbetter.com/pictures/3/c6/df/c6dfac2f-af55-4e8e-a16a-7a3e49f268d7","movie","มนุษย์แม่ (Big Sign)","Drama","Family Drama|Social Drama","no_data","2022","THA","5","3","2","sign-language|closed-caption","true","https://assets.vipa.nexbetter.com/pictures/3/c6/df/c6dfac2f-af55-4e8e-a16a-7a3e49f268d7","https://assets.vipa.nexbetter.com/pictures/3/c6/df/c6dfac2f-af55-4e8e-a16a-7a3e49f268d7","https://assets.vipa.nexbetter.com/files/3/95/21/952178e5-aab0-4f74-8d7c-5258a15e72fe","Sarocha Watittapan|Parada Thitawachira","2026-01-13T08:58:38.00Z","2026-05-06T05:31:02.00Z","0","0"
"15098","ฒ ผู้เฒ่า (Big Sign)","https://vipa.me/th/watch/the-last-light-big-sign","https://assets.vipa.nexbetter.com/pictures/3/00/65/006596bd-f776-4199-bb3f-281cecb52775","movie","ฒ ผู้เฒ่า (Big Sign)","Drama","Family Drama|Social Drama|Docudrama","no_data","2025","THA","5","4","5","4k|sign-language|closed-caption","true","https://assets.vipa.nexbetter.com/pictures/3/00/65/006596bd-f776-4199-bb3f-281cecb52775","https://assets.vipa.nexbetter.com/pictures/3/00/65/006596bd-f776-4199-bb3f-281cecb52775","https://assets.vipa.nexbetter.com/pictures/3/a0/84/a0845302-aa3d-4751-b30f-de0e329e1ba9","no_data","2026-01-13T08:29:50.00Z","2026-05-06T05:16:46.00Z","0","0"
"15097","นักรบผ้าถุง เริน เล และแสงตุหวัน (Big Sign)","https://vipa.me/th/watch/sarong-warrior-big-sign","https://assets.vipa.nexbetter.com/pictures/3/8d/7b/8d7bd5d4-283b-4bb0-8ca8-c75622d10d8d","movie","นักรบผ้าถุง เริน เล และแสงตุหวัน (Big Sign)","Documentary","Cultural|Social/Political","no_data","2025","THA","5","5","1","sign-language|closed-caption|audio-description","true","https://assets.vipa.nexbetter.com/pictures/3/8d/7b/8d7bd5d4-283b-4bb0-8ca8-c75622d10d8d","https://assets.vipa.nexbetter.com/pictures/3/8d/7b/8d7bd5d4-283b-4bb0-8ca8-c75622d10d8d","https://assets.vipa.nexbetter.com/pictures/3/87/9c/879c6850-44ee-45cd-bd3c-6c8b6615750d","no_data","2026-01-13T08:12:53.00Z","2026-05-11T07:36:32.00Z","0","0"
"15096","ตำราพาลำ (Big Sign)","https://vipa.me/th/watch/if-you-can-dream-big-sign","https://assets.vipa.nexbetter.com/pictures/3/ca/c5/cac576f9-b61b-4624-a860-7845b731befe","movie","ตำราพาลำ (Big Sign)","Documentary","Cultural","no_data","2025","THA","5","5","1","sign-language|closed-caption|audio-description","true","https://assets.vipa.nexbetter.com/pictures/3/ca/c5/cac576f9-b61b-4624-a860-7845b731befe","https://assets.vipa.nexbetter.com/pictures/3/ca/c5/cac576f9-b61b-4624-a860-7845b731befe","https://assets.vipa.nexbetter.com/pictures/3/51/85/51855e2a-2d16-49a2-925c-71ca01c83638","no_data","2026-01-13T07:45:00.00Z","2026-05-06T05:29:06.00Z","0","0"
"15095","ร้องลำ ทำงาน (Big Sign)","https://vipa.me/th/watch/the-mhor-lum-story-big-sign","https://assets.vipa.nexbetter.com/pictures/3/ce/25/ce25b0f9-0d50-47a5-9605-6ee5c7734c0e","movie","ร้องลำ ทำงาน (Big Sign)","Documentary","Cultural","no_data","2025","THA","5","5","2","sign-language|closed-caption|audio-description","true","https://assets.vipa.nexbetter.com/pictures/3/ce/25/ce25b0f9-0d50-47a5-9605-6ee5c7734c0e","https://assets.vipa.nexbetter.com/pictures/3/ce/25/ce25b0f9-0d50-47a5-9605-6ee5c7734c0e","https://assets.vipa.nexbetter.com/pictures/3/28/85/2885c6b2-994e-497c-9b62-0bd70402f14b","no_data","2026-01-13T07:23:31.00Z","2026-05-06T05:27:15.00Z","0","0"
"15083","Allihopa: The Dalkurd Story","https://vipa.me/th/watch/allihopa-the-dalkurd-story","https://assets.vipa.nexbetter.com/pictures/3/01/98/019859f5-4d30-467e-8b47-9a978eeb38b1","movie","Allihopa: The Dalkurd Story","Documentary","Historical|Biographical|Social/Political|Cultural","no_data","2024","THA","5","4","8","closed-caption|soundtrack","true","https://assets.vipa.nexbetter.com/pictures/3/01/98/019859f5-4d30-467e-8b47-9a978eeb38b1","https://assets.vipa.nexbetter.com/pictures/3/01/98/019859f5-4d30-467e-8b47-9a978eeb38b1","https://assets.vipa.nexbetter.com/pictures/3/50/65/5065bdda-2f90-4ac3-ab5f-e11d2864364d","no_data","2026-01-08T07:31:32.00Z","2026-02-09T10:01:15.00Z","0","0"
"14911","Nature Symphony","https://vipa.me/th/watch/nature-symphony","https://assets.vipa.nexbetter.com/pictures/3/03/bb/03bb2b7e-e053-49c9-892f-954ef07dfe7a","movie","Nature Symphony","Documentary","Nature/Environmental|Cultural","no_data","2019","THA","5","4","6","soundtrack","true","https://assets.vipa.nexbetter.com/pictures/3/b1/af/b1af19dd-a7b1-4744-b247-96ae6730ed2d","https://assets.vipa.nexbetter.com/pictures/3/03/bb/03bb2b7e-e053-49c9-892f-954ef07dfe7a","https://assets.vipa.nexbetter.com/pictures/3/61/03/610386d8-9547-46ee-b62f-fd7165cd1395","no_data","2025-12-08T08:04:15.00Z","2026-04-03T10:08:42.00Z","0","0"
"14910","Between the Rains","https://vipa.me/th/watch/between-the-rains","https://assets.vipa.nexbetter.com/pictures/3/3c/78/3c78e5cd-3e8b-4edb-bbae-658068220f95","movie","Between the Rains","Documentary","Nature/Environmental|Social/Political|Cultural","no_data","2023","THA","5","4","2","closed-caption|soundtrack","true","https://assets.vipa.nexbetter.com/pictures/3/3c/78/3c78e5cd-3e8b-4edb-bbae-658068220f95","https://assets.vipa.nexbetter.com/pictures/3/3c/78/3c78e5cd-3e8b-4edb-bbae-658068220f95","https://assets.vipa.nexbetter.com/pictures/3/fd/09/fd09d201-8e10-4fde-b1c9-a9ab68476733","no_data","2025-12-08T07:27:25.00Z","2025-12-08T07:49:11.00Z","0","0"
"14679","Black Box Diaries","https://vipa.me/th/watch/black-box-diaries","https://assets.vipa.nexbetter.com/pictures/3/fe/0c/fe0c2b28-6209-4473-8ec6-8f9af3af7a10","movie","Black Box Diaries","Documentary","Biographical|Investigative|Social/Political|Cultural","no_data","2024","THA","5","4","11","closed-caption|soundtrack","true","https://assets.vipa.nexbetter.com/pictures/3/fe/0c/fe0c2b28-6209-4473-8ec6-8f9af3af7a10","https://assets.vipa.nexbetter.com/pictures/3/fe/0c/fe0c2b28-6209-4473-8ec6-8f9af3af7a10","https://assets.vipa.nexbetter.com/pictures/3/30/35/30351b5b-2a5a-493a-9735-d5ab948f1211","no_data","2025-11-07T04:18:56.00Z","2026-02-05T09:35:18.00Z","0","0"
"14636","ไขปริศนาหลังจอ...เบื้องหลังยอดนักสืบจิ๋วโคนัน","https://vipa.me/th/watch/behind-the-scenes-detective-conan","https://assets.vipa.nexbetter.com/pictures/3/13/66/1366e284-fe8b-456c-b781-4e2155524dcc","movie","ไขปริศนาหลังจอ...เบื้องหลังยอดนักสืบจิ๋วโคนัน","Documentary","Investigative|Cultural|Historical|Biographical","no_data","2025","THA","5","4","18","soundtrack","true","https://assets.vipa.nexbetter.com/pictures/3/13/66/1366e284-fe8b-456c-b781-4e2155524dcc","https://assets.vipa.nexbetter.com/pictures/3/13/66/1366e284-fe8b-456c-b781-4e2155524dcc","https://assets.vipa.nexbetter.com/pictures/3/81/51/81515bee-5385-47db-b409-4144c289426b","no_data","2025-11-03T09:04:05.00Z","2026-01-29T07:51:24.00Z","0","0"
"14449","Johatsu: Into Thin Air","https://vipa.me/th/watch/johatsu","https://assets.vipa.nexbetter.com/pictures/3/7a/0c/7a0cb974-0764-4966-95c1-8da235ea193d","movie","Johatsu: Into Thin Air","Documentary","Social/Political|Cultural","no_data","2024","THA","5","4","12","closed-caption|soundtrack","true","https://assets.vipa.nexbetter.com/pictures/3/bc/25/bc2577ee-e4ea-472b-871e-5566aece554a","https://assets.vipa.nexbetter.com/pictures/3/7a/0c/7a0cb974-0764-4966-95c1-8da235ea193d","https://assets.vipa.nexbetter.com/pictures/3/43/72/43722b6e-64e6-4ccd-a6d9-43468837a8ab","no_data","2025-10-07T08:20:47.00Z","2026-09-14T08:56:44.00Z","0","0"
"14448","Cow","https://vipa.me/th/watch/cow","https://assets.vipa.nexbetter.com/pictures/3/f4/a8/f4a8bdea-7b4c-494f-adee-8604ec9b68b3","movie","Cow","Documentary","Nature/Environmental|Social/Political","no_data","2021","THA","5","5","9","closed-caption|soundtrack","true","https://assets.vipa.nexbetter.com/pictures/3/45/f4/45f42ea5-e977-40bc-a0ce-120aa95b3b88","https://assets.vipa.nexbetter.com/pictures/3/f4/a8/f4a8bdea-7b4c-494f-adee-8604ec9b68b3","https://assets.vipa.nexbetter.com/pictures/3/6a/d9/6ad9e979-d9aa-46ea-958d-660b1b8f6c7b","no_data","2025-10-07T08:14:14.00Z","2026-09-14T08:56:36.00Z","0","0"
"14432","ฒ ผู้เฒ่า","https://vipa.me/th/watch/the-last-light","https://assets.vipa.nexbetter.com/pictures/3/00/65/006596bd-f776-4199-bb3f-281cecb52775","movie","ฒ ผู้เฒ่า","Drama","Family Drama|Social Drama|Docudrama","no_data","2025","THA","5","3","113","4k|closed-caption|sign-language","true","https://assets.vipa.nexbetter.com/pictures/3/00/65/006596bd-f776-4199-bb3f-281cecb52775","https://assets.vipa.nexbetter.com/pictures/3/00/65/006596bd-f776-4199-bb3f-281cecb52775","https://assets.vipa.nexbetter.com/pictures/3/a0/84/a0845302-aa3d-4751-b30f-de0e329e1ba9","Seeda Puapimon|Thanongsak  Suphakan|Paweena Chariffskul","2025-10-01T03:42:14.00Z","2026-09-11T09:21:38.00Z","0","0"
"14379","ศรีเทพ อารยธรรมแห่งสุริยะเทพที่ไม่เคยดับ","https://vipa.me/th/watch/sithep","https://assets.vipa.nexbetter.com/pictures/3/8a/cf/8acfbb12-1493-4605-b7e0-ebfb13c71ed8","movie","ศรีเทพ อารยธรรมแห่งสุริยะเทพที่ไม่เคยดับ","Documentary","Historical|Social/Political|Cultural","no_data","2025","THA","5","5","11","closed-caption|4k","true","https://assets.vipa.nexbetter.com/pictures/3/84/63/8463f6de-c56f-4c14-a4ca-325e555714c3","https://assets.vipa.nexbetter.com/pictures/3/8a/cf/8acfbb12-1493-4605-b7e0-ebfb13c71ed8","https://assets.vipa.nexbetter.com/pictures/3/ac/ed/aced78f1-4d0a-4316-aa94-32de1c8387ae","no_data","2025-09-18T07:01:27.00Z","2026-08-18T07:53:34.00Z","0","0"
"14346","US, Our Pets and The War","https://vipa.me/th/watch/us-our-pets-and-the-war","https://assets.vipa.nexbetter.com/pictures/3/13/14/13144f01-00b2-4b32-8caa-182215dc62df","movie","US, Our Pets and The War","Documentary","Social/Political|Cultural","no_data","2025","THA","5","1","1","closed-caption|soundtrack","true","https://assets.vipa.nexbetter.com/pictures/3/f7/35/f735f81a-89cb-4a6e-93e0-e7ee44953c91","https://assets.vipa.nexbetter.com/pictures/3/13/14/13144f01-00b2-4b32-8caa-182215dc62df","https://assets.vipa.nexbetter.com/pictures/3/9c/83/9c83ffc6-0ca4-4f8f-a80f-9841c9f6ac8c","no_data","2025-09-11T10:03:32.00Z","2026-08-18T07:52:40.00Z","0","0"
"14341","Favoriten","https://vipa.me/th/watch/favoriten","https://assets.vipa.nexbetter.com/pictures/3/00/df/00df2f79-5136-4200-99c1-cfeadf2f634f","movie","Favoriten","Documentary","Social/Political|Cultural","no_data","2024","THA","5","5","6","closed-caption|soundtrack","true","https://assets.vipa.nexbetter.com/pictures/3/05/ed/05edc1e6-3993-42c6-b1c6-aef4998c0455","https://assets.vipa.nexbetter.com/pictures/3/00/df/00df2f79-5136-4200-99c1-cfeadf2f634f","https://assets.vipa.nexbetter.com/pictures/3/04/98/0498d2bf-4dc3-41b5-8aaa-150757bb3392","no_data","2025-09-10T10:34:05.00Z","2026-08-18T07:51:51.00Z","0","0"
"14264","The Sixty ปีที่ 60 ของชีวิต (Big Sign)","https://vipa.me/th/watch/thesixty-bigsign","https://assets.vipa.nexbetter.com/pictures/3/d6/19/d6195e5f-db81-4d1a-9fc2-0bafbd4fb6f7","movie","The Sixty ปีที่ 60 ของชีวิต (Big Sign)","Documentary","Biographical|Social/Political|Cultural","no_data","2024","THA","5","5","1","sign-language","true","https://assets.vipa.nexbetter.com/pictures/3/d6/19/d6195e5f-db81-4d1a-9fc2-0bafbd4fb6f7","https://assets.vipa.nexbetter.com/pictures/3/d6/19/d6195e5f-db81-4d1a-9fc2-0bafbd4fb6f7","https://assets.vipa.nexbetter.com/files/3/5c/c3/5cc37918-9388-409a-85f1-ffa2268f4eee","no_data","2025-09-03T09:22:45.00Z","2026-05-06T07:06:55.00Z","0","0"
"14058","No Other Land","https://vipa.me/th/watch/no-other-land","https://assets.vipa.nexbetter.com/pictures/3/e3/80/e3804bac-3974-4f93-b899-85935e951760","movie","No Other Land","Documentary","Investigative|Historical|Social/Political|Cultural","No Other Land|no|other|land|สงคราม|อิสราเอล|ปาเลสไตน์|ยิว|สารคดี|รางวัล|ออสการ์|รางวัลออสการ์|บาเซล อัดรา|นักข่าว|นักเคลื่อนไหว|ทหาร|รัฐบาล|การเมือง|สังคม|หมู่บ้าน|ชาวบ้าน|ยูวาล|มิตรภาพ|ความขัดแย้ง|ความไม่เท่าเทียม|ไม่เท่าเทียม|นักกิจกรรม|ความยุติธรรม|ยุติธรรม|สารคดี|documentary|documentary club|doc club","2024","THA","5","4","19","closed-caption|soundtrack","true","https://assets.vipa.nexbetter.com/pictures/3/63/5b/635b2a15-d2a5-4029-91fc-485ca5e13c00","https://assets.vipa.nexbetter.com/pictures/3/e3/80/e3804bac-3974-4f93-b899-85935e951760","https://assets.vipa.nexbetter.com/pictures/3/84/4c/844c5b1e-1ee9-4d91-919c-82385565fafb","no_data","2025-08-14T03:37:55.00Z","2026-07-10T08:19:19.00Z","0","0"
"14057","Invisible Demons","https://vipa.me/th/watch/invisible-demons","https://assets.vipa.nexbetter.com/pictures/3/b4/b5/b4b5113b-f3ac-48f1-b625-c6a4f980c598","movie","Invisible Demons","Documentary","Nature/Environmental|Social/Political|Cultural","Invisible Demons|Invisible|Demons|อากาศ|สภาพอากาศ|หายใจ|น้ำดื่ม|โลกร้อน|วิกฤต|อินเดีย|เดลี|india|deli|สังคม|ชีวิต|ชาวบ้าน|ผู้คน|หมู่บ้าน|โลก|ผลกระทบ|ภูมิอากาศ|เดม่อน|อินวิซิเบิล|machines|สารคดี|documentary|documentary club|doc club","2021","THA","5","4","7","closed-caption|soundtrack","true","https://assets.vipa.nexbetter.com/pictures/3/00/a7/00a7092a-d15d-4886-9149-e49d183ed322","https://assets.vipa.nexbetter.com/pictures/3/b4/b5/b4b5113b-f3ac-48f1-b625-c6a4f980c598","https://assets.vipa.nexbetter.com/pictures/3/8d/23/8d232f72-af93-4cd3-be2f-3d990093c017","no_data","2025-08-14T03:34:38.00Z","2026-07-10T08:18:02.00Z","0","0"
"13960","มนตราล้านนา เรื่อง ม้าขี่ (Big Sign)","https://vipa.me/th/watch/13960","https://assets.vipa.nexbetter.com/files/3/64/65/64654439-6338-4c31-8abd-a0c93af343aa","movie","มนตราล้านนา เรื่อง ม้าขี่ (Big Sign)","Documentary","Social/Political|Cultural","no_data","2025","THA","5","0","0","sign-language|closed-caption|audio-description","true","https://assets.vipa.nexbetter.com/files/3/64/65/64654439-6338-4c31-8abd-a0c93af343aa","https://assets.vipa.nexbetter.com/files/3/64/65/64654439-6338-4c31-8abd-a0c93af343aa","https://assets.vipa.nexbetter.com/files/3/1f/c3/1fc3bdcf-b110-4958-a0d3-c0648b9fbe3c","no_data","2025-08-08T10:38:22.00Z","2026-05-06T06:21:04.00Z","0","0"
"13958","Area 3556 เส้นแดนไม่(อ)ยากจน (Big Sign)","https://vipa.me/th/watch/area3556-bigsign","https://assets.vipa.nexbetter.com/files/3/a7/75/a77581c7-866e-4c29-8881-edd98eee89eb","movie","Area 3556 เส้นแดนไม่(อ)ยากจน (Big Sign)","Documentary","Social/Political|Cultural","sign language|ภาษามือ|big sign|สารคดี|สารคดีไทย|สารคดีไทยพีบีเอส|ไทยพีบีเอส|thai pbs|area 3556|area|3556|เส้นแดนไม่ยากจน|เส้นแดน|ยากจน|เส้นแดนไม่อยากจน|ความเหลื่อมล้ำ|เหลื่อมล้ำ|สังคม|ชีวิต|ผู้คน|วิถีชีวิต|คนจน|เมือง|สวัสดิการ|ชนชั้น|ชุมชน|ชาวบ้าน|หมู่บ้าน|ทางรถไฟ|เต้นท์|rca|อิมเมจ สุธิตา|สุธิตา ชนะชัยสุวรรณ|รอยยิ้ม|ประชาชน|การเมือง|ต่อสู้|แฟลต|ดินแดน|ผู้พิการ|คนพิการ|หูหนวก|ไร้เสียง|รถเข็น|อาหาร|ภาพยนตร์|ภาพยนตร์สารคดี|อิมเมจ","2025","THA","5","0","0","sign-language|closed-caption|audio-description","true","https://assets.vipa.nexbetter.com/files/3/a7/75/a77581c7-866e-4c29-8881-edd98eee89eb","https://assets.vipa.nexbetter.com/files/3/a7/75/a77581c7-866e-4c29-8881-edd98eee89eb","https://assets.vipa.nexbetter.com/files/3/e0/35/e035f309-63a9-4d89-ae50-98707528eee2","no_data","2025-08-08T10:25:50.00Z","2026-05-06T06:48:49.00Z","0","0"
"13932","บ้านเกิดที่คิดถึง (Big Sign)","https://vipa.me/th/watch/theuntoldstoryofbirthplace-bigsign","https://assets.vipa.nexbetter.com/files/3/7f/4a/7f4a75e2-0bb9-493e-94ae-5834cba0dce2","movie","บ้านเกิดที่คิดถึง (Big Sign)","Documentary","Nature/Environmental|Cultural","บ้านเกิดที่คิดถึง|บ้านเกิด|the untold story of birthplace|birthplace|untold|story|สตูล|มันนิ|สิ่งแวดล้อม|ธรรมชาติ|กลุ่มชาติพันธุ์|ชาติพันะู์|ป่า|ป่าไม้|ชนพื้นเมือง|วีถีชีวิต|ที่อยู่อาศัย|กั้ม|ภาคใต้|ใต้|ถิ่นฐาน|กฤตานนท์ ทศกูล|sign language|ภาษามือ|big sign","2025","THA","5","5","1","sign-language|4k|closed-caption|audio-description","true","https://assets.vipa.nexbetter.com/files/3/7f/4a/7f4a75e2-0bb9-493e-94ae-5834cba0dce2","https://assets.vipa.nexbetter.com/files/3/7f/4a/7f4a75e2-0bb9-493e-94ae-5834cba0dce2","https://assets.vipa.nexbetter.com/files/3/55/b2/55b22c71-dcf3-4c94-ba4f-f2d6d1e15b11","Krittanon Thotsagool","2025-08-08T07:48:33.00Z","2026-05-06T06:57:31.00Z","0","0"
"13911","รัก ไม่ เลิก","https://vipa.me/th/watch/neverending-theseries","https://assets.vipa.nexbetter.com/pictures/3/87/a7/87a7dd44-d74f-4e66-aa9a-3703ee693bda","movie","รัก ไม่ เลิก","Drama","Medical Drama|Family Drama|Social Drama","รัก ไม่ เลิก|Never Ending The Series|Never Ending|Series|ซีรีส์|ความรัก|ครอบครัว|ไต้ฝุ่น กนกฉัตร|กนกฉัตร มรรยาทอ่อน|ใบเฟิร์น อัญชสา|อัญชสา มงคลสมัย|ลลดา เดชากิตติรัตน์|เรนเดียร์ ปฤสยา|ปฤสยา เจริญเนติศาสตร์|แพรว หัสสยา|หัสสยา อิสริยะเสรีกุล|พิม ลัทธ์กมล|ลัทธ์กมล ปิ่นโรจน์กีรติ|ญี่ปุ่น ณภัทร|ณภัทร บรรจงจิตไพศาล|ความสัมพันธ์|ความรัก|ครอบครัว|หย่า|หย่าร้าง|จิตวิทยา|จิตบำบัด|ที่ปรึกษา|สามีภรรยา|รอยร้าว|รัก|ไม่|เลิก|เพื่อน|สุขภาพ|สุขภาพจิต|สุขภาพใจ","2025","THA","5","5","1","no_data","true","https://assets.vipa.nexbetter.com/pictures/3/87/a7/87a7dd44-d74f-4e66-aa9a-3703ee693bda","https://assets.vipa.nexbetter.com/pictures/3/87/a7/87a7dd44-d74f-4e66-aa9a-3703ee693bda","https://assets.vipa.nexbetter.com/pictures/3/8d/26/8d26aa8b-f0a4-4203-85ae-4c1ff2afdbed","Kanokchat Munyadon|Anchasa Mongkhonsamai|ลลดา เดชากิตติรัตน์|Hassaya Isariyasereekul|Parisaya Jaronetisat|Latkamon Pinrojkirati|Napat Bunjongjitpaisarn","2025-08-08T03:17:45.00Z","2025-09-26T07:20:42.00Z","0","0"
"13518","เครือข่ายธรรมชาติ","https://vipa.me/th/watch/natures-networks","https://assets.vipa.nexbetter.com/pictures/3/bb/74/bb74b654-1897-4fd6-a709-03a08355bf16","movie","เครือข่ายธรรมชาติ","Documentary","Nature/Environmental","สารคดี|documentary|best documentary|best doc|สารคดีต่างประเทศ|ท่องโลกกว้าง|thai pbs|เครือข่ายธรรมชาติ|ธรรมชาติ|สิ่งแวดล้อม|สิ่งมีชีวิต|สัตว์|สัตว์ป่า|ป่า|ป่าไม้|ต้นไม้|ผืนป่า|nature|networks|ความหลากหลาย|ชีวภาพ","2025","THA","2","4","2","soundtrack","true","https://assets.vipa.nexbetter.com/pictures/3/bb/74/bb74b654-1897-4fd6-a709-03a08355bf16","https://assets.vipa.nexbetter.com/pictures/3/bb/74/bb74b654-1897-4fd6-a709-03a08355bf16","https://assets.vipa.nexbetter.com/pictures/3/04/8e/048e3ac1-a586-48e1-986f-9a2233873b29","no_data","2025-07-17T10:04:24.00Z","2026-07-13T08:43:02.00Z","0","0"
"13517","เวลส์...จิตวิญญาณแห่งมังกร","https://vipa.me/th/watch/wales-spirit-of-the-dragon","https://assets.vipa.nexbetter.com/pictures/3/93/d3/93d37cb4-4fdf-4688-884a-ebe03a0320ad","movie","เวลส์...จิตวิญญาณแห่งมังกร","Documentary","Nature/Environmental","สารคดี|documentary|best documentary|best doc|สารคดีต่างประเทศ|ท่องโลกกว้าง|thai pbs|wales|spirit of the dragon|เวลส์|มังกร|จิตวิญญาณ|จิตวิญญาณแห่งมังกร|dragon|นิทาน|ภูมิอากาศ|สภาพอากาศ|ธรรมชาติ|สัตว์|สิ่งแวดล้อม|สิ่งมีชีวิต|สัตว์ป่า|ป่า|ป่าไม้|ต้นไม้|ผืนป่า|ปรากฏการณ์","2025","THA","2","4","22","soundtrack","true","https://assets.vipa.nexbetter.com/pictures/3/93/d3/93d37cb4-4fdf-4688-884a-ebe03a0320ad","https://assets.vipa.nexbetter.com/pictures/3/93/d3/93d37cb4-4fdf-4688-884a-ebe03a0320ad","https://assets.vipa.nexbetter.com/pictures/3/cd/fd/cdfd6894-5701-45d7-a561-7c191dfbbd87","no_data","2025-07-17T09:59:31.00Z","2026-07-13T08:45:50.00Z","0","0"
"13516","โลกธรรมชาติบ้านป่าของซานตา","https://vipa.me/th/watch/santas-wild-home","https://assets.vipa.nexbetter.com/pictures/3/02/f8/02f8850c-1f20-4a3a-9a30-88c0f83bb9a9","movie","โลกธรรมชาติบ้านป่าของซานตา","Documentary","Nature/Environmental","สารคดี|documentary|best documentary|best doc|สารคดีต่างประเทศ|ท่องโลกกว้าง|thai pbs|ธรรมชาติ|สิ่งมีชีวิต|สิ่งแวดล้อม|ต้นไม้|ป่า|ป่าไม้|สัตว์|สัตว์ป่า|ผืนป่า|ซานตา|ซานต้า|santa|โลกธรรมชาติบ้านป่าของซานตา|santa's wild home|wild|wildlife|home|ซานต้า คลอส|lapland|แลปแลนด์|ฤดูหนาว|ซานตาคลอส|หนาว|สภาพอากาศ","2025","THA","2","4","11","soundtrack","true","https://assets.vipa.nexbetter.com/pictures/3/02/f8/02f8850c-1f20-4a3a-9a30-88c0f83bb9a9","https://assets.vipa.nexbetter.com/pictures/3/02/f8/02f8850c-1f20-4a3a-9a30-88c0f83bb9a9","https://assets.vipa.nexbetter.com/pictures/3/de/60/de60b297-2772-45a1-b61a-b49cdbde4475","no_data","2025-07-17T09:57:12.00Z","2026-07-13T08:49:10.00Z","0","0"
"13515","สู่ดินแดนอาร์กติกอันกว้างไกล","https://vipa.me/th/watch/america-arctic","https://assets.vipa.nexbetter.com/pictures/3/81/69/816951a8-9887-4cd4-ba8b-398986495a53","movie","สู่ดินแดนอาร์กติกอันกว้างไกล","Documentary","Nature/Environmental","อาร์กติก|สารคดี|documentary|best documentary|best doc|thai pbs|สารคดีต่างประเทศ|ท่องโลกกว้าง|สัตว์|ขั้วโลก|arctic|america|refuge|imperiled|ธรรมชาติ|สิ่งแวดล้อม|สิ่งมีชีวิต|อลาสก้า|อุณหภูมิ|สภาพอากาศ|สัตว์ป่า|ป่า|ป่าไม้","2025","THA","2","5","14","soundtrack","true","https://assets.vipa.nexbetter.com/pictures/3/81/69/816951a8-9887-4cd4-ba8b-398986495a53","https://assets.vipa.nexbetter.com/pictures/3/81/69/816951a8-9887-4cd4-ba8b-398986495a53","https://assets.vipa.nexbetter.com/pictures/3/79/7d/797d10c8-a540-4a44-ae18-ed781b12e262","no_data","2025-07-17T09:53:58.00Z","2026-07-13T08:46:03.00Z","0","0"
"13514","ม้าอเมริกัน...พลังเหนือกาลเวลา","https://vipa.me/th/watch/horse-power-american-legacies","https://assets.vipa.nexbetter.com/pictures/3/b4/e2/b4e2bb8f-1a77-4e1f-8b01-a9df3354fe6a","movie","ม้าอเมริกัน...พลังเหนือกาลเวลา","Documentary","Nature/Environmental","ม้าอเมริกัน|ม้า|สัตว์|สัตว์ป่า|ธรรมชาติ|สิ่งมีชีวิต|สิ่งแวดล้อม|horse|power american legacies|อเมริกัน|อเมริกา|สารคดี|documentary|best documentary|best doc|สารคดีต่างประเทศ|ท่องโลกกว้าง|thai pbs","2025","THA","2","5","5","soundtrack","true","https://assets.vipa.nexbetter.com/pictures/3/b4/e2/b4e2bb8f-1a77-4e1f-8b01-a9df3354fe6a","https://assets.vipa.nexbetter.com/pictures/3/b4/e2/b4e2bb8f-1a77-4e1f-8b01-a9df3354fe6a","https://assets.vipa.nexbetter.com/pictures/3/c3/b8/c3b81438-623a-4bbe-9a38-f20c100b0961","no_data","2025-07-17T09:47:29.00Z","2026-07-13T08:49:03.00Z","0","0"
"13513","เสือดาวหิมะและผองเพื่อน","https://vipa.me/th/watch/snow-leopards-and-friends","https://assets.vipa.nexbetter.com/pictures/3/50/8f/508fd4ea-dcc1-45a4-a548-e10717e4ccec","movie","เสือดาวหิมะและผองเพื่อน","Documentary","Nature/Environmental","เสือดาวหิมะและผองเพื่อน|เสือดาวหิมะ|เสือดาว|สารคดี|documentary|best documentary|best doc|thai pbs|สารคดีต่างประเทศ|ท่องโลกกว้าง|สัตว์|สัตว์ป่า|เสือ|ธรรมชาติ|สิ่งแวดล้อม|ป่า|ป่าไม้|หิมาลัย|เทือกเขา|ทิเบต|ชิงไห่|ที่ราบสูง|สัตว์ใกล้สูญพันธุ์","2025","THA","2","5","7","soundtrack","true","https://assets.vipa.nexbetter.com/pictures/3/50/8f/508fd4ea-dcc1-45a4-a548-e10717e4ccec","https://assets.vipa.nexbetter.com/pictures/3/50/8f/508fd4ea-dcc1-45a4-a548-e10717e4ccec","https://assets.vipa.nexbetter.com/pictures/3/fe/a8/fea8b778-53dd-41cc-a81a-5e66045ecdf1","no_data","2025-07-17T09:43:57.00Z","2026-07-13T08:46:21.00Z","0","0"
"13508","ฉลามแห่งฮาวาย","https://vipa.me/th/watch/the-sharks-of-hawaii","https://assets.vipa.nexbetter.com/pictures/3/b5/2d/b52db4d4-9258-4037-8b12-1dbd0d7d6945","movie","ฉลามแห่งฮาวาย","Documentary","Nature/Environmental","สารคดี|documentary|best documentary|best doc|sharks|shark|hawaii|ฉลามแห่งฮาวาย|ฉลาม|ฮาวาย|ทะเล|สัตว์น้ำ|สัตว์|สิ่งมีชีวิต|ธรรมชาติ|สิ่งแวดล้อม|ปลา|ปลาวาฬ","2025","THA","2","4","4","soundtrack","true","https://assets.vipa.nexbetter.com/pictures/3/b5/2d/b52db4d4-9258-4037-8b12-1dbd0d7d6945","https://assets.vipa.nexbetter.com/pictures/3/b5/2d/b52db4d4-9258-4037-8b12-1dbd0d7d6945","https://assets.vipa.nexbetter.com/pictures/3/0d/0f/0d0f0181-32b7-4a15-87ee-60b7804511e1","no_data","2025-07-17T09:27:05.00Z","2026-07-13T08:47:10.00Z","0","0"
"13507","วิจิตรสีสันแห่งโลกธรรมชาติ","https://vipa.me/th/watch/what-a-colorful-world","https://assets.vipa.nexbetter.com/pictures/3/2e/15/2e158098-4cad-4dc3-9cb1-7ad77b5e1fcd","movie","วิจิตรสีสันแห่งโลกธรรมชาติ","Documentary","Nature/Environmental","สารคดี|documentary|best documentary|best doc|what a colorful world|วิจิตรสีสันแห่งโลกธรรมชาติ|ธรรมชาติ|สิ่งแวดล้อม|ทะเล|colorful|world|สีสัน|โลก|สัตว์|สัตว์ทะเล|สิ่งมีชีวิต|สัตว์น้ำ","2025","THA","2","4","7","soundtrack","true","https://assets.vipa.nexbetter.com/pictures/3/2e/15/2e158098-4cad-4dc3-9cb1-7ad77b5e1fcd","https://assets.vipa.nexbetter.com/pictures/3/2e/15/2e158098-4cad-4dc3-9cb1-7ad77b5e1fcd","https://assets.vipa.nexbetter.com/pictures/3/53/63/53632ffb-c1bb-497f-b4c2-dedca7971621","no_data","2025-07-17T09:23:36.00Z","2026-07-13T08:48:40.00Z","0","0"
"13506","มหัศจรรย์สู่ธรรมชาติชิลี","https://vipa.me/th/watch/chile-a-wild-journey","https://assets.vipa.nexbetter.com/pictures/3/a9/fd/a9fd966a-3d95-45ee-af42-e1435adde35e","movie","มหัศจรรย์สู่ธรรมชาติชิลี","Documentary","Nature/Environmental","สารคดี|documentary|best documentary|best doc|ธรรมชาติ|สิ่งแวดล้อม|สัตว์|สัตว์ป่า|ป่าไม้|สิ่งมีชีวิต|a wild journey|chile|มหัศจรรย์สู่ธรรมชาติชิลี|ชิลี|เทือกเขาแอนดีส","2025","THA","2","4","8","soundtrack","true","https://assets.vipa.nexbetter.com/pictures/3/a9/fd/a9fd966a-3d95-45ee-af42-e1435adde35e","https://assets.vipa.nexbetter.com/pictures/3/a9/fd/a9fd966a-3d95-45ee-af42-e1435adde35e","https://assets.vipa.nexbetter.com/pictures/3/f0/72/f07266c3-230e-499d-85cf-1fed25cd62d8","no_data","2025-07-17T09:19:43.00Z","2026-07-13T08:48:46.00Z","0","0"
"13505","ร้องลำ ทำงาน","https://vipa.me/th/watch/the-mhor-lum-story","https://assets.vipa.nexbetter.com/pictures/3/ce/25/ce25b0f9-0d50-47a5-9605-6ee5c7734c0e","movie","ร้องลำ ทำงาน","Documentary","Cultural","สารคดี|สารคดีไทย|documentary|สารคดีไทยพีบีเอส|thai pbs|locals|local|ตำราพาลำ|ภาคอีสาน|อีสาน|หมอลำ|ความฝัน|มหรสพ|ศิลปิน|ศิลปะ|วัฒนธรรม|นักร้อง|ร้องเพลง|บทเพลง|เพลง|ร้องลำ ทำงาน|ร้องลำ|ทำงาน|ม่วนซื่น โฮแซว|ม่วนซื่น|โฮแซว|อาชีพ","2025","THA","5","5","8","sign-language|closed-caption|audio-description","true","https://assets.vipa.nexbetter.com/pictures/3/ce/25/ce25b0f9-0d50-47a5-9605-6ee5c7734c0e","https://assets.vipa.nexbetter.com/pictures/3/ce/25/ce25b0f9-0d50-47a5-9605-6ee5c7734c0e","https://assets.vipa.nexbetter.com/pictures/3/28/85/2885c6b2-994e-497c-9b62-0bd70402f14b","no_data","2025-07-17T09:09:26.00Z","2026-03-25T03:30:43.00Z","0","0"
"13504","ตำราพาลำ","https://vipa.me/th/watch/if-you-can-dream","https://assets.vipa.nexbetter.com/pictures/3/ca/c5/cac576f9-b61b-4624-a860-7845b731befe","movie","ตำราพาลำ","Documentary","Cultural","ตำราพาลำ|สารคดี|สารคดีไทย|documentary|สารคดีไทยพีบีเอส|thai pbs|locals|local|ภาคอีสาน|อีสาน|หมอลำ|ความฝัน|มหรสพ|ศิลปิน|ศิลปะ|วัฒนธรรม|นักร้อง|ร้องเพลง|บทเพลง|เพลง","2025","THA","5","4","4","sign-language|closed-caption|audio-description","true","https://assets.vipa.nexbetter.com/pictures/3/ca/c5/cac576f9-b61b-4624-a860-7845b731befe","https://assets.vipa.nexbetter.com/pictures/3/ca/c5/cac576f9-b61b-4624-a860-7845b731befe","https://assets.vipa.nexbetter.com/pictures/3/51/85/51855e2a-2d16-49a2-925c-71ca01c83638","no_data","2025-07-17T09:06:42.00Z","2026-03-25T03:31:12.00Z","0","0"
"13503","นักรบผ้าถุง เริน เล และแสงตุหวัน","https://vipa.me/th/watch/sarong-warrior","https://assets.vipa.nexbetter.com/pictures/3/8d/7b/8d7bd5d4-283b-4bb0-8ca8-c75622d10d8d","movie","นักรบผ้าถุง เริน เล และแสงตุหวัน","Documentary","Cultural|Social/Political","สารคดี|สารคดีไทย|documentary|สารคดีไทยพีบีเอส|thai pbs|locals|local|นักรบ|ผ้าถุง|นักรบผ้าถุง|เริน|เล|แสงตุหวัน|sarong|warrior|ผู้หญิง|ภาคใต้|ปัตตานี|วัฒนธรรม|ประเพณี|สังคม|ชีวิต|วิถีชีวิต|ปกป้อง|ต่อสู้|ความเชื่อ|อาหาร|ทรัพยากร|อากาศ|ทะเล|ชายฝั่ง|มรดก|รากเหง้า|จิตวิญญาณ|บ้านเกิด|ปลา|ปู","2025","THA","5","5","6","sign-language|closed-caption|audio-description","true","https://assets.vipa.nexbetter.com/pictures/3/8d/7b/8d7bd5d4-283b-4bb0-8ca8-c75622d10d8d","https://assets.vipa.nexbetter.com/pictures/3/8d/7b/8d7bd5d4-283b-4bb0-8ca8-c75622d10d8d","https://assets.vipa.nexbetter.com/pictures/3/87/9c/879c6850-44ee-45cd-bd3c-6c8b6615750d","no_data","2025-07-17T09:03:24.00Z","2026-05-11T07:36:21.00Z","0","0"
"13497","ความลับแห่งท้องทะเล","https://vipa.me/th/watch/ocean-secrets","https://assets.vipa.nexbetter.com/pictures/3/27/02/27023085-75b1-484d-b684-598b709d5c47","movie","ความลับแห่งท้องทะเล","Documentary","Nature/Environmental","สารคดี|documentary|documentary club|doc club|ocean secrets|ความลับแห่งท้องทะเล|ทะเล|ท้องทะเล|ocean|secrets|ความลับ|ชายหาด|สิ่งมีชีวิต|สัตว์|สัตว์น้ำ|สัตว์ทะเล|มหาสมุทร|ลึกลับ|ปะการัง|ปลา|วาฬ|โลมา|นาก|นากทะเล|ฉลาม|สิงโตทะเล|ระบบนิเวศน์","2025","THA","2","4","6","soundtrack","true","https://assets.vipa.nexbetter.com/pictures/3/27/02/27023085-75b1-484d-b684-598b709d5c47","https://assets.vipa.nexbetter.com/pictures/3/27/02/27023085-75b1-484d-b684-598b709d5c47","https://assets.vipa.nexbetter.com/pictures/3/32/70/327009d9-42b5-417a-8eaa-3e0990d1da51","no_data","2025-07-17T04:39:18.00Z","2026-07-13T08:48:55.00Z","0","0"
"13491","The Here Now Project","https://vipa.me/th/watch/the-here-now-project","https://assets.vipa.nexbetter.com/pictures/3/6e/fa/6efa0741-8f75-4b40-a464-b3f6a0e684db","movie","The Here Now Project","Documentary","Nature/Environmental|Social/Political","สารคดี|documentary|documentary club|the here now project|doc club|project|here now|ภัยพิบัติ|น้ำท่วม|ไฟไหม้|พายุ|สิ่งแวดล้อม|ธรรมชาติ|ป่า|ป่าไม้|โลก|อากาศ|สภาพอากาศ|ภูมิอากาศ|คลิป|วิดีโอ|เหตุการณ์|สถานการณ์","2025","THA","5","4","6","closed-caption|soundtrack","true","https://assets.vipa.nexbetter.com/pictures/3/b2/79/b2797b83-5ddf-43df-bb53-bd5639ffbcc2","https://assets.vipa.nexbetter.com/pictures/3/6e/fa/6efa0741-8f75-4b40-a464-b3f6a0e684db","https://assets.vipa.nexbetter.com/pictures/3/e7/00/e700d4d7-1c2c-465d-a572-49203aaa14dc","no_data","2025-07-16T10:58:26.00Z","2026-05-18T05:00:57.00Z","0","0"
"13490","The Giants","https://vipa.me/th/watch/thegiants","https://assets.vipa.nexbetter.com/pictures/3/9b/68/9b68cc80-c50d-4ed6-b7fb-3054f4ac1913","movie","The Giants","Documentary","Nature/Environmental|Cultural","สารคดี|documentary|documentary club|doc club|the giants|giant|lgbtq|เพศ|เพศสภาพ|สิ่งแวดล้อม|ธรรมชาติ|สิ่งมีชีวิต|สีเขียว|ป่า|ป่าไม้|พืช|พันธุ์พืช|โลก|รักษ์โลก|ออสเตรเลีย|australia|tasmania|แทสมาเนีย|นักต่อสู้|นักเคลื่อนไหว|ต้นไม้|มนุษย์|บ็อบ บราวน์|bob brown|แม่น้ำ|ต้นไม้ยักษ์|นิเวศวิทยา","2025","THA","5","5","7","closed-caption|soundtrack","true","https://assets.vipa.nexbetter.com/pictures/3/0b/e6/0be6ac58-f371-477d-a3af-1f466e80675e","https://assets.vipa.nexbetter.com/pictures/3/9b/68/9b68cc80-c50d-4ed6-b7fb-3054f4ac1913","https://assets.vipa.nexbetter.com/pictures/3/94/d9/94d9f004-87a5-48b0-ac5f-da6a8d136a62","no_data","2025-07-16T10:55:42.00Z","2026-04-03T10:05:56.00Z","0","0"
"13489","The Reason I Jump","https://vipa.me/th/watch/the-reason-i-jump","https://assets.vipa.nexbetter.com/pictures/3/b5/13/b513e4fd-6d42-4501-a91e-41238f42c962","movie","The Reason I Jump","Documentary","Social/Political","สารคดี|documentary|documentary club|doc club|the reason i jump|นาโอคิ ฮิงาชิดะ|เด็ก|ครอบครัว|เยาชน|โรค|ภาวะ|ออทิสติก|เขียน|หนังสือ|เจอร์รี รอทเวลล์|นักเขียน|ญี่ปุ่น|สุขภาพ|จิตเวช|ผู้ป่วย|autistic","2025","THA","5","4","4","closed-caption|soundtrack","true","https://assets.vipa.nexbetter.com/pictures/3/39/44/3944cd78-f130-4f4e-a6e4-cdc7cbd8ad04","https://assets.vipa.nexbetter.com/pictures/3/b5/13/b513e4fd-6d42-4501-a91e-41238f42c962","https://assets.vipa.nexbetter.com/pictures/3/bd/ac/bdacd414-82ea-49a1-ac80-9a3862b3c2cc","no_data","2025-07-16T10:52:36.00Z","2026-04-03T10:02:17.00Z","0","0"
"13488","Picture A Scientist","https://vipa.me/th/watch/picture-a-scientist","https://assets.vipa.nexbetter.com/pictures/3/a6/60/a660db5f-6926-4c45-af85-4436177c9d40","movie","Picture A Scientist","Documentary","Social/Political","สารคดี|documentary|documentary club|doc club|picture a scientist|picture|scientist|sciene|วิทยาศาสตร์|นักวิทยาศาสตร์|ผู้หญิง|สหรัฐ|usa|us|stem|เพศ|เพศสภาพ|หญิง|ผิวสี|ผิวดำ|วิทย์|ห้องทดลอง|ทดลอง|สังคม|ชีวิต","2025","THA","1","4","7","closed-caption|soundtrack","true","https://assets.vipa.nexbetter.com/pictures/3/18/7e/187eda3f-b4c9-4205-b8fd-04811736580d","https://assets.vipa.nexbetter.com/pictures/3/a6/60/a660db5f-6926-4c45-af85-4436177c9d40","https://assets.vipa.nexbetter.com/pictures/3/94/2e/942e2b26-d949-4979-8aad-338674968caa","no_data","2025-07-16T10:45:07.00Z","2026-04-03T10:05:13.00Z","0","0"
"13487","The Making of a Japanese","https://vipa.me/th/watch/the-making-of-a-japanese","https://assets.vipa.nexbetter.com/pictures/3/20/21/20219da8-ee53-4723-8576-354fd00e56d5","movie","The Making of a Japanese","Documentary","Cultural|Social/Political","สารคดี|documentary|documentary club|doc club|ญี่ปุ่น|เด็ก|ครอบครัว|เยาวชน|อนาคต|เรียน|การศึกษา|ศึกษา|หนังสือ|โรงเรียน|นักเรียน|คุณครู|ครู|ระบบ|โตเกียว|japanese|japan|the making of a japanese|making|ประถม","2025","THA","5","4","16","closed-caption|soundtrack","true","https://assets.vipa.nexbetter.com/pictures/3/d4/22/d42205b5-1a3c-40bb-8ee1-b009488f0418","https://assets.vipa.nexbetter.com/pictures/3/20/21/20219da8-ee53-4723-8576-354fd00e56d5","https://assets.vipa.nexbetter.com/pictures/3/32/0b/320bb6dc-d271-4fc5-acbf-31ff9ed11844","no_data","2025-07-16T10:40:39.00Z","2026-04-03T10:04:25.00Z","0","0"
"13486","The Gleaners and I","https://vipa.me/th/watch/the-gleaners-and-i","https://assets.vipa.nexbetter.com/pictures/3/8a/56/8a56410d-458c-4bac-bae3-eb0b57a9a7be","movie","The Gleaners and I","Documentary","Cultural","the gleaners and i|gleaners|gleaners and i|สารคดี|documentary|documentary club|doc club|นักเก็บ|สะสมของเก่า|อานเญส วาร์ดา|ผู้สูงอายุ|ผู้สูงวัย|อาหาร|ขยะ|ชีวิต|สังคม|ผู้คน|วัฒนธรรม|ฝรั่งเศส|ศิลปะ","2025","THA","5","4","7","soundtrack|closed-caption","true","https://assets.vipa.nexbetter.com/pictures/3/e8/35/e8355052-899e-415e-87b7-46fe578c948d","https://assets.vipa.nexbetter.com/pictures/3/8a/56/8a56410d-458c-4bac-bae3-eb0b57a9a7be","https://assets.vipa.nexbetter.com/pictures/3/24/1d/241d2aa2-c385-403a-98d3-520bcd3a7ad9","no_data","2025-07-16T10:37:38.00Z","2026-05-18T04:59:38.00Z","0","0"
"13485","Soundtrack to a Coup d'Etat","https://vipa.me/th/watch/soundtrack-to-a-coup-detat","https://assets.vipa.nexbetter.com/pictures/3/23/db/23db0faf-22bc-4358-a73f-bb2c7bac9172","movie","Soundtrack to a Coup d'Etat","Documentary","Historical|Social/Political","soundtrack to a coup d'etat|coup d'etat|essay film|สารคดี|documentary|documentary club|doc club|ซันแดนซ์|เทศกาลหนัง|หนัง|การเมือง|นักดนตรี|ดนตรี|แอ๊บบี้ ลินคอล์น|แม็กซ์ โรช|สหรัฐอเมริกา|อเมริกา|สีผิว|ผีวสี|ผิวดำ|แบ่งแยก|เชื้อชาติ|ผู้คน|ประวัติศาสตร์|หลุยส์ อาร์มสตรอง|คองโก|ดนตรีแจ๊ส|แจ๊ส|jazz|สังคม","2025","THA","5","5","8","closed-caption|soundtrack","true","https://assets.vipa.nexbetter.com/pictures/3/71/55/71559744-e9de-4543-bf49-0d0f4266dcb2","https://assets.vipa.nexbetter.com/pictures/3/23/db/23db0faf-22bc-4358-a73f-bb2c7bac9172","https://assets.vipa.nexbetter.com/pictures/3/05/9a/059ab2b7-6b23-40a9-8412-7c8dc790fe33","no_data","2025-07-16T10:28:06.00Z","2026-04-03T10:06:53.00Z","0","0"
"13484","เส้นทางที่ยิ่งใหญ่แห่งศิลปะอาหารญี่ปุ่น","https://vipa.me/th/watch/not-yet-there","https://assets.vipa.nexbetter.com/pictures/3/09/07/0907d4fe-d0f4-4e7f-8ce2-7c3f2d543a3c","movie","เส้นทางที่ยิ่งใหญ่แห่งศิลปะอาหารญี่ปุ่น","Documentary","Biographical|Cultural","สารคดี|documentary|best documentary|best doc|สารคดีต่างประเทศ|ท่องโลกกว้าง|thai pbs|ishihara hitoshi|ishihara|hitoshi|อิชิฮาระ ฮิโตชิ|ไคเซกิ|มิชลิน|ญี่ปุ่น|เชฟ|อาหาร|ทำอาหาร|อาหารญี่ปุ่น|่japan|ความฝัน|ศิลปะ|วัฒนธรรม|พ่อครัว|food","2025","THA","5","5","4","soundtrack","true","https://assets.vipa.nexbetter.com/pictures/3/09/07/0907d4fe-d0f4-4e7f-8ce2-7c3f2d543a3c","https://assets.vipa.nexbetter.com/pictures/3/09/07/0907d4fe-d0f4-4e7f-8ce2-7c3f2d543a3c","https://assets.vipa.nexbetter.com/pictures/3/29/75/2975b0cf-0f28-4fdb-b7c2-910adc825f42","no_data","2025-07-16T10:00:40.00Z","2025-07-24T03:22:32.00Z","0","0"
"13483","เหล็กมหัศจรรย์ของดาบญี่ปุ่น","https://vipa.me/th/watch/tamahagane","https://assets.vipa.nexbetter.com/pictures/3/04/23/0423f1f2-7b0d-41c4-9c8c-5fe9e75ebb50","movie","เหล็กมหัศจรรย์ของดาบญี่ปุ่น","Documentary","Historical|Cultural","สารคดี|documentary|best documentary|best doc|สารคดีต่างประเทศ|ท่องโลกกว้าง|thai pbs|เหล็กมหัศจรรย์ของดาบญี่ปุ่น|japan|ญี่ปุ่น|เหล็ก|เหล็กกล้า|อาวุธ|ดาบ|tamahagane: miracle steel of japanese swords|tamahagane|miracle|steel|japanese|swords|ทามาฮากาเนะ","2025","THA","5","5","6","soundtrack","true","https://assets.vipa.nexbetter.com/pictures/3/04/23/0423f1f2-7b0d-41c4-9c8c-5fe9e75ebb50","https://assets.vipa.nexbetter.com/pictures/3/04/23/0423f1f2-7b0d-41c4-9c8c-5fe9e75ebb50","https://assets.vipa.nexbetter.com/pictures/3/cf/83/cf838536-12fb-47ac-81ec-8aa2bd825a40","no_data","2025-07-16T09:57:46.00Z","2025-08-22T07:06:52.00Z","0","0"
"13392","Movie Schedule test (TH)","https://vipa.me/th/watch/13392","https://assets.vipa.nexbetter.com/pictures/3/a3/01/a301502a-10a9-460f-97fd-e110a442ea93","movie","Movie Schedule test (TH)","Documentary","Expository","no_data","2025","THA","1","0","0","no_data","true","no_data","https://assets.vipa.nexbetter.com/pictures/3/a3/01/a301502a-10a9-460f-97fd-e110a442ea93","https://assets.vipa.nexbetter.com/pictures/3/2f/dc/2fdccec0-63ed-4644-91e5-5839bc49837f","no_data","2025-06-27T09:33:25.00Z","2025-06-30T07:36:55.00Z","0","0"
"13382","Schedule test on Movie (TH)","https://vipa.me/th/watch/13382","https://assets.vipa.nexbetter.com/pictures/3/7d/4a/7d4ad928-3084-447d-aceb-9861e5cce814","movie","Schedule test on Movie (TH)","Variety & LifeStyle","Cooking Shows","no_data","2025","THA","1","0","0","no_data","false","no_data","https://assets.vipa.nexbetter.com/pictures/3/7d/4a/7d4ad928-3084-447d-aceb-9861e5cce814","no_data","no_data","2025-06-23T10:14:22.00Z","2025-08-04T09:47:45.00Z","0","0"
"13366","Big Sign ภาษามือใหญ่เต็มจอ","https://vipa.me/th/watch/spotbigsign","https://assets.vipa.nexbetter.com/files/3/fb/d3/fbd34ed4-0223-4894-a120-d520204717d5","movie","Big Sign ภาษามือใหญ่เต็มจอ","Education","Edutainment","no_data","2025","THA","1","0","0","no_data","true","no_data","no_data","https://assets.vipa.nexbetter.com/files/3/fb/d3/fbd34ed4-0223-4894-a120-d520204717d5","no_data","2025-05-19T04:39:27.00Z","2026-02-06T04:28:54.00Z","0","0"
"6634","The Hornbill Lady","https://vipa.me/th/watch/thehornbilllady","https://assets.vipa.nexbetter.com/pictures/3/24/60/2460d941-b6f0-40b1-81ab-3ecdb4592643","movie","The Hornbill Lady","Documentary","nature-environment|pets-animals|Nature/Environmental","สารคดี|ป่า|ป่าใหญ่|สารคดีไทย|สารคดีไทยพีบีเอส|thai pbs|อนุรักษ์|นกเงือก|นูรีฮัน|เทือกเขาบูโด|เทือกเขา|บูโด|the hornbil lady|hornbil|lady|รังนกเงือก|ซ่อมโพรง|โพรงเทียม|ธรรมชาติ|ชายแดนใต้|ภาคใต้","2024","THA","1","5","4","closed-caption","true","https://assets.vipa.nexbetter.com/pictures/3/c7/ac/c7acda0b-1175-4132-bbf9-2bf4ff6e4276","https://assets.vipa.nexbetter.com/pictures/3/24/60/2460d941-b6f0-40b1-81ab-3ecdb4592643","https://assets.vipa.nexbetter.com/files/3/28/6d/286d840f-a0c2-468a-a9cd-4d2a498dc371","no_data","2025-04-08T08:16:17.00Z","2026-08-18T07:49:26.00Z","0","0"
"6633","เด็ก ฝึก ฝัน","https://vipa.me/th/watch/founderapprenticeproject","https://assets.vipa.nexbetter.com/pictures/3/46/b4/46b4b3d1-f5eb-4b47-b837-b0245c7b02fb","movie","เด็ก ฝึก ฝัน","Variety & LifeStyle","Reality Shows","เด็ก ฝึก ฝัน|เด็กฝึกงาน|ฝึกงาน|founder apprentice project|โควิด-19|covid-19|ทำงาน|ภารกิจ|นักศึกษา|สารคดี|ภาพยนตร์สั้น","2021","THA","5","0","0","no_data","true","https://assets.vipa.nexbetter.com/pictures/3/46/b4/46b4b3d1-f5eb-4b47-b837-b0245c7b02fb","https://assets.vipa.nexbetter.com/pictures/3/46/b4/46b4b3d1-f5eb-4b47-b837-b0245c7b02fb","https://assets.vipa.nexbetter.com/files/3/13/03/1303b1da-5b98-4877-a92e-9b98a35de290","no_data","2025-04-08T08:16:14.00Z","2025-07-24T03:24:33.00Z","0","0"
"6632","Area 3556 เส้นแดนไม่(อ)ยากจน","https://vipa.me/th/watch/area3556","https://assets.vipa.nexbetter.com/files/3/ec/ab/ecab8580-c0d7-4aa6-954b-d621c9896f5f","movie","Area 3556 เส้นแดนไม่(อ)ยากจน","Documentary","culture|people|Social/Political","สารคดี|สารคดีไทย|สารคดีไทยพีบีเอส|ไทยพีบีเอส|thai pbs|area 3556|area|3556|เส้นแดนไม่ยากจน|เส้นแดน|ยากจน|เส้นแดนไม่อยากจน|ความเหลื่อมล้ำ|เหลื่อมล้ำ|สังคม|ชีวิต|ผู้คน|วิถีชีวิต|คนจน|เมือง|สวัสดิการ|ชนชั้น|ชุมชน|ชาวบ้าน|หมู่บ้าน|ทางรถไฟ|เต้นท์|rca|อิมเมจ สุธิตา|สุธิตา ชนะชัยสุวรรณ|รอยยิ้ม|ประชาชน|การเมือง|ต่อสู้|แฟลต|ดินแดน|ผู้พิการ|คนพิการ|หูหนวก|ไร้เสียง|รถเข็น|อาหาร|ภาพยนตร์|ภาพยนตร์สารคดี|อิมเมจ","2024","THA","5","5","2","audio-description|closed-caption|sign-language","true","https://assets.vipa.nexbetter.com/files/3/a7/75/a77581c7-866e-4c29-8881-edd98eee89eb","https://assets.vipa.nexbetter.com/files/3/ec/ab/ecab8580-c0d7-4aa6-954b-d621c9896f5f","https://assets.vipa.nexbetter.com/files/3/e0/35/e035f309-63a9-4d89-ae50-98707528eee2","no_data","2025-04-08T08:16:12.00Z","2026-03-25T03:32:42.00Z","0","0"
"6631","นักล่าแห่งเมดิเตอร์เรเนียน","https://vipa.me/th/watch/mediterraneanhunters","https://assets.vipa.nexbetter.com/files/3/ac/35/ac354319-9eec-4aaa-adcc-cc8afc9826b3","movie","นักล่าแห่งเมดิเตอร์เรเนียน","documentary","nature-environment|pets-animals","สารคดี|documentary|best documentary|best doc|เมดิเตอร์เรเนียน|ป่า|ธรรมชาติ|สิ่งแวดล้อม|ระบบนิเวศ|สัตว์|ป่าไม้|สัตว์ป่า|คาบสมุทร|ไอบีเรีย|ทุ่งหญ้า|สิ่งมีชีวิต|mediterranean|hunters|mediterranean hunters|นักล่าแห่งเมดิเตอร์เรเนียน|นักล่า","no_data","THA","1","5","4","soundtrack","true","https://assets.vipa.nexbetter.com/files/3/e6/ff/e6ff24f2-aa7f-4e09-a025-39d1443c92ab","https://assets.vipa.nexbetter.com/files/3/ac/35/ac354319-9eec-4aaa-adcc-cc8afc9826b3","https://assets.vipa.nexbetter.com/files/3/10/eb/10eb3847-3d08-4af3-874f-47a1530dcab9","no_data","2025-04-08T08:16:09.00Z","2025-07-24T03:25:20.00Z","0","0"
"6630","ผัดไทย สูตรลับลิขิตฝัน (Big Sign)","https://vipa.me/th/watch/padthai-bigsign","https://assets.vipa.nexbetter.com/files/3/ab/58/ab584575-a453-4158-ab97-c826a74afb65","movie","ผัดไทย สูตรลับลิขิตฝัน (Big Sign)","Drama","food|people|Family Drama","ผัดไทย สูตรลับลิขิตฝัน|ผัดไทย|อาหารไทย|พลอย ไพลิน|pigkaploy|จรรยา ธนาสว่างกุล|เชฟ|ทำอาหาร|sign language|ภาษามือ|big sign|อาหาร","2021","THA","5","3","2","sign-language|closed-caption","true","https://assets.vipa.nexbetter.com/files/3/ab/58/ab584575-a453-4158-ab97-c826a74afb65","https://assets.vipa.nexbetter.com/files/3/ab/58/ab584575-a453-4158-ab97-c826a74afb65","https://assets.vipa.nexbetter.com/files/3/e7/a5/e7a58fc1-9e66-4826-a037-501430ffd28f","Ploypailin Thangprapaporn|Janya Thanasawangkul","2025-04-08T08:16:07.00Z","2025-07-24T03:25:40.00Z","0","0"
"6629","บ้านเกิดที่คิดถึง","https://vipa.me/th/watch/theuntoldstoryofbirthplace","https://assets.vipa.nexbetter.com/files/3/82/7d/827d4762-8325-4ac3-a352-22b551018f29","movie","บ้านเกิดที่คิดถึง","Documentary","culture|people|Cultural","บ้านเกิดที่คิดถึง|บ้านเกิด|the untold story of birthplace|birthplace|untold|story|สตูล|มันนิ|สิ่งแวดล้อม|ธรรมชาติ|กลุ่มชาติพันธุ์|ชาติพันะู์|ป่า|ป่าไม้|ชนพื้นเมือง|วีถีชีวิต|ที่อยู่อาศัย|กั้ม|ภาคใต้|ใต้|ถิ่นฐาน|กฤตานนท์ ทศกูล|4k","2024","THA","5","4","5","closed-caption|4k|sign-language|audio-description","true","https://assets.vipa.nexbetter.com/files/3/7f/4a/7f4a75e2-0bb9-493e-94ae-5834cba0dce2","https://assets.vipa.nexbetter.com/files/3/82/7d/827d4762-8325-4ac3-a352-22b551018f29","https://assets.vipa.nexbetter.com/files/3/55/b2/55b22c71-dcf3-4c94-ba4f-f2d6d1e15b11","Krittanon Thotsagool","2025-04-08T08:16:04.00Z","2026-04-30T11:04:46.00Z","0","0"
"6628","คนเรือยาว","https://vipa.me/th/watch/soulforone","https://assets.vipa.nexbetter.com/files/3/5e/46/5e46d7ab-ffdd-4e43-afee-e42817004d90","movie","คนเรือยาว","Documentary","culture|people|Cultural","ภาพยนตร์สารคดี|ภาพยนตร์|สารคดี|คนเรือยาว|soul for one|ชาวเรือ|ล่องเรือ|เรือยาว|แม่น้ำ|ริมแม่น้ำ|วิถีชีวิต|สังคม|หมู่บ้าน|ชุมชน|เรือ|ช่างภาพ|ถ่ายภาพ|น็อตตี้|ประเพณี|วัฒนธรรม|แข่งเรือ|ประเพณีแข่งเรือยาว|สนามวัดท่าหลวง|พิจิตร|นักพากย์เรือ|กองเชียร์|โค้ช|หัวหน้าทีม|ฝีพาย|เจ้าภาพ|โปรโมเตอร์|ผู้จัดงาน","2023","THA","1","5","3","no_data","true","https://assets.vipa.nexbetter.com/files/3/61/a1/61a113db-0bf8-4982-95f2-014759e4f057","https://assets.vipa.nexbetter.com/files/3/5e/46/5e46d7ab-ffdd-4e43-afee-e42817004d90","https://assets.vipa.nexbetter.com/files/3/61/a1/61a113db-0bf8-4982-95f2-014759e4f057","no_data","2025-04-08T08:16:02.00Z","2025-08-08T04:41:40.00Z","0","0"
"6627","ต้นไม้น้อยใหญ่","https://vipa.me/th/watch/theforest","https://assets.vipa.nexbetter.com/files/3/8f/4c/8f4c9424-c685-4100-8a59-292c7397bee4","movie","ต้นไม้น้อยใหญ่","Drama","nature-environment|people|Social Drama","ต้นไม้น้อยใหญ่|ละคร|ละครพิเศษ|วันแม่|ป่า|ป่าไม้|ธรรมชาติ|บ้านเล็กในป่าใหญ่|หมู่บ้าน|ชุมชน|หลงป่า|ก้าวหน้า กิตติภัทร|กิตติภัทร แก้วเจริญ|ตังตัง นัฐรุจี|นัฐรุจี วิศวนารถ|เอ๋ บุษบรรณ|บุษบรรณ จันทรารังษี|ปาณิศา บุญมี|ก้าวหน้าครับผม","2023","THA","5","4","2","closed-caption|audio-description","true","https://assets.vipa.nexbetter.com/files/3/8f/4c/8f4c9424-c685-4100-8a59-292c7397bee4","https://assets.vipa.nexbetter.com/files/3/8f/4c/8f4c9424-c685-4100-8a59-292c7397bee4","https://assets.vipa.nexbetter.com/files/3/bc/02/bc02fdf2-75ba-497e-a9ac-f7bd7b55c1ef","Kittipat Kaewcharoen|Nutrugee Wisawanart|Bussaban Jantarangsri|ปาณิศา บุญมี","2025-04-08T08:15:59.00Z","2025-11-06T08:50:46.00Z","0","0"
"6626","เธอคือวัคซีน","https://vipa.me/th/watch/youvaccinemovie","https://assets.vipa.nexbetter.com/pictures/3/98/e9/98e927a8-31fc-4787-ba47-d66262cc4445","movie","เธอคือวัคซีน","Drama","culture|people|Melodrama","เธอคือวัคซีน|you...vaccine|ละคร|ฮิเดกิ นากายาม่า|ศิตาภา อรรถบุรานนท์|พิม ขจรเวคิน|โควิด-19|covid-19|หมอ|แพทย์|ญี่ปุ่น|ท่องเที่ยว|ไทย|โรงพยาบาล|โควิด|โควิด 19|covid|ฮิเดกิ|ละครไทยพีบีเอส|thai pbs|วัคซีน|vaccine","2021","THA","5","0","0","closed-caption","true","https://assets.vipa.nexbetter.com/pictures/3/98/e9/98e927a8-31fc-4787-ba47-d66262cc4445","https://assets.vipa.nexbetter.com/pictures/3/98/e9/98e927a8-31fc-4787-ba47-d66262cc4445","https://assets.vipa.nexbetter.com/pictures/3/4f/00/4f00cf8d-d50e-49d9-9696-f3e80bc2501f","no_data","2025-04-08T08:15:56.00Z","2025-08-08T04:53:11.00Z","0","0"
"6625","พระพิราพ","https://vipa.me/th/watch/masterofkhonthai","https://assets.vipa.nexbetter.com/pictures/3/b8/6b/b86b4575-f38b-40e8-84cf-c819ec0ff5a7","movie","พระพิราพ","Documentary","arts|culture|Cultural","ดนตรี|ท่านผู้หญิงแผ้ว|องค์|แผ้ว สนิทวงศ์เสนี|สารคดีไทย|ราชสำนัก|สารคดีไทยพีบีเอส|เทพ|สารคดี|ศิลป์|รำต้องห้าม|documentary|ครอบครู|พระพิราพ|ศิลปะ|มรดก|รำ|องค์พระพิราพ|ท่ารำ|นาฏศิลป์|master of khon thai|ท่านผู้หญิงแผ้ว สนิทวงศ์เสนี|วัฒนธรรม|ครู|นาฏศิลป์ไทย|thai pbs|บทเพลง|สังคม|master of kon thai|พิราพ|4k","2024","THA","1","4","7","sign-language|4k|closed-caption","true","https://assets.vipa.nexbetter.com/pictures/3/b8/6b/b86b4575-f38b-40e8-84cf-c819ec0ff5a7","https://assets.vipa.nexbetter.com/pictures/3/b8/6b/b86b4575-f38b-40e8-84cf-c819ec0ff5a7","https://assets.vipa.nexbetter.com/files/3/27/90/2790b3cd-cf9e-4fea-873f-1558a66c53a5","no_data","2025-04-08T08:15:54.00Z","2025-10-31T04:00:24.00Z","0","0"
"6624","การเดินทางของ ”สูญอาหาร”","https://vipa.me/th/watch/wasted","https://assets.vipa.nexbetter.com/pictures/3/71/7d/717de1b0-8982-4cf8-bb61-f57b4efee42e","movie","การเดินทางของ ”สูญอาหาร”","Documentary","food|people|Cultural","สารคดี|documentary|best documentary|best doc|wasted|the story of food waste|waste|food|story|เดินทาง|สูญอาหาร|อาหาร|ขยะ|จั้งฟู้ด|สารคดีต่างประเทศ|ต่างประเทศ|เชฟ|ปรุงอาหาร|ทำอาหาร|นิวออร์ลีนส์|เกาหลี|ญี่ปุ่น","2017","THA","5","5","7","soundtrack","true","https://assets.vipa.nexbetter.com/pictures/3/84/b5/84b5d5ee-082b-4057-8c9e-2fdb6da29c99","https://assets.vipa.nexbetter.com/pictures/3/71/7d/717de1b0-8982-4cf8-bb61-f57b4efee42e","https://assets.vipa.nexbetter.com/files/3/61/cc/61cc5b22-c5ca-4e28-81e9-467653ad5dcf","no_data","2025-04-08T08:15:51.00Z","2026-07-10T08:22:00.00Z","0","0"
"6623","เกลือศาสตร์","https://vipa.me/th/watch/saltwisdom","https://assets.vipa.nexbetter.com/pictures/3/31/c9/31c9881e-df48-473a-bf36-eb9553f95156","movie","เกลือศาสตร์","Documentary","culture|people|Social/Political","เกลือศาสตร์|salt wisdom|โครงการวิจัย|อว. พารู้ พารัก|พารู้ พารัก|รากเหง้าแผ่นดินไทย|ศิลปะ|วัฒนธรรม|เกลือ|ทรัพยากร|อารยธรรม|โบราณคดี|ประวัติศาสตร์|เกลือสินเธาว์|บ่อเกลือ|สารคดี","2023","THA","1","4","3","no_data","true","https://assets.vipa.nexbetter.com/pictures/3/31/c9/31c9881e-df48-473a-bf36-eb9553f95156","https://assets.vipa.nexbetter.com/pictures/3/31/c9/31c9881e-df48-473a-bf36-eb9553f95156","https://assets.vipa.nexbetter.com/files/3/f9/d3/f9d39354-e451-4396-b697-343ffd413b48","no_data","2025-04-08T08:15:49.00Z","2025-07-24T03:27:14.00Z","0","0"
"6621","แผ่นดินแม่","https://vipa.me/th/watch/motherland","https://assets.vipa.nexbetter.com/files/3/d6/e2/d6e241b0-43a3-4f69-9a78-525b38f04aac","movie","แผ่นดินแม่","Drama","Family Drama","แผ่นดินแม่|นนทิยา จิวบางป่า|ธนบัตร งามกมลชัย|ปาริชา วิมลธนาชัย|แม่|อัลไซเมอร์|ป่วย|โรคอัลไซเมอร์|ครอบครัว|บอส ธนบัตร","2019","THA","5","4","2","no_data","true","https://assets.vipa.nexbetter.com/files/3/d6/e2/d6e241b0-43a3-4f69-9a78-525b38f04aac","https://assets.vipa.nexbetter.com/files/3/d6/e2/d6e241b0-43a3-4f69-9a78-525b38f04aac","https://assets.vipa.nexbetter.com/files/3/35/85/35854bc1-e0de-4bb3-961d-1955b95bdac1","Thanabat Ngamkamolchai|นนทิยา จิวบางป่า|ปาริชา วิมลธนาชัย","2025-04-08T08:15:44.00Z","2025-07-24T03:27:47.00Z","0","0"
"6620","มนุษย์แม่","https://vipa.me/th/watch/motherhood","https://assets.vipa.nexbetter.com/pictures/3/c6/df/c6dfac2f-af55-4e8e-a16a-7a3e49f268d7","movie","มนุษย์แม่","Drama","Melodrama|Family Drama|Social Drama","มนุษย์แม่|สโรชา วาทิตตพันธ์|ภาลฎา ฐิตะวชิระ|เต๋า สโรชา|สไมล์ ภาลฎา|ครอบครัว|แม่|แม่ลูก|ความสัมพันธ์|ออทิสติก|การเลี้ยงดู|ล่วงละเมิดทางเพศ","2022","THA","5","5","2","closed-caption|sign-language|audio-description","true","https://assets.vipa.nexbetter.com/pictures/3/c6/df/c6dfac2f-af55-4e8e-a16a-7a3e49f268d7","https://assets.vipa.nexbetter.com/pictures/3/c6/df/c6dfac2f-af55-4e8e-a16a-7a3e49f268d7","https://assets.vipa.nexbetter.com/files/3/95/21/952178e5-aab0-4f74-8d7c-5258a15e72fe","Sarocha Watittapan|Parada Thitawachira","2025-04-08T08:15:41.00Z","2026-08-21T11:16:08.00Z","0","0"
"6619","Duck Academy","https://vipa.me/th/watch/duckacademy","https://assets.vipa.nexbetter.com/pictures/3/59/c0/59c0d35a-66d6-47e2-ab69-78c247f5d469","movie","Duck Academy","Documentary","agricultural|pets-animals|Nature/Environmental","สารคดี|สารคดีไทย|สารคดีไทยพีบีเอส|thai pbs|เป็ด|โรงเรียน|ชาวนา|นา|ครู|คุณครู|สมนึก|ครูสมนึก|สารเคมี|ปุ๋ย|ยาฆ่าแมลง|ครูใหญ่|นักเรียน|ข้าว|สัตว์|สัตว์เลี้ยง|สัตว์มีปีก|ธรรมชาติ|เรียน|duck|academy|duck academy","2024","THA","1","5","8","closed-caption","true","https://assets.vipa.nexbetter.com/pictures/3/83/52/83520b5c-3cba-4830-9e89-da0da4ba80d7","https://assets.vipa.nexbetter.com/pictures/3/59/c0/59c0d35a-66d6-47e2-ab69-78c247f5d469","https://assets.vipa.nexbetter.com/files/3/6a/da/6adae650-28c3-4b47-8f3b-d1ac2e127c34","no_data","2025-04-08T08:15:39.00Z","2026-08-18T07:50:17.00Z","0","0"
"6618","คลื่นเปลี่ยนเรา คลื่นเปลี่ยนโลก","https://vipa.me/th/watch/thewavethatchangedtheworld","https://assets.vipa.nexbetter.com/pictures/3/0c/d5/0cd567ae-286d-45c6-b6d1-14eea8de8529","movie","คลื่นเปลี่ยนเรา คลื่นเปลี่ยนโลก","Documentary","nature-environment|people|Nature/Environmental","คลื่นเปลี่ยนเรา|คลื่นเปลี่ยนโลก|the wave that changed the world|คลื่นเปลี่ยนเรา คลื่นเปลี่ยนโลก|คลื่น|สึนามิ|wave|documentary|สารคดี|ต่างประเทศ|ภัยพิบัติ|ธรรมชาติ|โลก|ทะเล|abu","2024","no_data","5","5","3","soundtrack","true","https://assets.vipa.nexbetter.com/pictures/3/0c/d5/0cd567ae-286d-45c6-b6d1-14eea8de8529","https://assets.vipa.nexbetter.com/pictures/3/0c/d5/0cd567ae-286d-45c6-b6d1-14eea8de8529","https://assets.vipa.nexbetter.com/files/3/07/e5/07e5d60f-4240-4e3c-a86e-7fd376891134","no_data","2025-04-08T08:15:36.00Z","2025-07-24T03:28:25.00Z","0","0"
"6616","คลองเตย Isolated Community","https://vipa.me/th/watch/isolatedcommunity","https://assets.vipa.nexbetter.com/pictures/3/40/cc/40cc177f-7762-4f33-bad1-fb8b11b4daa3","movie","คลองเตย Isolated Community","Documentary","documentary|people|Social/Political","covid-19|โควิด-19|โควิด|คลองเตย|covid|community|สังคม|ชุมชน|การช่วยเหลือ|โรคระบาด|ชุมชนคลองเตย|กักตัว","2021","THA","5","4","2","closed-caption","true","https://assets.vipa.nexbetter.com/pictures/3/40/cc/40cc177f-7762-4f33-bad1-fb8b11b4daa3","https://assets.vipa.nexbetter.com/pictures/3/40/cc/40cc177f-7762-4f33-bad1-fb8b11b4daa3","https://assets.vipa.nexbetter.com/files/3/ad/11/ad11c596-9a4e-46cf-aa46-59b018a2d6b4","no_data","2025-04-08T08:15:32.00Z","2026-03-18T08:59:28.00Z","0","0"
"6615","Bearman of Hokkaido คนรักหมีแห่งฮอกไกโด","https://vipa.me/th/watch/bearmanofhokkaido","https://assets.vipa.nexbetter.com/files/3/c5/1f/c51f6e62-a554-47fb-8143-d32b67ddc92c","movie","Bearman of Hokkaido คนรักหมีแห่งฮอกไกโด","Documentary","pets-animals|people|Nature/Environmental","สารคดี|documentary|best documentary|best doc|bearman of hokkaido|คนรักหมีแห่งฮอกไกโด|หมี|คนรักหมี|ฮอกไกโด|ญี่ปุ่น|สัตว์|สัตว์ป่า|ธรรมชาติ|สิ่งมีชีวิต|มนุษย์|ความสัมพันธ์|สัตว์พื้นเมือง|คาบสมุทรชิเรโตโกะ|ชิเรโตโกะ|ชาวประมง","2020","no_data","5","0","0","soundtrack","true","https://assets.vipa.nexbetter.com/files/3/c5/1f/c51f6e62-a554-47fb-8143-d32b67ddc92c","https://assets.vipa.nexbetter.com/files/3/c5/1f/c51f6e62-a554-47fb-8143-d32b67ddc92c","https://assets.vipa.nexbetter.com/files/3/c5/1f/c51f6e62-a554-47fb-8143-d32b67ddc92c","no_data","2025-04-08T08:15:29.00Z","2025-07-24T03:29:21.00Z","0","0"
"6614","ใต้สมุทรสุดปลายฟ้า","https://vipa.me/th/watch/underocean","https://assets.vipa.nexbetter.com/files/3/86/94/8694d742-1242-49e9-9527-56aaa2ef03db","movie","ใต้สมุทรสุดปลายฟ้า","Drama","people|culture|Social Drama","สิ่งศักดิ์สิทธิ์|ครอบครัว|ชุมชน|ฮัลโหล ไทยแลนด์|กองทุนพัฒนาสื่อปลอดภัยและสร้างสรรค์|ไพศาล ขุนหนู|thailand|ละคร|นครศรีธรรมราช|นรินทร ณ บางช้าง|ลูกปัด|hello|hello thailand|ลูกปัดทวารวดี|ศักดิ์สิทธิ์|ฮัลโหล|ศรัทธา|เอ๋ นรินทร|กลอง|ไทยแลนด์|ใต้สมุทรสุดปลายฟ้า","2023","THA","5","5","1","no_data","true","https://assets.vipa.nexbetter.com/files/3/86/94/8694d742-1242-49e9-9527-56aaa2ef03db","https://assets.vipa.nexbetter.com/files/3/86/94/8694d742-1242-49e9-9527-56aaa2ef03db","https://assets.vipa.nexbetter.com/files/3/a5/93/a5930843-ab7b-4815-a13a-57b4e6a78106","Narinthorn Na Bangchang|Paisan Khunnu","2025-04-08T08:15:27.00Z","2025-11-21T07:25:52.00Z","0","0"
"6613","พ่อ...เป็นแล้วไม่หาย","https://vipa.me/th/watch/dadisdad","https://assets.vipa.nexbetter.com/pictures/3/03/b1/03b16ccb-098b-450f-907c-53248aedf479","movie","พ่อ...เป็นแล้วไม่หาย","Drama","Family Drama","พ่อ เป็นแล้วไม่หาย|พ่อ|เป็นแล้วไม่หาย|ละคร|ละครไทย|ละครไทยพีบีเอส|ไทยพีบีเอส|thai pbs|หนุ่ม ศรราม|ศรราม เทพพิทักษ์|สุรเดช พินิวัตร์|บาว สุรเดช|ความรัก|ความสัมพันธ์|พ่อลูก|ครอบครัว|ชลิตา เฟื่องอารมย์|หมิว ชลิตา","2020","THA","1","4","4","no_data","true","https://assets.vipa.nexbetter.com/pictures/3/03/b1/03b16ccb-098b-450f-907c-53248aedf479","https://assets.vipa.nexbetter.com/pictures/3/03/b1/03b16ccb-098b-450f-907c-53248aedf479","https://assets.vipa.nexbetter.com/pictures/3/8e/f1/8ef1e1dc-0510-4f6d-8929-8147d4e9c6b7","Sornram Theappitak|Hatsanat Piniwat|Chamanun Wanwinwasara|Chalita Fuangaromya","2025-04-08T08:15:24.00Z","2025-07-24T03:29:57.00Z","0","0"
"6612","แรงกระเพื่อมที่ 400","https://vipa.me/th/watch/thebutterflyeffect","https://assets.vipa.nexbetter.com/files/3/29/8e/298e51c2-7abe-4a16-a575-d9f2463723d1","movie","แรงกระเพื่อมที่ 400","Documentary","culture|people|Social/Political","สารคดี|the butterfly effect|แรงกระเพื่อมที่ 400|สมรสเท่าเทียม|ความเท่าเทียม|lgbtq|กฎหมาย|แรงกระเพื่อม|butterfly|effect|จดทะเบียนสมรส|จดทะเบียน|ศิลปะ|วัฒนธรรม|เท่าเทียม|สมรส|แต่งงาน|เพศสภาพ|เศรษฐกิจ|สังคม","2025","THA","5","4","3","no_data","true","https://assets.vipa.nexbetter.com/files/3/29/8e/298e51c2-7abe-4a16-a575-d9f2463723d1","https://assets.vipa.nexbetter.com/files/3/29/8e/298e51c2-7abe-4a16-a575-d9f2463723d1","https://assets.vipa.nexbetter.com/files/3/d1/60/d160d44f-53e3-40b3-adf4-2b81d12661a4","no_data","2025-04-08T08:15:22.00Z","2025-07-24T03:30:07.00Z","0","0"
"6611","สำรับชาติพันธุ์","https://vipa.me/th/watch/ethniccuisine","https://assets.vipa.nexbetter.com/files/3/ba/e5/bae59e00-41e7-45e5-ad84-f1d6504998cd","movie","สำรับชาติพันธุ์","Documentary","culture|people|Nature/Environmental|Social/Political","สำรับชาติพันธุ์|สารคดี|วัฒนธรรม|อาหาร|ชาติพันธุ์|สำรับ|กะเหรี่ยง|ปกาเกอะญอ|อูรักลาโว้ย|หลีเป๊ะ|เชียงใหม่|สตูล|วิถีชีวิต|กลุ่มชาติพันธุ์|ชนเผ่า|ชนเผ่าพื้นเมือง|พื้นเมือง","2022","THA","5","5","1","sign-language|closed-caption","true","https://assets.vipa.nexbetter.com/files/3/e2/fe/e2fed703-0dc1-46c0-afc7-cd7ccf050886","https://assets.vipa.nexbetter.com/files/3/ba/e5/bae59e00-41e7-45e5-ad84-f1d6504998cd","https://assets.vipa.nexbetter.com/files/3/18/3d/183ddf29-9f68-4dc7-a39c-1f2a160aa869","no_data","2025-04-08T08:15:19.00Z","2025-07-24T03:30:18.00Z","0","0"
"6610","ผัดไทย สูตรลับลิขิตฝัน","https://vipa.me/th/watch/padthai","https://assets.vipa.nexbetter.com/pictures/3/38/70/3870c9ab-6f89-41d8-8a59-595c667d6d9b","movie","ผัดไทย สูตรลับลิขิตฝัน","Drama","food|people|Melodrama","ผัดไทย สูตรลับลิขิตฝัน|ผัดไทย|อาหารไทย|พลอย ไพลิน|pigkaploy|จรรยา ธนาสว่างกุล|เชฟ|ทำอาหาร|อาหาร","2021","THA","5","5","1","sign-language|closed-caption|audio-description","true","https://assets.vipa.nexbetter.com/pictures/3/38/70/3870c9ab-6f89-41d8-8a59-595c667d6d9b","https://assets.vipa.nexbetter.com/pictures/3/38/70/3870c9ab-6f89-41d8-8a59-595c667d6d9b","https://assets.vipa.nexbetter.com/files/3/00/ee/00ee5383-4826-406e-8a91-3b86692a0757","Ploypailin Thangprapaporn|Janya Thanasawangkul","2025-04-08T08:15:17.00Z","2025-07-03T08:19:10.00Z","0","0"
"6609","ออนแอร์หรรษา บ้านนาโฮแซว","https://vipa.me/th/watch/onairhunsa","https://assets.vipa.nexbetter.com/files/3/24/84/2484894c-7931-4817-bf71-8e4d9a93e745","movie","ออนแอร์หรรษา บ้านนาโฮแซว","Drama","culture|people|Social Drama","ละคร|ออนแอร์หรรษา|บ้านนาโฮแซว|ออนแอร์หรรษา บ้านนาโฮแซว|ชุมชน|กองทุน|hello thailand|ฮัลโหลไทยแลนด์|ฮัลโหล|ไทยแลนด์|hello|thailand|ออนแอร์|หรรษา|บ้านนา|โฮแซว|ชาวบ้าน|หมูบ้าน|ต่างจังหวัด|ภาคตะวันออกเฉียงเหนือ|ตะวันออกเฉียงเหนือ|อีสาน|ละครชุด|ปฏิมา ฉ่ำฟ้า|ภานุพงศ์ จันทร์ฉาย|บุญส่ง นาคภู่|สายเชีย วงศ์วิโรจน์|โกศิลป์ กานุวงศ์|บ้านดอนเอิบ|กาฬสินธุ์|วัฒนธรรม|กองทุนพัฒนาสื่อปลอดภัยและสร้างสรรค์|กองทุนพัฒนาสื่อ","2024","THA","5","0","0","closed-caption","true","https://assets.vipa.nexbetter.com/files/3/24/84/2484894c-7931-4817-bf71-8e4d9a93e745","https://assets.vipa.nexbetter.com/files/3/24/84/2484894c-7931-4817-bf71-8e4d9a93e745","https://assets.vipa.nexbetter.com/files/3/3a/20/3a20b942-4c2d-470f-8a62-6f95418ddc2e","no_data","2025-04-08T08:15:14.00Z","2025-07-24T03:30:43.00Z","0","0"
"6608","ในจังหวะแห่งศรัทธา ตอน พุกามในรอยทางแห่งศรัทธา","https://vipa.me/th/watch/rhytmoffaith","https://assets.vipa.nexbetter.com/files/3/92/ec/92ec6cdf-5ae3-44dc-96ab-bf55120535bd","movie","ในจังหวะแห่งศรัทธา ตอน พุกามในรอยทางแห่งศรัทธา","Documentary","Cultural","พุกามในรอยทางแห่งศรัทธา|นัต|ผีนัต|พุกาม|แดนเจดีย์สี่พันองค์|ในจังหวะแห่งศรัทธา|บูชาผีนัต|ประเพณีชาวเมียนมา|พระพุทธศาสนา|เมียนมา","2020","THA","5","5","1","no_data","true","https://assets.vipa.nexbetter.com/files/3/92/ec/92ec6cdf-5ae3-44dc-96ab-bf55120535bd","https://assets.vipa.nexbetter.com/files/3/92/ec/92ec6cdf-5ae3-44dc-96ab-bf55120535bd","https://assets.vipa.nexbetter.com/files/3/92/ec/92ec6cdf-5ae3-44dc-96ab-bf55120535bd","no_data","2025-04-08T08:15:12.00Z","2025-07-24T03:30:57.00Z","0","0"
"6607","ละครชุด แม่ผู้สร้าง เรื่อง สายใยรักแห่งแผ่นดิน","https://vipa.me/th/watch/saiyairak","https://assets.vipa.nexbetter.com/files/3/1b/85/1b85d2a5-455a-4cb3-9f76-50d9febe69ed","movie","ละครชุด แม่ผู้สร้าง เรื่อง สายใยรักแห่งแผ่นดิน","Drama","Family Drama","แม่ผู้สร้าง|ละครชุด|สายใยรักแห่งแผ่นดิน|แม่|ครอบครัว|ม้ง|ชนเผ่า|ชาติพันธุ์|ภัชธร ธนวัฒน์|พลอย ภัชธร|จรรยา ธนาสว่างกุล|หยา จรรยา|ทศพล หมายสุข|ท็อป ทศพล","2018","THA","5","5","1","no_data","true","https://assets.vipa.nexbetter.com/files/3/1b/85/1b85d2a5-455a-4cb3-9f76-50d9febe69ed","https://assets.vipa.nexbetter.com/files/3/1b/85/1b85d2a5-455a-4cb3-9f76-50d9febe69ed","https://assets.vipa.nexbetter.com/files/3/45/92/459237f7-86ab-4a6a-9baa-fd37219e9c7d","Janya Thanasawangkul|Phatchatorn Thanawat|Todsapol Maisuk","2025-04-08T08:15:09.00Z","2025-07-24T03:31:12.00Z","0","0"
"6606","โยเดีย ที่คิด(ไม่)ถึง ตอนพิเศษ สายเลือดและศิลปะแห่งโยเดีย (Big Sign)","https://vipa.me/th/watch/yodia-bigsign","https://assets.vipa.nexbetter.com/files/3/01/1a/011abaf3-8a43-4d45-af11-a22f52930225","movie","โยเดีย ที่คิด(ไม่)ถึง ตอนพิเศษ สายเลือดและศิลปะแห่งโยเดีย (Big Sign)","Documentary","culture|arts|Cultural","โยเดีย|สารคดี|พรมแดนแลสายเลือด|ศิลปะ|ไทย|ประวัติศาสตร์|ความเป็นไทย|สายเลือดไทย|โยเดีย ที่คิดไม่ถึง|โยเดียที่คิดไม่ถึง|วัฒนธรรม|โยเดีย ที่คิด(ไม่)ถึง|สายเลือดและศิลปะแห่งโยเดีย|sign language|ภาษามือ|big sign|วิชาชีพ","2021","THA","5","0","0","sign-language","true","https://assets.vipa.nexbetter.com/files/3/01/1a/011abaf3-8a43-4d45-af11-a22f52930225","https://assets.vipa.nexbetter.com/files/3/01/1a/011abaf3-8a43-4d45-af11-a22f52930225","https://assets.vipa.nexbetter.com/files/3/98/44/9844e1ab-0795-4962-909c-a38924360814","no_data","2025-04-08T08:15:07.00Z","2025-07-24T03:31:29.00Z","0","0"
"6604","ครอบครัวใหญ่ ตระกูลเพนกวิน","https://vipa.me/th/watch/penguinsmeetthefamily","https://assets.vipa.nexbetter.com/files/3/69/83/69832aff-651c-42ba-be63-43e138d45582","movie","ครอบครัวใหญ่ ตระกูลเพนกวิน","Documentary","pets-animals|nature-environment|Nature/Environmental","สารคดี|documentary|best documentary|best doc|penguins|penguin|แพนกวิน|เพนกวิน|ครอบครัวใหญ่ ตระกูลเพนกวิน|ครอบครัว|ว่ายน้ำ|นก|ปรับตัว|ใช้ชีวิต|วิถีชีวิต|นิวซีแลนด์|แอนตาร์กติกา|เกาะ|หนาว","2020","THA","1","0","0","soundtrack","true","https://assets.vipa.nexbetter.com/files/3/ba/e4/bae4cd62-7d52-48ec-8584-582d2090c414","https://assets.vipa.nexbetter.com/files/3/69/83/69832aff-651c-42ba-be63-43e138d45582","https://assets.vipa.nexbetter.com/files/3/41/87/41876eb0-bcf0-4f22-9faf-e81a22039eca","no_data","2025-04-08T08:15:02.00Z","2025-07-24T03:31:51.00Z","0","0"
"6603","The Sixty ปีที่ 60 ของชีวิต","https://vipa.me/th/watch/thesixty","https://assets.vipa.nexbetter.com/pictures/3/d6/19/d6195e5f-db81-4d1a-9fc2-0bafbd4fb6f7","movie","The Sixty ปีที่ 60 ของชีวิต","Documentary","people|culture|Biographical|Social/Political","สารคดี|the sixty|ปีที่ 60|ของชีวิต|60|the sixty ปีที่ 60 ของชีวิต|สังคมสูงวัย|สังคม|สังคมไทย|ชีวิต|วิถีชีวิต|สัมภาษณ์|แนวคิด|แง่คิด|มุมมอง|ผู้สูงวัย|ผู้สูงอายุ|ชรา","2024","THA","5","0","0","sign-language","true","https://assets.vipa.nexbetter.com/pictures/3/d6/19/d6195e5f-db81-4d1a-9fc2-0bafbd4fb6f7","https://assets.vipa.nexbetter.com/pictures/3/d6/19/d6195e5f-db81-4d1a-9fc2-0bafbd4fb6f7","https://assets.vipa.nexbetter.com/files/3/5c/c3/5cc37918-9388-409a-85f1-ffa2268f4eee","no_data","2025-04-08T08:14:59.00Z","2025-09-03T09:26:43.00Z","0","0"
"6602","มันนิใต้ป่าภูผาเพชร","https://vipa.me/th/watch/maniphuphaphet","https://assets.vipa.nexbetter.com/files/3/48/30/48302999-c6e1-4eb6-90fd-93d152ac5106","movie","มันนิใต้ป่าภูผาเพชร","Documentary","culture|people|Cultural","มันนิใต้ป่าภูผาเพชร|สารคดี|วิถีชีวิต|ชาวมันนิกลุ่มภูผาเพชร|ชาวมันนิ|มันนิ|เร่ร่อน|คนป่า|ชีวิต|ป่า|กลุ่มชาติพันธุ์|ธรรมชาติ|สิ่งแวดล้อม|ป่าไม้|ภูผาเพชร|ใต้ป่าภูผาเพชร|สังคม|วัฒนธรรม|ประเพณี|ชุมชน|ชาวบ้าน","2022","THA","5","5","1","sign-language","true","https://assets.vipa.nexbetter.com/files/3/62/9c/629ce1a4-075a-4b51-9c48-8b4feb07e417","https://assets.vipa.nexbetter.com/files/3/48/30/48302999-c6e1-4eb6-90fd-93d152ac5106","https://assets.vipa.nexbetter.com/files/3/64/5e/645e5d39-8e35-46f3-8c03-f1472926a8d0","Krittanon Thotsagool","2025-04-08T08:14:57.00Z","2025-12-23T09:00:58.00Z","0","0"
"6599","ใต้ปีกแห่งฝัน","https://vipa.me/th/watch/dreamalittledream","https://assets.vipa.nexbetter.com/files/3/06/a2/06a22be2-3fc0-417f-8003-61454533d097","movie","ใต้ปีกแห่งฝัน","Drama","family|culture|Social Drama","ใต้ปีกแห่งฝัน|ละคร|ละครพิเศษ|วันแม่|แม่|แม่ลูก|ครอบครัว|โขน|การแสดง|การแสดงโขน|ศิลปะ|วัฒนธรรม|ประเพณี|ธรรมเนียม|เอ็กซ์ พรเลิศ|พรเลิศ พิพัฒน์รุ่งเรือง|ธมนต์ชิตา นามกูล|ตุ๊ก ชนกวนัน|ชนกวนัน รักชีพ|ธาม นรภัทร|นรภัทร นาคะดำรงชัย|นาฏศิลป์","2023","THA","5","4","3","closed-caption|audio-description","true","https://assets.vipa.nexbetter.com/files/3/06/a2/06a22be2-3fc0-417f-8003-61454533d097","https://assets.vipa.nexbetter.com/files/3/06/a2/06a22be2-3fc0-417f-8003-61454533d097","https://assets.vipa.nexbetter.com/files/3/5c/f7/5cf766c6-5d35-4684-bf13-2120a8315a51","Chanokwanun Rakcheep|Phornloet Phiphatrungrueang|Norraphat Nakadumrongchai|Thamonchita Namkool","2025-04-08T08:14:50.00Z","2025-11-06T08:50:52.00Z","0","0"
"6598","กว่าจะโต ตอน ครอบครัววงศ์พัฒนกิจ","https://vipa.me/th/watch/kwajato2","https://assets.vipa.nexbetter.com/files/3/8f/3a/8f3ac349-34e3-490a-89b8-37eeb2d006a6","movie","กว่าจะโต ตอน ครอบครัววงศ์พัฒนกิจ","Variety & LifeStyle","Talk Shows","กว่าจะโต|นักเทควันโด|เทควันโด|ครอบครัววงศ์พัฒนกิจ|ครอบครัว|วงศ์พัฒนกิจ|นักกีฬา|เทนนิส|นักกีฬาไทย|นักกีฬาไทยไปโอลิมปิก|พาณิภัค วงศ์พัฒนกิจ","2020","THA","5","5","1","no_data","true","https://assets.vipa.nexbetter.com/files/3/8f/3a/8f3ac349-34e3-490a-89b8-37eeb2d006a6","https://assets.vipa.nexbetter.com/files/3/8f/3a/8f3ac349-34e3-490a-89b8-37eeb2d006a6","https://assets.vipa.nexbetter.com/files/3/8f/3a/8f3ac349-34e3-490a-89b8-37eeb2d006a6","no_data","2025-04-08T08:14:47.00Z","2025-07-24T03:34:02.00Z","0","0"
"6597","กว่าจะโต ตอน ครอบครัวรัชนก อินทนนท์","https://vipa.me/th/watch/kwajato","https://assets.vipa.nexbetter.com/files/3/2b/76/2b76420b-b199-4c08-898d-b072e32922eb","movie","กว่าจะโต ตอน ครอบครัวรัชนก อินทนนท์","Variety & LifeStyle","Talk Shows","ครอบครัวรัชนก อินทนนท์|รัชนก อินทนนท์|นักตบลูกขนไก่|กีฬาแบดมินตัน|กีฬา|แบดมินตัน|เมย์ รัชนก อินทนนท์|เมย์|ครอบครัว|กว่าจะโต","2020","THA","5","5","1","no_data","true","https://assets.vipa.nexbetter.com/files/3/2b/76/2b76420b-b199-4c08-898d-b072e32922eb","https://assets.vipa.nexbetter.com/files/3/2b/76/2b76420b-b199-4c08-898d-b072e32922eb","https://assets.vipa.nexbetter.com/files/3/2b/76/2b76420b-b199-4c08-898d-b072e32922eb","no_data","2025-04-08T08:14:45.00Z","2025-07-24T03:34:18.00Z","0","0"
"6596","ความเขียวขจีของอัฟกานิสถาน","https://vipa.me/th/watch/waternotweapons","https://assets.vipa.nexbetter.com/pictures/3/74/dc/74dc26a1-7b20-463c-8fab-17c6db071fcc","movie","ความเขียวขจีของอัฟกานิสถาน","Documentary","health|people|Nature/Environmental","สารคดี|documentary|best documentary|best doc|water|not weapons|afghanistan|อัฟกานิสถาน|ความเขียวขจี|ความแห้งแล้ง|แห้งแล้ง|น้ำ|ขาดแคลน|the greening of afghanistan|แพทย์|นายแพทย์|หมอ|ญี่ปุ่น|อนามัย|สุขอนามัย|สุขภาพ|ร่างกาย|คลอง|คลองชลประทาน|เทตสึ นากามูระ","2017","THA","1","0","0","soundtrack","false","https://assets.vipa.nexbetter.com/pictures/3/74/dc/74dc26a1-7b20-463c-8fab-17c6db071fcc","https://assets.vipa.nexbetter.com/pictures/3/74/dc/74dc26a1-7b20-463c-8fab-17c6db071fcc","https://assets.vipa.nexbetter.com/files/3/ff/fb/fffbdacb-d0c6-4196-a972-f2dc198bc09c","no_data","2025-04-08T08:14:42.00Z","2025-11-25T02:50:56.00Z","0","0"
"6595","The Cathedral","https://vipa.me/th/watch/thecathedral","https://assets.vipa.nexbetter.com/files/3/d6/81/d68163a4-a9df-4f02-b070-daf1e8f056f3","movie","The Cathedral","Documentary","arts|culture|Cultural","สารคดี|documentary|documentary club|doc club|the cathedral|โบสถ์|วิหาร|สถาปัตยกรรม|มหาวิหาร|ชุมชน","2022","SVK","5","0","0","soundtrack","true","https://assets.vipa.nexbetter.com/files/3/23/ad/23adfb2d-ff38-49f5-ac3b-5df7b57433fc","https://assets.vipa.nexbetter.com/files/3/d6/81/d68163a4-a9df-4f02-b070-daf1e8f056f3","https://assets.vipa.nexbetter.com/files/3/23/ad/23adfb2d-ff38-49f5-ac3b-5df7b57433fc","no_data","2025-04-08T08:14:40.00Z","2025-07-24T03:34:49.00Z","0","0"
"6594","Orlando: My Political Biography","https://vipa.me/th/watch/orlando","https://assets.vipa.nexbetter.com/files/3/3a/48/3a48fedb-35b0-4077-b5db-7e2f71e1b27c","movie","Orlando: My Political Biography","Documentary","biography|people|Social/Political|Biographical","สารคดี|documentary|documentary club|doc club|เวอร์จิเนีย วูล์ฟ|virginia woolf|นิยาย|นวนิยาย|orlando|ออลันโด|transgender|lgbtq|เพศ|เพศสภาพ|เพศทางเลือก|my political biography|biography|paul b. preciado|ออร์แลนโด","2023","FRA","1","0","0","soundtrack","true","https://assets.vipa.nexbetter.com/files/3/b6/f5/b6f56eb1-9f31-44d0-b2a6-bee7dbb517c3","https://assets.vipa.nexbetter.com/files/3/3a/48/3a48fedb-35b0-4077-b5db-7e2f71e1b27c","https://assets.vipa.nexbetter.com/files/3/b6/f5/b6f56eb1-9f31-44d0-b2a6-bee7dbb517c3","no_data","2025-04-08T08:14:38.00Z","2025-07-24T03:35:10.00Z","0","0"
"6593","มรสุมแสงดาว","https://vipa.me/th/watch/starandmonsoon","https://assets.vipa.nexbetter.com/pictures/3/6c/1e/6c1e178a-7cb2-4435-850d-4512b94a1008","movie","มรสุมแสงดาว","Documentary","culture|people|Historical","โครงการวิจัย|อว. พารู้ พารัก|พารู้ พารัก|รากเหง้าแผ่นดินไทย|ศิลปะ|วัฒนธรรม|ทรัพยากร|อารยธรรม|โบราณคดี|ประวัติศาสตร์|สารคดี|มรสุมแสงดาว|star|monsoon","2023","THA","5","4","2","no_data","true","https://assets.vipa.nexbetter.com/pictures/3/6c/1e/6c1e178a-7cb2-4435-850d-4512b94a1008","https://assets.vipa.nexbetter.com/pictures/3/6c/1e/6c1e178a-7cb2-4435-850d-4512b94a1008","https://assets.vipa.nexbetter.com/files/3/6d/1b/6d1b753a-9fc2-48e7-a1b5-de028e111f24","no_data","2025-04-08T08:14:35.00Z","2025-07-24T03:35:26.00Z","0","0"
"6591","ลิงเปลี่ยนโรค WORTH OF LIFE (Big Sign)","https://vipa.me/th/watch/worthoflife-bigsign","https://assets.vipa.nexbetter.com/files/3/af/06/af063769-7149-4946-a5fe-57bff29cabf2","movie","ลิงเปลี่ยนโรค WORTH OF LIFE (Big Sign)","Documentary","documentary|health|Nature/Environmental","ลิงเปลี่ยนโรค|worth of life|ลิงเปลี่ยนโรค worth of life|สารคดี|ลิง|โควิด-19|วิจัย|โควิด19|โรคร้าย|โรคระบาด|covid 19|sign language|ภาษามือ|big sign","2022","THA","5","4","1","sign-language","true","https://assets.vipa.nexbetter.com/files/3/af/06/af063769-7149-4946-a5fe-57bff29cabf2","https://assets.vipa.nexbetter.com/files/3/af/06/af063769-7149-4946-a5fe-57bff29cabf2","https://assets.vipa.nexbetter.com/files/3/3d/56/3d568e14-557e-4079-993f-dcf9f6ba0c30","no_data","2025-04-08T08:14:30.00Z","2025-07-24T03:36:02.00Z","0","0"
"6590","Ruthless Times - Songs of Care","https://vipa.me/th/watch/ruthlesstimes","https://assets.vipa.nexbetter.com/files/3/90/db/90dbe715-94ed-4606-b755-6775524ea0c2","movie","Ruthless Times - Songs of Care","Documentary","health|people|Social/Political","สารคดี|documentary|documentary club|doc club|สังคมสูงวัย|ผู้สูงอายุ|ผู้สูงวัย|ชรา|คุณภาพชีวิต|ชีวิต|สังคม|สาธารณสุข|ฟินแลนด์|สุขภาพ|ดูแลสุขภาพ|โรงพยาบาล|การสัมภาษณ์|หนังเพลง|เพลง|พยาบาล|บุคลากรทางการแพทย์|แพทย์|ruthless times|songs of care|บทเพลง|ruthless|times|songs|care|หมอ|armotonta|menoa","2022","FIN","5","0","0","soundtrack","true","https://assets.vipa.nexbetter.com/files/3/90/db/90dbe715-94ed-4606-b755-6775524ea0c2","https://assets.vipa.nexbetter.com/files/3/90/db/90dbe715-94ed-4606-b755-6775524ea0c2","https://assets.vipa.nexbetter.com/files/3/90/db/90dbe715-94ed-4606-b755-6775524ea0c2","no_data","2025-04-08T08:14:28.00Z","2025-07-24T03:36:21.00Z","0","0"
"6589","Once Upon a Time in a Forest","https://vipa.me/th/watch/onceuponatimeinaforest","https://assets.vipa.nexbetter.com/pictures/3/dd/4f/dd4fb339-b667-42ab-a932-19a3b3c3939a","movie","Once Upon a Time in a Forest","Documentary","nature-environment|people|Nature/Environmental","สารคดี|documentary|documentary club|doc club|forest|once upon a time in a forest|once|upon|a time","2024","no_data","5","5","4","closed-caption|soundtrack","true","https://assets.vipa.nexbetter.com/pictures/3/f7/54/f7544dfa-3c38-4bc9-bfd4-2048902a536a","https://assets.vipa.nexbetter.com/pictures/3/dd/4f/dd4fb339-b667-42ab-a932-19a3b3c3939a","https://assets.vipa.nexbetter.com/pictures/3/66/d4/66d4470f-1456-464b-8c20-2e0c8e4a204f","no_data","2025-04-08T08:14:26.00Z","2026-01-29T08:00:48.00Z","0","0"
"6588","เภรีระบัดชัย","https://vipa.me/th/watch/wayofspirit","https://assets.vipa.nexbetter.com/files/3/10/df/10df4a25-203f-4381-9d0f-bde1bed5dbf9","movie","เภรีระบัดชัย","Drama","culture|arts|Social Drama","กลองสะบัดชัย|ฮัลโหล ไทยแลนด์|เยาวชน|กองทุนพัฒนาสื่อปลอดภัยและสร้างสรรค์|thailand|เท่ห์ อุเทน|ละคร|พระสงฆ์|ครูนิค|hello|ศาสนาพุทธ|ชาวบ้าน|hello thailand|ศรัณย์ สุวรรณโชติ|ฮัลโหล|ศรัทธา|เภรีระบัดชัย|กลอง|ไทยแลนด์|พุทธศาสนา|อุเทน พรหมมินทร์|นิค ศรัณย์|ตีกลอง","2023","THA","5","0","0","no_data","true","https://assets.vipa.nexbetter.com/files/3/10/df/10df4a25-203f-4381-9d0f-bde1bed5dbf9","https://assets.vipa.nexbetter.com/files/3/10/df/10df4a25-203f-4381-9d0f-bde1bed5dbf9","https://assets.vipa.nexbetter.com/files/3/1b/bb/1bbbeaf6-ffc6-4ad8-b0eb-a588f87ff047","Utain Prommin|ศรัณย์ สุวรรณโชติ","2025-04-08T08:14:23.00Z","2025-07-24T03:37:32.00Z","0","0"
"6587","First Class ห้องเรียนแรก","https://vipa.me/th/watch/firstclass","https://assets.vipa.nexbetter.com/pictures/3/2a/79/2a79d2ed-8fa3-4701-9b48-73870a869817","movie","First Class ห้องเรียนแรก","Kids & Family","people|kids","ห้องเรียนแรก|first class|เรียน|การเรียน|เด็ก|เยาวชน|ครอบครัว|เรียนหนังสือ|เรียนรู้|kids|kid|การเติบโต|นักเรียน|โรงเรียน|นอกห้องเรียน|ห้องเรียน","2024","THA","1","5","1","no_data","true","https://assets.vipa.nexbetter.com/pictures/3/2a/79/2a79d2ed-8fa3-4701-9b48-73870a869817","https://assets.vipa.nexbetter.com/pictures/3/2a/79/2a79d2ed-8fa3-4701-9b48-73870a869817","https://assets.vipa.nexbetter.com/pictures/3/7f/4b/7f4b8ef3-56de-405f-91ae-0caa5ba23dee","no_data","2025-04-08T08:14:21.00Z","2025-07-24T03:37:44.00Z","0","0"
"6586","ของขวัญ","https://vipa.me/th/watch/thegift","https://assets.vipa.nexbetter.com/files/3/7e/fa/7efa5026-0cf5-4c0c-a126-7acdf057f782","movie","ของขวัญ","Drama","family|people|Social Drama","ละครพิเศษ|แม่|แม่ลูก|ครอบครัว|วันแม่|ละคร|อุ้ม อาภาศิริ|อาภาศิริ นิติพน|ตูน ปาณิสรา|ปาณิสรา ปริญญารักษ์|บอส ธนบัตร|ธนบัตร งามกมลชัย|เฟิร์น ณัฐชยกานต์|ณัฐชยกานต์ ปากหวาน|จ๋า ณปภัช|ณปภัช วรพฤทธานนท์|พยาบาล|สภากาชาดไทย|วัยเกษียณ|เกษียณ|มะเร็งเม็ดเลือดขาว|มะเร็ง|ของขวัญ|รักษา|ผู้บริจาค","2023","THA","5","5","1","audio-description|closed-caption","true","https://assets.vipa.nexbetter.com/files/3/7e/fa/7efa5026-0cf5-4c0c-a126-7acdf057f782","https://assets.vipa.nexbetter.com/files/3/7e/fa/7efa5026-0cf5-4c0c-a126-7acdf057f782","https://assets.vipa.nexbetter.com/files/3/44/62/4462277c-ef5f-4c36-9ea3-b0d0af010b05","Apasiri Nitibhon|Panisara Prinyarux|Thanabat Ngamkamolchai|Natchayakarn Pagwhan|Napaphat Worraphuttanon","2025-04-08T08:14:18.00Z","2025-11-14T07:17:14.00Z","0","0"
"6585","มืออาชีพ: ขยะกับชีวิต","https://vipa.me/th/watch/garbageasacalling","https://assets.vipa.nexbetter.com/pictures/3/29/bc/29bc7a61-f769-4ce7-bd6e-340724784a64","movie","มืออาชีพ: ขยะกับชีวิต","Documentary","nature-environment|people|Social/Political|Cultural","สารคดี|documentary|best documentary|best doc|the professional|garbage|garbage as a calling|มืออาชีพ|ขยะกับชีวิต|ขยะ|สิ่งแวดล้อม|พนักงานเก็บขยะ|คนเก็บขยะ|ญี่ปุ่น|บ้านเมือง|เมือง|สังคม|วิถีชีวิต|ชีวิต|โยโกฮาม่า|yokohama|อาชีพ|คนทำงาน|ทำงาน|nhk|ทาเกะ ยูซุเก","no_data","JPN","1","0","0","soundtrack","false","https://assets.vipa.nexbetter.com/pictures/3/29/bc/29bc7a61-f769-4ce7-bd6e-340724784a64","https://assets.vipa.nexbetter.com/pictures/3/29/bc/29bc7a61-f769-4ce7-bd6e-340724784a64","https://assets.vipa.nexbetter.com/files/3/cb/17/cb175d4a-b85c-4060-b0d0-6beb15ec195a","no_data","2025-04-08T08:14:16.00Z","2025-07-24T03:38:06.00Z","0","0"
"6584","Aroi Mark อร่อย มาร์ค","https://vipa.me/th/watch/aroimark","https://assets.vipa.nexbetter.com/files/3/28/c4/28c452d3-53a5-44d4-96f5-10c4bcd89c9b","movie","Aroi Mark อร่อย มาร์ค","Food & Travel","culture|food|Food Documentaries","aroi mark|aroi|mark|อร่อย|มาร์ค|อร่อย มาร์ค|สารคดี|สารคดีไทย|สารคดีไทยพีบีเอส|ไทยพีบีเอส|thai pbs|อาหาร|อาหารไทย|ชิม|ลิ้มลอง|ลอง|รสชาติ|วัตถุดิบ|soft power|คนไทย|ต่างชาติ|ชาวต่างชาติ|mark wiens|มาร์ค เวน|ยูทูบเบอร์|youtuber|ท่องเที่ยว|food|thai|thai food|4k","2024","THA","5","4","6","4k|closed-caption|4k","true","https://assets.vipa.nexbetter.com/files/3/78/19/7819cdd8-a733-492a-b063-48d0ed751f9a","https://assets.vipa.nexbetter.com/files/3/28/c4/28c452d3-53a5-44d4-96f5-10c4bcd89c9b","https://assets.vipa.nexbetter.com/files/3/b0/ed/b0eda390-5738-42a7-bb98-1330d21b855a","Mark Wiens","2025-04-08T08:14:13.00Z","2025-08-08T04:42:14.00Z","0","0"
"6581","Patrice: The Movie","https://vipa.me/th/watch/patrice","https://assets.vipa.nexbetter.com/pictures/3/da/b6/dab67d0b-d837-4a09-af82-3cfb9c5c4bde","movie","Patrice: The Movie","Documentary","culture|people|Biographical|Social/Political","patrice|the movie|สารคดี|documentary|documentary club|doc club|โรแมนติก|คอมเมดี้|ตลก|แต่งงาน|คนพิการ|ผู้พิการ|ความเท่าเทียม|สมรส|คู่รัก","2024","THA","5","5","1","closed-caption|soundtrack","true","https://assets.vipa.nexbetter.com/pictures/3/af/88/af8856bf-2cd4-40cc-b90a-66c2d08b21e8","https://assets.vipa.nexbetter.com/pictures/3/da/b6/dab67d0b-d837-4a09-af82-3cfb9c5c4bde","https://assets.vipa.nexbetter.com/files/3/8d/bb/8dbbec67-0892-4d37-8a6a-1a38cc83a9a1","no_data","2025-04-08T08:14:06.00Z","2025-11-25T05:00:00.00Z","0","0"
"6580","มันนิใต้ป่าภูผาเพชร (Big Sign)","https://vipa.me/th/watch/maniphuphaphet-bigsign","https://assets.vipa.nexbetter.com/files/3/8c/5b/8c5b444f-6c77-4d53-a4d2-1c37f74d17c6","movie","มันนิใต้ป่าภูผาเพชร (Big Sign)","Documentary","culture|people|Cultural","มันนิใต้ป่าภูผาเพชร|สารคดี|วิถีชีวิต|ชาวมันนิกลุ่มภูผาเพชร|ชาวมันนิ|มันนิ|เร่ร่อน|คนป่า|ชีวิต|ป่า|กลุ่มชาติพันธุ์|ธรรมชาติ|สิ่งแวดล้อม|ป่าไม้|ภูผาเพชร|ใต้ป่าภูผาเพชร|สังคม|วัฒนธรรม|ประเพณี|ชุมชน|ชาวบ้าน|sign language|ภาษามือ|big sign","2022","THA","5","5","1","sign-language","true","https://assets.vipa.nexbetter.com/files/3/8c/5b/8c5b444f-6c77-4d53-a4d2-1c37f74d17c6","https://assets.vipa.nexbetter.com/files/3/8c/5b/8c5b444f-6c77-4d53-a4d2-1c37f74d17c6","https://assets.vipa.nexbetter.com/files/3/86/39/86393f86-34b6-41be-89ca-8a2b3c0e0393","Krittanon Thotsagool","2025-04-08T08:14:04.00Z","2025-12-23T09:01:04.00Z","0","0"
"6579","พระพิราพ (Big Sign)","https://vipa.me/th/watch/masterofkhonthai-bigsign","https://assets.vipa.nexbetter.com/files/3/e9/6f/e96fce38-0a50-457e-aa4b-e9754bb06e07","movie","พระพิราพ (Big Sign)","Documentary","arts|culture|Social/Political|Cultural","ดนตรี|ท่านผู้หญิงแผ้ว|องค์|แผ้ว สนิทวงศ์เสนี|สารคดีไทย|ราชสำนัก|สารคดีไทยพีบีเอส|เทพ|สารคดี|ศิลป์|รำต้องห้าม|documentary|ครอบครู|พระพิราพ|ศิลปะ|มรดก|รำ|องค์พระพิราพ|ท่ารำ|นาฏศิลป์|master of khon thai|ท่านผู้หญิงแผ้ว สนิทวงศ์เสนี|วัฒนธรรม|ครู|นาฏศิลป์ไทย|thai pbs|บทเพลง|สังคม|master of kon thai|พิราพ|sign language|ภาษามือ|big sign","2024","THA","5","4","1","sign-language","true","https://assets.vipa.nexbetter.com/files/3/e9/6f/e96fce38-0a50-457e-aa4b-e9754bb06e07","https://assets.vipa.nexbetter.com/files/3/e9/6f/e96fce38-0a50-457e-aa4b-e9754bb06e07","https://assets.vipa.nexbetter.com/files/3/02/ce/02ce4a1d-686e-4031-abcd-5939f99ea5a4","no_data","2025-04-08T08:14:01.00Z","2025-08-07T04:35:38.00Z","0","0"
"6578","แคนาดา...ชีวิตธรรมชาติแดนเหนือ","https://vipa.me/th/watch/canadasurviving","https://assets.vipa.nexbetter.com/files/3/10/99/10999976-5cba-4038-9f3a-7d00673e349d","movie","แคนาดา...ชีวิตธรรมชาติแดนเหนือ","Documentary","nature-environment|pets-animals|Nature/Environmental","สารคดี|documentary|best documentary|best doc|canada|surviving the wild north|แคนาดา|ชีวิตธรรมชาติแดนเหนือ|ธรรมชาติ|สิ่งแวดล้อม|ป่า|ป่าไม้|สัตว์|สิ่งมีชีวิต","2022","THA","1","4","11","soundtrack","true","https://assets.vipa.nexbetter.com/files/3/e3/bf/e3bfec74-a44d-4f3e-a48e-d7242fc44b8c","https://assets.vipa.nexbetter.com/files/3/10/99/10999976-5cba-4038-9f3a-7d00673e349d","https://assets.vipa.nexbetter.com/files/3/d0/70/d070772a-15c4-4329-af4a-7c19efa17541","no_data","2025-04-08T08:13:59.00Z","2025-07-24T03:39:33.00Z","0","0"
"6577","เทปบันทึกภาพ งาน “สังคีตสันนิบาตเฉลิมพระเกียรติ”","https://vipa.me/th/watch/sangkeeta","https://assets.vipa.nexbetter.com/files/3/77/de/77decae1-9073-42a3-934f-81b45b4ce012","movie","เทปบันทึกภาพ งาน “สังคีตสันนิบาตเฉลิมพระเกียรติ”","Variety & LifeStyle","entertainment|culture|Celebrity & Entertainment News","สังคีตสันนิบาตเฉลิมพระเกียรติ|หอประชุมจุฬาลงกรณ์มหาวิทยาลัย|บทเพลง|บรรเลง|มหรสพ|ดนตรี|การแสดง","2022","THA","1","5","1","no_data","true","https://assets.vipa.nexbetter.com/files/3/77/de/77decae1-9073-42a3-934f-81b45b4ce012","https://assets.vipa.nexbetter.com/files/3/77/de/77decae1-9073-42a3-934f-81b45b4ce012","https://assets.vipa.nexbetter.com/files/3/77/de/77decae1-9073-42a3-934f-81b45b4ce012","no_data","2025-04-08T08:13:56.00Z","2025-07-24T03:39:47.00Z","0","0"
"6576","The Rain Keepers","https://vipa.me/th/watch/therainkeepers","https://assets.vipa.nexbetter.com/pictures/3/6c/85/6c85208a-7847-4b06-a1ef-1738b6f56630","movie","The Rain Keepers","Documentary","nature-environment|people|Nature/Environmental","the rain keepers|rain|keepers|keeper|สารคดี|สารคดีไทย|สารคดีไทยพีบีเอส|thai pbs|การจัดการ|จัดการ|น้ำ|น้ำท่วม|ภัยแล้ง|แห้งแล้ง|ธรรมชาติ|ภัยพิบัติ|สิ่งแวดล้อม|สภาพอากาศ|สภาพแวดล้อม|ชุมชน|ชาวบ้าน|ลำปาง|ขอนแก่น|จันทบุรี|ภูมิปัญญา|ความเชื่อ|วิทยาศาสตร์|4k","2024","THA","5","5","7","4k|closed-caption","true","https://assets.vipa.nexbetter.com/pictures/3/5f/c4/5fc46e75-bbc8-4f5b-bf72-113e0e7f187d","https://assets.vipa.nexbetter.com/pictures/3/6c/85/6c85208a-7847-4b06-a1ef-1738b6f56630","https://assets.vipa.nexbetter.com/files/3/15/f9/15f914d2-cad8-4135-a415-de7b26b7ae54","no_data","2025-04-08T08:13:54.00Z","2026-08-18T07:51:07.00Z","0","0"
"6574","ลิงเปลี่ยนโรค","https://vipa.me/th/watch/worthoflife","https://assets.vipa.nexbetter.com/pictures/3/ca/a5/caa52cd3-d6c9-4170-90ec-cf5974a8cd6f","movie","ลิงเปลี่ยนโรค","Documentary","documentary|health|Nature/Environmental","ลิงเปลี่ยนโรค|worth of life|ลิงเปลี่ยนโรค worth of life|สารคดี|ลิง|โควิด-19|วิจัย|โควิด19|โรคร้าย|โรคระบาด|covid 19","2022","THA","5","5","1","sign-language|closed-caption","true","https://assets.vipa.nexbetter.com/pictures/3/ca/a5/caa52cd3-d6c9-4170-90ec-cf5974a8cd6f","https://assets.vipa.nexbetter.com/pictures/3/ca/a5/caa52cd3-d6c9-4170-90ec-cf5974a8cd6f","https://assets.vipa.nexbetter.com/files/3/0e/cf/0ecffd80-6b9f-40fd-9d0b-9b455affccfb","no_data","2025-04-08T08:13:49.00Z","2025-07-24T03:40:35.00Z","0","0"
"6573","Delikado","https://vipa.me/th/watch/delikado-","https://assets.vipa.nexbetter.com/pictures/3/51/a2/51a2d6ad-69ce-4b1f-b17f-2257a16790b4","movie","Delikado","Documentary","nature-environment|people","สารคดี|documentary|documentary club|doc club|delikado|ฟิลิปปินส์|เกาะปาลาวัน|เกาะ|ปาลาวัน|ชุมชน|การต่อสู้|สิ่งแวดล้อม|ธรรมชาติ","2022","USA","5","4","5","closed-caption|soundtrack","true","https://assets.vipa.nexbetter.com/pictures/3/55/89/558995eb-c765-4e6b-8204-1fbab032c199","https://assets.vipa.nexbetter.com/pictures/3/51/a2/51a2d6ad-69ce-4b1f-b17f-2257a16790b4","https://assets.vipa.nexbetter.com/files/3/5c/c2/5cc21d04-aae1-4abc-9c09-d81560ad64b2","no_data","2025-04-08T08:13:47.00Z","2026-02-20T04:44:05.00Z","0","0"
"6572","แพรว พราว","https://vipa.me/th/watch/preawproud","https://assets.vipa.nexbetter.com/pictures/3/90/fc/90fca0f3-0a0a-44a1-a7e4-300d94df5b79","movie","แพรว พราว","Documentary","arts|people|Social/Political","โครงการวิจัย|อว. พารู้ พารัก|พารู้ พารัก|รากเหง้าแผ่นดินไทย|ศิลปะ|วัฒนธรรม|ทรัพยากร|อารยธรรม|โบราณคดี|ประวัติศาสตร์|สารคดี|แพรว พราว|แพรวพราว|ภาพยนตร์สารคดี|หนังสารคดี|แฟชัน|ดีไซนเนอร์|เสื้อผ้า|fashion|ฟ้า ษริกา|ษริกา สารทศิลป์ศุภา","2023","THA","1","4","6","no_data","true","https://assets.vipa.nexbetter.com/pictures/3/90/fc/90fca0f3-0a0a-44a1-a7e4-300d94df5b79","https://assets.vipa.nexbetter.com/pictures/3/90/fc/90fca0f3-0a0a-44a1-a7e4-300d94df5b79","https://assets.vipa.nexbetter.com/files/3/fa/c3/fac37cf8-6ce6-4168-b32a-83a42222de6b","Sarika Sathsilpsupa","2025-04-08T08:13:44.00Z","2025-07-24T03:40:57.00Z","0","0"
"6571","เบื้องหลัง สวนสวรรค์...สุดขอบโลก","https://vipa.me/th/watch/insideeden","https://assets.vipa.nexbetter.com/files/3/16/b7/16b71917-f95c-4fa8-b8c4-2ec4c1ba47c9","movie","เบื้องหลัง สวนสวรรค์...สุดขอบโลก","Documentary","nature-environment|pets-animals|Nature/Environmental","สารคดี|documentary|best documentary|best doc|inside eden|eden|untamed planet|เบื้องหลัง|สวนสวรรค์|สุดขอบโลก|สัตว์|สัตว์ป่า|ป่า|ป่าไม้|ธรรมชาติ|สิ่งแวดล้อม|ทีมงาน|การถ่ายทำ|อันตราย|ความเสี่ยง|ภัยอันตราย|ทำงาน|โลก","2021","USA","1","0","0","soundtrack","true","https://assets.vipa.nexbetter.com/files/3/f9/5a/f95a36e7-a099-4fda-a655-7268f58b14d7","https://assets.vipa.nexbetter.com/files/3/16/b7/16b71917-f95c-4fa8-b8c4-2ec4c1ba47c9","https://assets.vipa.nexbetter.com/files/3/46/bb/46bb9865-b40a-4438-bd22-2b7c4f8f9565","no_data","2025-04-08T08:13:42.00Z","2025-07-24T03:41:17.00Z","0","0"
"6569","Once Upon a Time in Venezuela","https://vipa.me/th/watch/onceuponatimeinvenezuela","https://assets.vipa.nexbetter.com/files/3/5a/84/5a849681-9303-483c-8fde-1b028cccbf52","movie","Once Upon a Time in Venezuela","Documentary","nature-environment|people|Social/Political|Cultural","สารคดี|documentary|documentary club|doc club|once upon a time in venezuela|venezuela|ทะเลสาบมาราไกโบ|ทะเลสาบ|มาราไกโบ|ชาวประมง|ชุมชน|หมู่บ้าน|ชาวบ้าน|รัฐบาล|ความเหลื่อมล้ำ|สิ่งแวดล้อม|เศรษฐกิจ|การเมือง|เงินเฟ้อ|เวเนซุเอลา|ลาตินอเมริกา|latin america","2020","VEN","5","0","0","soundtrack","true","https://assets.vipa.nexbetter.com/files/3/e2/d2/e2d29458-ef29-4499-a7eb-236c1556bd0a","https://assets.vipa.nexbetter.com/files/3/5a/84/5a849681-9303-483c-8fde-1b028cccbf52","https://assets.vipa.nexbetter.com/files/3/98/0c/980c98e1-8843-4816-a65c-e52ccd955b8f","no_data","2025-04-08T08:13:37.00Z","2025-07-24T03:41:45.00Z","0","0"
"6568","The Booksellers","https://vipa.me/th/watch/thebooksellers","https://assets.vipa.nexbetter.com/files/3/13/eb/13eb0764-4d29-4255-807b-c155398ed03d","movie","The Booksellers","Documentary","arts|people|Social/Political","สารคดี|documentary|documentary club|doc club|the booksellers|หนังสือ|book|ร้านหนังสือ|นักเขียน|วัฒนธรรม|นักสะสม|สิ่งพิมพ์|วรสาร|สื่อสิ่งพิมพ์|สื่อ|นักประมูล|ผู้จัดจำหน่าย|ผู้ขาย|ผู้ซื้อ|ธุรกิจ|วงการหนังสือ|หนังสือหายาก|คนขายหนังสือ","2019","USA","1","0","0","soundtrack","true","https://assets.vipa.nexbetter.com/files/3/13/eb/13eb0764-4d29-4255-807b-c155398ed03d","https://assets.vipa.nexbetter.com/files/3/13/eb/13eb0764-4d29-4255-807b-c155398ed03d","https://assets.vipa.nexbetter.com/files/3/13/eb/13eb0764-4d29-4255-807b-c155398ed03d","no_data","2025-04-08T08:13:35.00Z","2025-07-24T03:41:57.00Z","0","0"
"6567","สายตาสั้นในเด็ก...วิกฤตสุขภาพดวงตา","https://vipa.me/th/watch/eyesinacrisis","https://assets.vipa.nexbetter.com/pictures/3/19/ed/19ed25cf-4659-4270-b476-dc81a3fc8673","movie","สายตาสั้นในเด็ก...วิกฤตสุขภาพดวงตา","Documentary","health|people|Social/Political","สารคดี|documentary|best documentary|best doc|eyes in a crisis|eyes|สายตา|สายตาสั้น|ดวงตา|ตา|สุขภาพ|ญี่ปุ่น|เด็ก|เยาวชน|อนามัยโลก","no_data","THA","1","0","0","soundtrack","false","https://assets.vipa.nexbetter.com/pictures/3/19/ed/19ed25cf-4659-4270-b476-dc81a3fc8673","https://assets.vipa.nexbetter.com/pictures/3/19/ed/19ed25cf-4659-4270-b476-dc81a3fc8673","https://assets.vipa.nexbetter.com/files/3/70/e3/70e31c7e-46d5-4912-9f4d-ed0874ab367d","no_data","2025-04-08T08:13:32.00Z","2025-07-24T03:42:21.00Z","0","0"
"6566","Satan & Adam","https://vipa.me/th/watch/satanadam","https://assets.vipa.nexbetter.com/files/3/ee/4d/ee4d56b8-ec72-4430-88dc-a7b6f4368f4d","movie","Satan & Adam","Documentary","people|documentary|Cultural","สารคดี|documentary|documentary club|doc club|satan and adam|ซาตานและอดัม|ซาตาน|อดัม|satan|adam|การเดินทาง|นักดนตรี|ดนตรี|มิตรภาพ|นักร้อง|บทเพลง|หนัง|ภาพยนตร์","2018","USA","5","0","0","soundtrack","true","https://assets.vipa.nexbetter.com/files/3/ee/4d/ee4d56b8-ec72-4430-88dc-a7b6f4368f4d","https://assets.vipa.nexbetter.com/files/3/ee/4d/ee4d56b8-ec72-4430-88dc-a7b6f4368f4d","https://assets.vipa.nexbetter.com/files/3/ee/4d/ee4d56b8-ec72-4430-88dc-a7b6f4368f4d","no_data","2025-04-08T08:13:30.00Z","2025-07-24T03:42:42.00Z","0","0"
"6565","The Books He Didn’t Burn","https://vipa.me/th/watch/bookshedidntburn","https://assets.vipa.nexbetter.com/pictures/3/49/7b/497b419e-b40c-46c3-9cc1-1d32e0e7a92f","movie","The Books He Didn’t Burn","Documentary","culture|history|Historical","books|book|burn|the book|อดอล์ฟ ฮิตเลอร์|ฮิตเลอร์|hitler|หนังสือ|ผู้นำ|การเมือง|หนัง|สารคดี|ภาพยนตร์|documentary|documentary club|doc club","2023","THA","5","4","13","closed-caption|soundtrack","true","https://assets.vipa.nexbetter.com/pictures/3/d7/16/d716c4ac-f66d-4258-a372-5805bfb52395","https://assets.vipa.nexbetter.com/pictures/3/49/7b/497b419e-b40c-46c3-9cc1-1d32e0e7a92f","https://assets.vipa.nexbetter.com/files/3/6f/ee/6fee45bb-c1e2-4555-a8e1-8e4ce95c5a2a","no_data","2025-04-08T08:13:28.00Z","2026-02-20T04:44:39.00Z","0","0"
"6564","พัทยาซอยสุดท้าย","https://vipa.me/th/watch/pattayalastsoi","https://assets.vipa.nexbetter.com/files/3/9b/fc/9bfc5bcb-1f50-475f-b253-7b4f27b2ea46","movie","พัทยาซอยสุดท้าย","Drama","people|family|Social Drama","ผู้หญิง|อร อรอนงค์|ฮัลโหล ไทยแลนด์|คุกคามทางเพศ|กองทุนพัฒนาสื่อปลอดภัยและสร้างสรรค์|thailand|สิทธิ|เพศ|ละคร|ล่วงละเมิดทางเพศ|อรอนงค์ ปัญญาวงศ์|ความยุติธรรม|ความรุนแรงทางเพศ|เรียกร้อง|hello|ปริม อัจฉรียา|hello thailand|คดีความ|อัจฉรียา โพธิพิพิธธนากร|สะท้อนสังคม|ฮัลโหล|พัทยาซอยสุดท้าย|สตรี|กลอง|ไทยแลนด์|ยุติธรรม","2023","THA","5","4","3","no_data","true","https://assets.vipa.nexbetter.com/files/3/9b/fc/9bfc5bcb-1f50-475f-b253-7b4f27b2ea46","https://assets.vipa.nexbetter.com/files/3/9b/fc/9bfc5bcb-1f50-475f-b253-7b4f27b2ea46","https://assets.vipa.nexbetter.com/files/3/c0/69/c0695d54-3fee-422d-98e5-691be140e897","Ornanong Panyawong|Atchareeya Potipipittanakorn","2025-04-08T08:13:25.00Z","2026-06-16T08:59:20.00Z","0","0"
"6563","Thai PBS The GREATEST เวทีเพลงละคร","https://vipa.me/th/watch/thaipbsthegreatest","https://assets.vipa.nexbetter.com/files/3/a4/cc/a4cc66b8-4d99-4f2e-b52c-d4697871837c","movie","Thai PBS The GREATEST เวทีเพลงละคร","Variety & LifeStyle","people|culture|Events & Festivals|Celebrity & Entertainment News","ละคร|ละครไทย|ละครไทยพีบีเอส|thai pbs|บทเพลง|เพลง|music|เพลงประกอบ|เพลงประกอบละคร|ดนตรี|ละครเพลง|เพลงละคร|the greatest|เวทีเพลงละคร|ไทยพีบีเอส|รังสิต|symphony orchestras|โจงกระเบน|เครื่องดนตรีไทย|ดนตรีไทย|ในวันที่ตื่นจากฝัน|it’s ok to be 30|สามสิบกำลังดี|ชัชวาล วิศวบำรุงชัย|พงศกร สถิรเมธากร|ศิวัช และเพื่อน|tah and friends|เสียงเล็ก ๆ ที่เราได้ยิน|junk mail|จดหมายที่ไม่ถูกเปิด|mr.uturns|ฐิติ ตั้งอิทธิพลากร|อานุภาพ คำมา|นิธินันท์ คำเรือง|พาย|six zechariah|พลากร ปั้นบำรุงสุข|สายน้ำแห่งความฝัน|นางครวญ|อำแดงเหมือนกับนายริด|อิเหนา|ชวนินท์ สืบวงศ์|สยาภา สิงห์ชู|ความทรงจำในลมหายใจ|มอม|เทิดศักดิ์ จันทร์ปาน|นงนภัส อริยพงศ์ไพศาล|กชพร อารีย์|ชนาภรณ์ ทวีชาติ|ฝากดูแล|ครูมะ ห้อง ป.3 ก.|วราภรณ์|มงคล พงษ์วชิรินทร์|กริตย เฉลิมราษฎร์|ณัฐพนธ์ นาวารักษ์|กาลครั้งหนึ่งในความทรงจำ|letter from the sun|ครั้งนั้น ไม่เคยลืม|อุทัย บุนทรีรัตน์|รมย์นลิน ตรีรัสสพานิช|นวกรณ์ พูลพร|mye bluedock|ไม้ bluedock|ฝันเดินช้า ชีวิตเดินไว|ฤดูกาลแห่งรัก|ชาติชาย เกษนัส|รังสรรค์ ปัญญาเรือน|รังสรรค์ ปัญญาใจ|บรูโน่ บรูญยาโน|ณัฐพล กุลวัฒนาพร|เชิญพร กำหนดศรี|กุญช์ณัฏฐา คงทัพ|ธีรภัทร คงสิบ|วีรชัย ปะแก|the broken us|ณ ขณะเหงา|แม็กซ์ เจนมานะ|ปรีติ์ อัศวรักษ์|พงศกร บุญมี|ณัฐวุฒิ เจนมานะ|ปลายจวัก|จักราวุธ แสวงผล|นิศาชล สิ่วไธสง|คำหวาน|โหมโรง|ร้อยเอกสมนึก แสงอรุณ|ภาศิณี สกุลสุรรัตน์|สวรรยา รุ่งมณีพิพัฒน์|ทวีศักดิ์ อัครวงษ์|rangsit symphony orchestra|จีนตอกไม้|เสน่หา|จากเจ้าพระยาสู่อิรวดี|มนัส ปิติสานต์|อ.อานันท์ นาคคง|วริทธิ์ เตชกานนท์|กว่าดอกไม้จะบาน|บุษบาลุยไฟ|อัจฉริยา ดุลยไพบูลย์|พิจิกา จิตตะปุตตะ|นางฟ้าไร้นาม|แสงดาวแห่งศรัทธา|หมอหงวน|จิตร ภูมิศักดิ์|อารียา โรจนดิษฐ์","2023","THA","1","5","2","no_data","true","https://assets.vipa.nexbetter.com/files/3/a4/cc/a4cc66b8-4d99-4f2e-b52c-d4697871837c","https://assets.vipa.nexbetter.com/files/3/a4/cc/a4cc66b8-4d99-4f2e-b52c-d4697871837c","https://assets.vipa.nexbetter.com/files/3/30/b0/30b03247-f683-47b8-b4d8-7c82fcd208b0","no_data","2025-04-08T08:13:23.00Z","2025-07-24T03:43:31.00Z","0","0"
"6561","Herb & Dorothy","https://vipa.me/th/watch/1793393180032313629","https://assets.vipa.nexbetter.com/files/3/69/af/69af691e-2683-4caa-8b55-55720c112991","movie","Herb & Dorothy","Documentary","biography|arts","สารคดี|documentary|documentary club|doc club|herb & dorothy|herb|dorothy|ไปรษณีย์|พนักงาน|พนักงานไปรษณีย์|ห้องสมุด|บรรณารักษ์|สะสม|คอลเลคชั่น|คอลเลคชัน|ของสะสม|ศิลปะ|ผลงาน|ผลงานศิลปะ|art|งานอาร์ต|งานศิลปะ|ศิลป์|ประวัติศาสตร์|เฮอร์เบิร์ต โวเกล|โดโรธี โวเกล|ศิลปิน|ชนชั้น","2008","USA","5","0","0","soundtrack","true","https://assets.vipa.nexbetter.com/files/3/69/af/69af691e-2683-4caa-8b55-55720c112991","https://assets.vipa.nexbetter.com/files/3/69/af/69af691e-2683-4caa-8b55-55720c112991","https://assets.vipa.nexbetter.com/files/3/69/af/69af691e-2683-4caa-8b55-55720c112991","no_data","2025-04-08T08:13:18.00Z","2025-07-24T03:44:07.00Z","0","0"
"6560","Like the Others","https://vipa.me/th/watch/liketheothers","https://assets.vipa.nexbetter.com/pictures/3/58/ce/58ce2497-0737-4c5e-8cfe-167e8363f719","movie","Like the Others","Documentary","family|kids|Social/Political","like the others|สารคดี|documentary|documentary club|doc club|others|like|เด็ก|เยาวชน|ครอบครัว|วัยรุ่น|จิตเวช|ศูนย์จิตเวช|ออสเตรีย|ศูนย์บำบัด|บำบัด|ผู้ปกครอง|คนอื่น|เหมือนคนอื่น|ชีวิต|สังคม","2015","THA","5","4","8","closed-caption|soundtrack","true","https://assets.vipa.nexbetter.com/pictures/3/84/5b/845b07bb-098b-43c7-8683-44e64e907042","https://assets.vipa.nexbetter.com/pictures/3/58/ce/58ce2497-0737-4c5e-8cfe-167e8363f719","https://assets.vipa.nexbetter.com/files/3/99/53/9953cc15-a8a5-4fae-97a8-36504ac823b3","no_data","2025-04-08T08:13:16.00Z","2026-02-20T04:45:00.00Z","0","0"
"6559","ละครชุด แม่ผู้สร้าง เรื่อง ความรักร้อยล้านปี","https://vipa.me/th/watch/fossiloflove","https://assets.vipa.nexbetter.com/pictures/3/7a/39/7a3926a2-5b08-4292-bf2f-5fabbb598db8","movie","ละครชุด แม่ผู้สร้าง เรื่อง ความรักร้อยล้านปี","Drama","Family Drama","ละครชุด|แม่ผู้สร้าง|ความรักร้อยล้านปี|แม่|นักธรณีวิทยา|ครอบครัว|ธรณีวิทยา|เพ็ญพักตร์ ศิริกุล|ชวินโรจน์ ลิขิตเจริญสกุล|พลอย ศรนรินทร์|สุรศักดิ์ ชัยอรรถ|ต่าย เพ็ญพักตร์|เฟม ชวินโรจน์|หนู สุรศักดิ์","2018","THA","5","5","3","no_data","true","https://assets.vipa.nexbetter.com/pictures/3/7a/39/7a3926a2-5b08-4292-bf2f-5fabbb598db8","https://assets.vipa.nexbetter.com/pictures/3/7a/39/7a3926a2-5b08-4292-bf2f-5fabbb598db8","https://assets.vipa.nexbetter.com/files/3/15/45/1545e53c-5fcb-422d-a58b-b1bf8751d448","Penpak Sirikul|Chawinroj Likitchareonsakul|Ploy Sornarin|Surasak Chaiat","2025-04-08T08:13:13.00Z","2025-07-24T03:44:33.00Z","0","0"
"6558","Stunt Mom ไม่ใช่มัม ทำแทนไม่ได้","https://vipa.me/th/watch/stuntmom","https://assets.vipa.nexbetter.com/pictures/3/20/83/2083209c-5cc3-40d5-8300-51054ba5eac9","movie","Stunt Mom ไม่ใช่มัม ทำแทนไม่ได้","Drama","Family Drama","stunt mom ไม่ใช่มัม ทำแทนไม่ได้|stunt mom|ไม่ใช่มัม ทำแทนไม่ได้|แม่","2020","THA","1","0","0","no_data","true","https://assets.vipa.nexbetter.com/files/3/1f/3b/1f3bb29e-f73f-48cf-b7a4-3cb782e91800","https://assets.vipa.nexbetter.com/pictures/3/20/83/2083209c-5cc3-40d5-8300-51054ba5eac9","https://assets.vipa.nexbetter.com/pictures/3/5a/6f/5a6faefc-b830-4023-b896-b096631c417b","Chanthathanisa Vismitananda|Kanpitcha Patanasak|Anuchit Sapunpohng","2025-04-08T08:13:10.00Z","2025-07-24T03:44:50.00Z","0","0"
"6557","ติดถ้ำ","https://vipa.me/th/watch/thecavedlife","https://assets.vipa.nexbetter.com/pictures/3/b7/fe/b7febc8b-6f6c-4f52-9e91-8dfef066a114","movie","ติดถ้ำ","Documentary","documentary|Social/Political|Nature/Environmental","ติดถ้ำ the caved life|ติดถ้ำ|the caved life|หมูป่า|สารคดี","2020","THA","5","5","1","no_data","true","https://assets.vipa.nexbetter.com/pictures/3/b7/fe/b7febc8b-6f6c-4f52-9e91-8dfef066a114","https://assets.vipa.nexbetter.com/pictures/3/b7/fe/b7febc8b-6f6c-4f52-9e91-8dfef066a114","https://assets.vipa.nexbetter.com/files/3/bb/25/bb252dbe-83a2-4ca7-892f-b4d0dba9b7ea","no_data","2025-04-08T08:13:08.00Z","2025-07-24T03:45:04.00Z","0","0"
"6556","สำรับชาติพันธุ์ (Big Sign)","https://vipa.me/th/watch/ethniccuisinebigsign","https://assets.vipa.nexbetter.com/files/3/e2/fe/e2fed703-0dc1-46c0-afc7-cd7ccf050886","movie","สำรับชาติพันธุ์ (Big Sign)","Documentary","culture|people|Social/Political","สำรับชาติพันธุ์|สารคดี|วัฒนธรรม|อาหาร|ชาติพันธุ์|สำรับ|กะเหรี่ยง|ปกาเกอะญอ|อูรักลาโว้ย|หลีเป๊ะ|เชียงใหม่|สตูล|วิถีชีวิต|กลุ่มชาติพันธุ์|ชนเผ่า|ชนเผ่าพื้นเมือง|พื้นเมือง|sign language|ภาษามือ|big sign","2022","THA","5","5","1","sign-language","true","https://assets.vipa.nexbetter.com/files/3/e2/fe/e2fed703-0dc1-46c0-afc7-cd7ccf050886","https://assets.vipa.nexbetter.com/files/3/e2/fe/e2fed703-0dc1-46c0-afc7-cd7ccf050886","https://assets.vipa.nexbetter.com/files/3/18/3d/183ddf29-9f68-4dc7-a39c-1f2a160aa869","no_data","2025-04-08T08:13:06.00Z","2026-05-07T11:07:27.00Z","0","0"
"6554","Searching for Amani","https://vipa.me/th/watch/searchingforamani","https://assets.vipa.nexbetter.com/pictures/3/a0/e8/a0e82c0c-51c9-4e76-8bdc-25ef4166ea84","movie","Searching for Amani","Documentary","nature-environment|pets-animals|Nature/Environmental","สารคดี|documentary|documentary club|doc club|searching for amani|search|searching|amani|armani|โลกร้อน|สิ่งแวดล้อม|ธรรมชาติ|ภาพยนตร์|นิเวศวิทยา|สัตว์ป่า|สัตว์|สิ่งมีชีวิต","2024","THA","5","5","2","closed-caption|soundtrack","true","https://assets.vipa.nexbetter.com/pictures/3/8c/89/8c89ee09-75c9-4d0c-8a5c-a69887df458d","https://assets.vipa.nexbetter.com/pictures/3/a0/e8/a0e82c0c-51c9-4e76-8bdc-25ef4166ea84","https://assets.vipa.nexbetter.com/files/3/49/05/49053284-da4c-4d73-a704-dbdcd5ba86f8","no_data","2025-04-08T08:13:01.00Z","2026-03-18T04:30:12.00Z","0","0"
"6636","Letter From The Sun ครั้งนั้น…ไม่เคยลืม","https://vipa.me/th/watch/letterfromthesun","https://assets.vipa.nexbetter.com/files/3/27/72/277249ac-2b58-49a2-872e-ac3b04947cf3","series","Letter From The Sun ครั้งนั้น…ไม่เคยลืม","Drama","entertainment|culture|Romantic Drama","letter from the sun|ครั้งนั้นไม่เคยลืม|จี๋ สุทธิรักษ์|สุทธิรักษ์ ทรัพย์วิจิตร|มายด์ วรัทยา|วรัทยา ว่องชยาภรณ์|คิ้ว อนงค์นาถ|อนงค์นาถ ยูสานนท์|อาคิโกะ โอเซกิ|ปอนด์ รุ่งรัตน์|รุ่งรัตน์ ดวงขวัญ|ต้อม พลวัฒน์|พลวัฒน์ มนูประเสริฐ|วอดก้า พิชญ์พงษ์|พิชญ์พงษ์ นาคะยืนยงสุข|ย่านลิเภา|ศิลปะ|วัฒนธรรม|ญี่ปุ่น|ไทย|ละคร|ละครไทย|ละครไทยพีบีเอส|จักสาน|หัตถกรรม|งานฝีมือ|จักสานย่านลิเภา|จดหมาย|ความทรงจำ","2023","THA","1","5","2","sign-language|closed-caption|audio-description","true","https://assets.vipa.nexbetter.com/files/3/27/72/277249ac-2b58-49a2-872e-ac3b04947cf3","https://assets.vipa.nexbetter.com/files/3/27/72/277249ac-2b58-49a2-872e-ac3b04947cf3","https://assets.vipa.nexbetter.com/files/3/dd/49/dd499eb1-8a10-453b-af42-9b5e7ed72bbd","Sutthirak Subvijitra|Thanidaphat Tinsutthinanon","2025-04-08T08:16:21.00Z","2025-12-03T09:37:28.00Z","1","2"
"6640","มอม","https://vipa.me/th/watch/mhom","https://assets.vipa.nexbetter.com/files/3/9c/49/9c49a210-2996-4d22-a20c-56930fd8ff7b","series","มอม","Drama","history|people|Historical Drama","มอม|คึกฤทธิ์ ปราโมช|ละคร|ละครไทย|ละครไทยพีบีเอส|หมา|สุนัข|สงคราม|สัตว์เลี้ยง|แรงบันดาลใจ|ย้อนยุค|พีเรียด|หม่อมราชวงศ์คึกฤทธิ์ ปราโมช|บทประพันธ์|สงครามโลก|อัลเซเชียน|เทมส์ สรรพกิจ|พิมดาว พานิชสมัย|ธารใส ไตรคุ้มพันธุ์|ทศพล หมายสุข|บัณฑิตา สันตยารมณ์","2018","THA","5","4","3","sign-language|closed-caption|audio-description","true","https://assets.vipa.nexbetter.com/files/3/9c/49/9c49a210-2996-4d22-a20c-56930fd8ff7b","https://assets.vipa.nexbetter.com/files/3/9c/49/9c49a210-2996-4d22-a20c-56930fd8ff7b","https://assets.vipa.nexbetter.com/files/3/ae/e4/aee4c21e-a948-4d6e-9438-48f97c7bc3ce","Thames Sanpakit|Pimdao Panichsamai|Todsapol Maisuk|ธารใส ไตรคุ้มพันธุ์","2025-04-08T08:16:30.00Z","2025-08-07T04:10:40.00Z","1","13"
"6655","ศิษย์มีครู","https://vipa.me/th/watch/thaiartisan","https://assets.vipa.nexbetter.com/files/3/d7/a7/d7a7f62a-34c0-484a-871a-a74aa6e17881","series","ศิษย์มีครู","Documentary","arts|culture|Social/Political|Cultural","ศิษย์มีครู|สารคดี|สารคดีไทย|สารคดีไทยพีบีเอส|thai pbs|ไทยพีบีเอส|วัฒนธรรม|ศิลปะ|ศิลป์|ครู|ครูช่าง|หัตถกรรม|ศิลปหัตถกรรม|ศิษย์|ลูกศิษย์|แรงบันดาลใจ|ความเป็นไทย|ประเพณี","2018","THA","1","5","1","closed-caption|audio-description","true","https://assets.vipa.nexbetter.com/files/3/10/02/10027ffe-4d1e-4ef3-8174-282b8536cd97","https://assets.vipa.nexbetter.com/files/3/d7/a7/d7a7f62a-34c0-484a-871a-a74aa6e17881","https://assets.vipa.nexbetter.com/files/3/2d/f8/2df831a5-9f2c-4ede-ad26-b8dfa089b8d8","no_data","2025-04-08T08:17:10.00Z","2026-07-06T07:30:54.00Z","1","10"
"6673","ไม่ตายหรอกเธอ (Big Sign)","https://vipa.me/th/watch/notdead-bigsign","https://assets.vipa.nexbetter.com/files/3/c6/e0/c6e0abed-9281-4c13-b385-7664789ce700","series","ไม่ตายหรอกเธอ (Big Sign)","Variety & LifeStyle","Talk Shows","ไม่ตายหรอกเธอ|เอาตัวรอด|วิธีเอาตัวรอด|อุบัติเหตุ|ภัยอันตราย|big sign|ภาษามือ","2020","THA","5","0","0","sign-language","true","https://assets.vipa.nexbetter.com/files/3/c6/e0/c6e0abed-9281-4c13-b385-7664789ce700","https://assets.vipa.nexbetter.com/files/3/c6/e0/c6e0abed-9281-4c13-b385-7664789ce700","https://assets.vipa.nexbetter.com/files/3/15/99/159909b1-9fc5-49d0-abbf-98c29b22f8ef","no_data","2025-04-08T08:17:48.00Z","2025-07-24T08:42:37.00Z","2","26"
"6702","awesome มันเฟี้ยวมาก","https://vipa.me/th/watch/awesome","https://assets.vipa.nexbetter.com/files/3/0c/0e/0c0e796e-6832-46ad-9a0c-eaa0aedc56e9","series","awesome มันเฟี้ยวมาก","Variety & LifeStyle","Lifestyle Tips|Hobbies & Crafts","awesome มันเฟี้ยวมาก|awesome|มันเฟี้ยวมาก|ไอที|it|คนรุ่นใหม่|เปรมปพัทธ ผลิตผลการพิมพ์|เอลิซ่า เปียง|ai","2016","THA","5","0","0","no_data","true","https://assets.vipa.nexbetter.com/files/3/0c/0e/0c0e796e-6832-46ad-9a0c-eaa0aedc56e9","https://assets.vipa.nexbetter.com/files/3/0c/0e/0c0e796e-6832-46ad-9a0c-eaa0aedc56e9","https://assets.vipa.nexbetter.com/files/3/0c/0e/0c0e796e-6832-46ad-9a0c-eaa0aedc56e9","no_data","2025-04-08T08:18:54.00Z","2025-05-27T07:33:34.00Z","1","8"
"6712","ดูแล้วอ๋อ","https://vipa.me/th/watch/watch-it","https://assets.vipa.nexbetter.com/pictures/3/4c/51/4c51813a-7001-4b93-9cd8-1a61fe2d9bd6","series","ดูแล้วอ๋อ","Kids & Family","Animation","ดูแล้วอ๋อ|เทคนิคง่ายๆ|แก้ปัญหา|เกร็ดความรู้|เทคนิค|อนิเมชั่น|อนิเมชัน|แอนิเมชัน|แอนิเมชั่น|animation|นกแก๊ง|วิภา|พิทักษ์|วดี|ปัญหา|ชีวิต|ชีวิตประจำวัน|สังคม","2020","THA","1","0","0","no_data","true","https://assets.vipa.nexbetter.com/pictures/3/4c/51/4c51813a-7001-4b93-9cd8-1a61fe2d9bd6","https://assets.vipa.nexbetter.com/pictures/3/4c/51/4c51813a-7001-4b93-9cd8-1a61fe2d9bd6","https://assets.vipa.nexbetter.com/files/3/ef/be/efbeaf36-1a70-4cff-ba45-fda822868837","no_data","2025-04-08T08:19:16.00Z","2025-06-27T08:07:39.00Z","1","18"
"6732","เดินทางใจ","https://vipa.me/th/watch/theheartexplorer","https://assets.vipa.nexbetter.com/pictures/3/3d/ec/3dece0cc-a5e0-4fd7-b461-207a5f7c532a","series","เดินทางใจ","Documentary","Social/Political","มินท์ i roam alone|การเดินทาง|ป้อมปืน วรวัส สบายใจ|คามิน เลิศชัยประเสริฐ|ป้ามล ทิชา ณ นคร|พลอย กษมา แย้มตรี|พิช วิชญ์วิสิฐ หิรัญวงษ์กุล|มิ้นท์ มณฑล กสานติกุล|แรงบันดาลใจ|พระจิตร์ จิตตฺสํวโร|เดินทาง|โจน จันใด|ธันย์ ณิชชารีย์ เป็นเอกชนะศักดิ์|เดินทางใจ|อาจารย์ประมวล เพ็งจันทร์|ท่องเที่ยว|i roam alone","2019","THA","5","0","0","no_data","true","https://assets.vipa.nexbetter.com/pictures/3/3d/ec/3dece0cc-a5e0-4fd7-b461-207a5f7c532a","https://assets.vipa.nexbetter.com/pictures/3/3d/ec/3dece0cc-a5e0-4fd7-b461-207a5f7c532a","https://assets.vipa.nexbetter.com/files/3/d8/51/d85195c7-1739-4662-a074-d15416655467","no_data","2025-04-08T08:20:00.00Z","2025-07-25T02:40:33.00Z","2","9"
"6744","นักผจญเพลง REPLAY","https://vipa.me/th/watch/songhuntertv","https://assets.vipa.nexbetter.com/files/3/bf/b6/bfb61fb9-601c-4d78-90ea-7390a62c25a1","series","นักผจญเพลง REPLAY","Variety & LifeStyle","arts|people|Celebrity & Entertainment News","นักผจญเพลง replay|เพลง|ดนตรี|music|นักผจญเพลง|นักร้อง|ร้องเพลง","2026","THA","5","0","0","no_data","true","https://assets.vipa.nexbetter.com/files/3/bf/b6/bfb61fb9-601c-4d78-90ea-7390a62c25a1","https://assets.vipa.nexbetter.com/files/3/bf/b6/bfb61fb9-601c-4d78-90ea-7390a62c25a1","https://assets.vipa.nexbetter.com/files/3/7d/63/7d6391b8-adf8-4ae2-85dc-553839ade936","Anurax Phoomsaap","2025-04-08T08:20:29.00Z","2026-02-12T04:35:00.00Z","1","26"
"6811","ใช้ชีวิตให้สุดอย่าหยุดฝัน","https://vipa.me/th/watch/livingwild","https://assets.vipa.nexbetter.com/pictures/3/52/23/5223cea8-6f4c-4a57-9ad8-2ab27b2f88dc","series","ใช้ชีวิตให้สุดอย่าหยุดฝัน","Documentary","people|travel|Social/Political|Cultural","สารคดี|documentary|best documentary|best doc|living wild: how to change your life|ใช้ชีวิตให้สุดอย่าหยุดฝัน|living wild|life|ใช้ชีวิต|ชีวิต|การเดินทาง|ผจญภัย|ความฝัน|ท่องโลกกว้าง|ผู้พิการ|คนพิการ|เที่ยว|ท่องเที่ยว|sophie morgan|โซฟี มอร์แกน","2021","no_data","1","4","5","soundtrack","true","https://assets.vipa.nexbetter.com/pictures/3/59/5d/595d8faf-8839-4c8a-b0b9-4ad3ec0f6122","https://assets.vipa.nexbetter.com/pictures/3/52/23/5223cea8-6f4c-4a57-9ad8-2ab27b2f88dc","https://assets.vipa.nexbetter.com/files/3/f0/a1/f0a193e9-587e-478e-93dc-dd32df7bf034","no_data","2025-04-08T08:22:52.00Z","2026-07-10T08:23:13.00Z","1","4"
"6820","คนชายขอบ (Big Sign)","https://vipa.me/th/watch/tribalcrossroads-bigsign","https://assets.vipa.nexbetter.com/files/3/f4/12/f412201e-8b3a-4b7f-9f3c-ed46db212149","series","คนชายขอบ (Big Sign)","Documentary","culture|people|Cultural|Social/Political","ผู้คน|ความเหลื่อมล้ำ|ชุมชน|สารคดีไทยพีบีเอส|ประเพณี|คนชายขอบ|สารคดี|ชาติพันธุ์|documentary|วิถีชีวิต|สังคมไทย|ชนเผ่า|วัฒนธรรม|กลุ่มชาติพันธุ์|sign language|ภาษามือ|big sign|ชีวิต|สังคม","2024","no_data","5","5","1","sign-language","true","https://assets.vipa.nexbetter.com/files/3/f4/12/f412201e-8b3a-4b7f-9f3c-ed46db212149","https://assets.vipa.nexbetter.com/files/3/f4/12/f412201e-8b3a-4b7f-9f3c-ed46db212149","https://assets.vipa.nexbetter.com/files/3/18/f6/18f6bc4d-368e-41e9-ae65-fe7482fdbb74","no_data","2025-04-08T08:23:09.00Z","2025-07-24T08:35:44.00Z","2","6"
"6829","จอห์นนี่เดินเยี่ยงไก่ (Big Sign)","https://vipa.me/th/watch/johnny-bigsign","https://assets.vipa.nexbetter.com/files/3/59/1f/591f6d74-f5d5-4595-aa1f-6e33d6c85f16","series","จอห์นนี่เดินเยี่ยงไก่ (Big Sign)","Drama","people|agricultural|Family Drama","ณปรัชญ์ รัตนนิตย์|ฟาร์ม|ฟาร์มไก่|โรงงาน|ไก่|เลี้ยงไก่|พลอย ศรนรินทร์|สมชาย ศักดิกุล|อดิเรก วัฏลีลา|ชาวบ้าน|จอห์นนี่|อุตสาหกรรม|ต่อพงษ์ กุลอ่อน|จอห์นนี่เดินเยี่ยงไก่|sign language|ภาษามือ|big sign","2020","THA","5","5","1","sign-language|closed-caption","true","https://assets.vipa.nexbetter.com/files/3/59/1f/591f6d74-f5d5-4595-aa1f-6e33d6c85f16","https://assets.vipa.nexbetter.com/files/3/59/1f/591f6d74-f5d5-4595-aa1f-6e33d6c85f16","https://assets.vipa.nexbetter.com/files/3/16/92/16921e70-61f0-4fcf-8589-fa4e000f6789","Ploy Sornarin|Somchai Sakdikul|Naprach Rattananit|Adirek Wattaleela","2025-04-08T08:23:26.00Z","2025-07-24T08:24:23.00Z","1","4"
"6835","ฉงน ฉงาย สองควายช่างสงสัย","https://vipa.me/th/watch/changonchangai","https://assets.vipa.nexbetter.com/files/3/95/f8/95f8cee4-7919-4a5c-ac6c-56ef39617154","series","ฉงน ฉงาย สองควายช่างสงสัย","Kids & Family","Animation|Fantasy","ฉงนฉงาย สองควายช่างสงสัย|รายการ|เด็กและครอบครัว|เด็ก|ครอบครัว|ตัวละครหุ่น|ละครหุ่น|ความรู้รอบตัว|ภาษา|วัฒนธรรม|ฉงนฉงาย|สองควายช่างสงสัย|ตุ๊กตา|ควาย","2020","THA","1","5","3","no_data","true","https://assets.vipa.nexbetter.com/files/3/95/f8/95f8cee4-7919-4a5c-ac6c-56ef39617154","https://assets.vipa.nexbetter.com/files/3/95/f8/95f8cee4-7919-4a5c-ac6c-56ef39617154","https://assets.vipa.nexbetter.com/files/3/0d/3d/0d3d5d7f-f0c0-4879-af72-61c955e146b8","no_data","2025-04-08T08:23:38.00Z","2025-05-26T01:55:22.00Z","1","50"
"6887","Sweet Sensory เรื่องรัก หลากรส","https://vipa.me/th/watch/sweetsensory","https://assets.vipa.nexbetter.com/files/3/6a/e7/6ae77ac6-86b5-424f-a5a3-48ebc3512bab","series","Sweet Sensory เรื่องรัก หลากรส","Drama","entertainment|people|Social Drama","พีค ภีมพล|นักเรียน|พลอย ภัชธร|ความรัก|ผู้พิการทางการมองเห็น|ตาบอด|คนพิการ|โรงเรียนสอนทำอาหาร|เรื่องรัก หลากรส|นฤภรกมล ฉายแสง|รสชาติ|sweet sensory|ผู้พิการ|ภีมพล พาณิชย์ธำรง|กานต์พิชชา พัฒนศักดิ์|จี๋ สุทธิรักษ์|โรส กานต์พิชชา|ครัว|เชฟ|อาหาร|พ่อครัว|แพรว นฤภรกมล|สุทธิรักษ์ ทรัพย์วิจิตร|กนกลดา สีหะเสน|โสภณ ทับกลอง|ครู|ทำอาหาร|ผู้พิการทางสายตา|ภัชธร ธนวัฒน์|นัทธวัชร์ แก้วบัวสาย|เค้ก นัทธวัชร์|ซัน รังสิ|รังสิ สานกิ่งทอง|ตั้ว ประดิษฐ|ประดิษฐ ประสาททอง|แม่กลอง|สมุทรสงคราม","2024","THA","1","4","6","sign-language|closed-caption|audio-description","true","https://assets.vipa.nexbetter.com/files/3/6a/e7/6ae77ac6-86b5-424f-a5a3-48ebc3512bab","https://assets.vipa.nexbetter.com/files/3/6a/e7/6ae77ac6-86b5-424f-a5a3-48ebc3512bab","https://assets.vipa.nexbetter.com/files/3/cc/c9/ccc91950-9812-4111-92f1-54854f036d01","Phatchatorn Thanawat|Sutthirak Subvijitra|Nattavat Kaewbuasai|Rungsi Sarnkingthong|Pradit Prasartthong","2025-04-08T08:25:36.00Z","2025-10-29T10:35:18.00Z","2","16"
"6906","จากรากสู่เรา","https://vipa.me/th/watch/jakraksurao","https://assets.vipa.nexbetter.com/pictures/3/03/57/03578ac3-e2f6-466b-b185-b332afb20417","series","จากรากสู่เรา","Documentary","people|culture|Historical","จากรากสู่เรา|ประวัติศาสตร์|กรุงรัตนโกสินทร์|วิถีชีวิต|ประวัติศาสตร์ไทย|อดีต|เรียนรู้อดีต","2022","THA","1","5","3","sign-language|closed-caption|audio-description","true","https://assets.vipa.nexbetter.com/pictures/3/03/57/03578ac3-e2f6-466b-b185-b332afb20417","https://assets.vipa.nexbetter.com/pictures/3/03/57/03578ac3-e2f6-466b-b185-b332afb20417","https://assets.vipa.nexbetter.com/files/3/b7/b3/b7b34058-2495-455b-a104-755ae1c51610","no_data","2025-04-08T08:26:18.00Z","2025-07-24T12:41:35.00Z","3","41"
"6951","ชีวิตออกวิ่ง","https://vipa.me/th/watch/runnerjourney","https://assets.vipa.nexbetter.com/pictures/3/86/96/8696b0e0-9431-4ccb-b15c-f9856b3a8482","series","ชีวิตออกวิ่ง","Documentary","Social/Political","ความหมายชีวิต|ออกกำลังกาย|วิ่ง|ชีวิตออกวิ่ง big sign|การใช้ชีวิต|ชีวิตออกวิ่ง|นักวิ่ง|กีฬา|ภาษามือ|big sign","2020","THA","5","0","0","sign-language|closed-caption|audio-description","true","https://assets.vipa.nexbetter.com/pictures/3/86/96/8696b0e0-9431-4ccb-b15c-f9856b3a8482","https://assets.vipa.nexbetter.com/pictures/3/86/96/8696b0e0-9431-4ccb-b15c-f9856b3a8482","https://assets.vipa.nexbetter.com/files/3/2d/34/2d34d46e-40db-4985-bc1e-37fb21f37baa","no_data","2025-04-08T08:27:57.00Z","2025-07-24T12:52:53.00Z","3","52"
"7007","ไดโนเสาร์แดนอีสาน","https://vipa.me/th/watch/dinosaurs","https://assets.vipa.nexbetter.com/pictures/3/ab/f7/abf72b1e-e281-4c95-ad29-ee0be8f07b76","series","ไดโนเสาร์แดนอีสาน","Documentary","history|pets-animals|Historical|Cultural","ไดโนเสาร์แดนอีสาน|ไดโนเสาร์|อีสาน|ภาคอีสาน|อิสาน|ไดโน|โบราณคดี|กระดูก|โครงกระดูก|บรรพชีวิน|สิ่งมีชีวิต|ซาก|หลักฐาน|ขุด|นักโบราณคดี","2017","THA","5","5","1","closed-caption|audio-description|sign-language","true","https://assets.vipa.nexbetter.com/pictures/3/ab/f7/abf72b1e-e281-4c95-ad29-ee0be8f07b76","https://assets.vipa.nexbetter.com/pictures/3/ab/f7/abf72b1e-e281-4c95-ad29-ee0be8f07b76","https://assets.vipa.nexbetter.com/files/3/d2/3d/d23dc47f-a87d-4647-94e6-c83151eb8c85","no_data","2025-04-08T08:30:07.00Z","2025-09-03T08:32:34.00Z","1","4"
"7014","ซีเนมาอาเซียน","https://vipa.me/th/watch/cinemaasean","https://assets.vipa.nexbetter.com/pictures/3/6b/b0/6bb02afa-044c-4099-8a05-54f036720706","series","ซีเนมาอาเซียน","Variety & LifeStyle","Talk Shows|Hobbies & Crafts|Cultural Programs","cinema asean|ซีเนม่าอาเซียน|cinema|asean|ซีเนมา อาเซียน|อาเซียน|ซีเนมา","2021","THA","5","0","0","no_data","true","https://assets.vipa.nexbetter.com/pictures/3/6b/b0/6bb02afa-044c-4099-8a05-54f036720706","https://assets.vipa.nexbetter.com/pictures/3/6b/b0/6bb02afa-044c-4099-8a05-54f036720706","https://assets.vipa.nexbetter.com/files/3/13/a7/13a7fb03-f391-41d7-916b-6b707da6a31e","no_data","2025-04-08T08:30:21.00Z","2025-06-23T07:54:41.00Z","1","13"
"7029","I'm plastic รู้จักฉันดีแค่ไหน","https://vipa.me/th/watch/implastic","https://assets.vipa.nexbetter.com/pictures/3/60/9d/609dc397-537e-4937-a034-4b98a2297026","series","I'm plastic รู้จักฉันดีแค่ไหน","Drama","Teen Drama","i'm plastic รู้จักฉันดีแค่ไหน|i'm plastic|รู้จักฉันดีแค่ไหน|พลาสติก|ขยะ|โลกร้อน","2020","THA","5","0","0","sign-language","true","https://assets.vipa.nexbetter.com/pictures/3/60/9d/609dc397-537e-4937-a034-4b98a2297026","https://assets.vipa.nexbetter.com/pictures/3/60/9d/609dc397-537e-4937-a034-4b98a2297026","https://assets.vipa.nexbetter.com/pictures/3/c6/cd/c6cdf7d4-2c96-4d7d-bd3f-688167ef31d3","no_data","2025-04-08T08:30:56.00Z","2025-07-24T09:15:27.00Z","1","20"
"7051","ชีวิตไร้พรมแดน","https://vipa.me/th/watch/lifeborder","https://assets.vipa.nexbetter.com/pictures/3/3c/b8/3cb880dc-5e1c-436b-8fcf-664b5c4bd1b9","series","ชีวิตไร้พรมแดน","Documentary","culture|people|Social/Political","ชีวิตไร้พรมแดน|ขีวิต|life|พรมแดน|ชายแดน|วิถีชีวิต|สังคม|วัฒนธรรม|ประเพณี|ผู้คน|ความสัมพันธ์|สัมพันธ์|มิตรภาพ|เส้นแบ่ง|ไทย|เมียนมา|สารคดี|สารคดีไทย|thai pbs|พม่า|ลาว|กัมพูชา|เขมร|มาเลเซีย|มาเลย์","2016","THA","1","4","2","closed-caption|audio-description","true","https://assets.vipa.nexbetter.com/pictures/3/3c/b8/3cb880dc-5e1c-436b-8fcf-664b5c4bd1b9","https://assets.vipa.nexbetter.com/pictures/3/3c/b8/3cb880dc-5e1c-436b-8fcf-664b5c4bd1b9","https://assets.vipa.nexbetter.com/files/3/73/76/7376e32e-9232-421b-b3d5-de68c6794375","no_data","2025-04-08T08:31:50.00Z","2025-07-24T12:42:11.00Z","1","8"
"7061","หมอตลอดกาล","https://vipa.me/th/watch/thedoctor","https://assets.vipa.nexbetter.com/files/3/f8/86/f886b556-7cfa-4fcb-b22a-9d3f82e20580","series","หมอตลอดกาล","Drama","people|drama|Medical Drama|Melodrama","ละคร|หมอ|doctor|หมอตลอดกาล|ตลอดกาล|แพทย์|ศัลยแพทย์|หัวใจ|ทรวงอก|ฆาตกร|ครอบครัว|ความสัมพันธ์|มิตรภาพ|โรงพยาบาล|นิติเวช|โทนี่ รากแก่น|ธีรชัย วิมลชัยฤกษ์|toni rakkaen|นัททิว|ณัฏฐ์ ทิวไผ่งาม|nat thewphaingam|ลัลณ์ลลิน เตจะสา เวศซ์|เฌอเบลล์|เฌอเบลล์ ลัลณ์ลลิน|cheribelle|เมโกะ ชนนิกานต์|ชนนิกานต์ เนตรจุ้ย|อาเล็ก สุรพล|สุรพล พูนพิริยะ|แพรวา สุธรรมพงษ์|มิวสิค แพรวา|miusic|เดชพิสิษฐ์ จารุกรอภิวัฒิ|พัตเตอร์ เดชพิสิษฐ์|วิชาชีพ|จรรยาบรรณ","2024","THA","5","4","1","sign-language|closed-caption|audio-description","true","https://assets.vipa.nexbetter.com/files/3/f8/86/f886b556-7cfa-4fcb-b22a-9d3f82e20580","https://assets.vipa.nexbetter.com/files/3/f8/86/f886b556-7cfa-4fcb-b22a-9d3f82e20580","https://assets.vipa.nexbetter.com/files/3/85/4b/854b92db-a5e8-4ede-b2a7-e3ce7f30929e","Toni Rakkaen|Lanlalin Tejasa Weckx|Nat Thewphaingam|Praewa Suthamphong|Dechphisit Jarukornapiwat","2025-04-08T08:32:12.00Z","2025-12-11T09:12:43.00Z","1","16"
"7129","สยามฉาย-ฉาน","https://vipa.me/th/watch/shadowandlightofsiam","https://assets.vipa.nexbetter.com/files/3/7e/e4/7ee4e3e8-6c24-43c8-866f-12a1484bdd2d","series","สยามฉาย-ฉาน","Documentary","culture|people|Historical|Cultural|Social/Political","สารคดี|สารคดีไทย|สารคดีไทยพีบีเอส|ไทยพีบีเอส|thai pbs|documentary|สยาม|ไทย|ความเป็นไทย|อนุรักษ์|ศิลปะ|วัฒนธรรม|ประเพณี|รัชกาลที่ 5|ร.5|ทองเอก|สยามฉายฉาน|ฉาย|ฉาน|สยามฉาย|ช่างภาพ|ประวัติศาสตร์|สมัยก่อน|ยุคสมัย|สถาปัตยกรรม|ถ่ายรูป|โบราณ|อดีต|ย้อนยุค|ข้อมูล|เอกสาร|นักวิชาการ|นักประวัติศาสตร์|บันทึก|หนังสือ|หอจดหมายเหตุ|พิพิธภัณฑ์|เรื่องราว|การเดินทาง|เดินทาง|หลักฐาน","2024","THA","5","5","2","sign-language|closed-caption","true","https://assets.vipa.nexbetter.com/files/3/7e/e4/7ee4e3e8-6c24-43c8-866f-12a1484bdd2d","https://assets.vipa.nexbetter.com/files/3/7e/e4/7ee4e3e8-6c24-43c8-866f-12a1484bdd2d","https://assets.vipa.nexbetter.com/files/3/9c/43/9c439426-1727-44cd-8012-bc4457854a31","no_data","2025-04-08T08:34:47.00Z","2025-08-19T07:38:49.00Z","2","6"
"7138","ธรรมะกับทโมน","https://vipa.me/th/watch/thammatamon","https://assets.vipa.nexbetter.com/files/3/4c/57/4c57c901-ac5a-4048-93ff-ec90977a9999","series","ธรรมะกับทโมน","Kids & Family","Educational","ธรรมะกับทโมน|ธรรมะ|เรียนรู้|วัด|พระ|เด็ก|พุทธศาสนิกชน|ศาสนาพุทธ|หลวงพี่กอล์ฟ|ศาสนา","2017","THA","1","5","1","no_data","true","https://assets.vipa.nexbetter.com/files/3/4c/57/4c57c901-ac5a-4048-93ff-ec90977a9999","https://assets.vipa.nexbetter.com/files/3/4c/57/4c57c901-ac5a-4048-93ff-ec90977a9999","https://assets.vipa.nexbetter.com/files/3/ef/fe/effed673-0e59-4c60-953a-1d9f55e63418","no_data","2025-04-08T08:35:05.00Z","2025-05-26T05:02:25.00Z","1","14"
"7154","YOU&ME เพื่อนซี้ปาฏิหาริย์ 2","https://vipa.me/th/watch/youandme","https://assets.vipa.nexbetter.com/files/3/22/d6/22d6613b-bceb-449e-a3e7-b2efa71eed09","series","YOU&ME เพื่อนซี้ปาฏิหาริย์ 2","Drama","Family Drama","no_data","2018","THA","1","0","0","no_data","true","https://assets.vipa.nexbetter.com/files/3/22/d6/22d6613b-bceb-449e-a3e7-b2efa71eed09","https://assets.vipa.nexbetter.com/files/3/22/d6/22d6613b-bceb-449e-a3e7-b2efa71eed09","https://assets.vipa.nexbetter.com/files/3/bc/c0/bcc00630-cb3c-4ca1-b7ee-c50334d313ac","Suppakorn Kitsuwan|ทัศรินทร์ พันธุ์แพ|ปัญกร  จันทศร|เชริกา ละออ","2025-04-08T08:35:41.00Z","2025-07-24T09:14:41.00Z","1","13"
"7169","Mind Traveller ชีพจรไพร (Big Sign)","https://vipa.me/th/watch/mindtravellerbigsign","https://assets.vipa.nexbetter.com/files/3/60/20/6020ae87-6a0e-4232-9b3f-be07b5392646","series","Mind Traveller ชีพจรไพร (Big Sign)","Documentary","pets-animals|nature-environment|Nature/Environmental","การเดินทาง|สารคดีไทยพีบีเอส|หม่อมเชน|สารคดี|ผจญภัย|ปริญญากร วรวรรณ|ธรรมชาติ|mind traveller|สัตว์ป่า|สัตว์|มนุษย์|ชีพจรไพร|ไทยพีบีเอส|สิ่งแวดล้อม|ป่า|sign language|ภาษามือ|big sign","2024","THA","5","0","0","sign-language|closed-caption","true","https://assets.vipa.nexbetter.com/files/3/60/20/6020ae87-6a0e-4232-9b3f-be07b5392646","https://assets.vipa.nexbetter.com/files/3/60/20/6020ae87-6a0e-4232-9b3f-be07b5392646","https://assets.vipa.nexbetter.com/files/3/36/ba/36ba6c73-3f8a-4904-97ea-eac7f3544f30","no_data","2025-04-08T08:36:20.00Z","2025-08-07T04:31:00.00Z","1","8"
"7179","ศิลป์ ๘ เปี่ยง","https://vipa.me/th/watch/artpadpieng","https://assets.vipa.nexbetter.com/files/3/44/39/44399e80-df05-4841-bc98-e4d05c735266","series","ศิลป์ ๘ เปี่ยง","Documentary","culture|people|Cultural|Social/Political","ศิลป์|ศิลปะ|วัฒนธรรม|หนังสั้น|เรื่องสั้น|สารคดี|ชุมชน|วิสาหกิจ|วีถีชีวิต|ผู้คน|ชาวบ้าน|พื้นเมือง|ท้องถิ่น|อีสาน|ภาคอีสาน|ศิลปวัฒนธรรม|อาหาร|สถานที่|ท่องเที่ยว|ศิลป์ ๘ เปี่ยง|ศิลป์ 8 เปี่ยง|เปี่ยง","2024","THA","5","5","1","no_data","true","https://assets.vipa.nexbetter.com/files/3/e5/0c/e50cba57-76f8-40a2-8e09-0b953c9667ec","https://assets.vipa.nexbetter.com/files/3/44/39/44399e80-df05-4841-bc98-e4d05c735266","https://assets.vipa.nexbetter.com/files/3/ba/72/ba727261-029f-4924-af80-8fe0b6f9bf06","no_data","2025-04-08T08:36:43.00Z","2025-07-24T16:29:47.00Z","1","8"
"7189","เรื่องยิ่งใหญ่ จากหัวใจดวงเล็ก","https://vipa.me/th/watch/bigstory","https://assets.vipa.nexbetter.com/files/3/8a/6c/8a6cd45a-c09b-41a4-8ba8-c7c637d4046e","series","เรื่องยิ่งใหญ่ จากหัวใจดวงเล็ก","Documentary","documentary|Nature/Environmental","เรื่องยิ่งใหญ่ จากหัวใจดวงเล็ก|สารคดี|สิ่งแวดล้อม|ทรัพยากรธรรมชาติ|ภูมิปัญญา|เด็ก|เยาวชน","no_data","THA","5","5","1","no_data","true","https://assets.vipa.nexbetter.com/files/3/1a/6c/1a6c75e4-2a54-4f00-97ee-c31464e55043","https://assets.vipa.nexbetter.com/files/3/8a/6c/8a6cd45a-c09b-41a4-8ba8-c7c637d4046e","https://assets.vipa.nexbetter.com/files/3/50/8e/508e3276-6b1c-4a68-92d9-5182c87f8f24","no_data","2025-04-08T08:37:05.00Z","2025-07-24T16:51:28.00Z","1","13"
"7205","สวัสดีชาวโซเชียล","https://vipa.me/th/watch/hellosocial","https://assets.vipa.nexbetter.com/pictures/3/bb/37/bb370d03-3aad-4676-9b26-4abc1debae69","series","สวัสดีชาวโซเชียล","Variety & LifeStyle","Celebrity & Entertainment News","สวัสดีชาวโซเซียล|สวัสดี|โซเซียล|โซเซียลมีเดีย|social|social media|วัยรุ่น|สังคม|ชีวิต","2020","THA","5","0","0","no_data","true","https://assets.vipa.nexbetter.com/pictures/3/bb/37/bb370d03-3aad-4676-9b26-4abc1debae69","https://assets.vipa.nexbetter.com/pictures/3/bb/37/bb370d03-3aad-4676-9b26-4abc1debae69","https://assets.vipa.nexbetter.com/files/3/e4/19/e4196afa-2b31-493b-9d30-54542dc56087","no_data","2025-04-08T08:37:41.00Z","2025-06-27T08:09:35.00Z","1","36"
"7243","Food Work","https://vipa.me/th/watch/foodwork","https://assets.vipa.nexbetter.com/files/3/40/16/40163e7e-6668-4414-a959-18e16a896f73","series","Food Work","Variety & LifeStyle","Cooking Shows","กับข้าว|เชฟบุ๊ค|foodwork|บุ๊ค บุญสมิทธิ์|food work|อาหาร|บุญสมิทธ์ พุกกะณะสุต|รายการอาหาร|ทำอาหาร|ข้าว","2018","THA","5","5","1","closed-caption|audio-description","true","https://assets.vipa.nexbetter.com/files/3/40/16/40163e7e-6668-4414-a959-18e16a896f73","https://assets.vipa.nexbetter.com/files/3/40/16/40163e7e-6668-4414-a959-18e16a896f73","https://assets.vipa.nexbetter.com/files/3/57/7a/577adb55-f55f-4ba3-a7ee-2623c3249b75","no_data","2025-04-08T08:39:10.00Z","2025-07-24T12:42:23.00Z","5","129"
"7378","ดูให้รู้","https://vipa.me/th/watch/dohiru","https://assets.vipa.nexbetter.com/pictures/3/68/9d/689d0c9e-18a6-4593-a55d-87ef03a50211","series","ดูให้รู้","Variety & LifeStyle","travel|people|Travel Shows","japan|การศึกษา|ญี่ปุ่น|วัฒนธรรมญี่ปุ่น|ดูให้รู้|อาหาร|คนญี่ปุ่น|วัฒนธรรม|เทคโนโลยี|ฟูจิ ฟูจิซากิ|ความรู้รอบตัว|ฟูจิเซ็นเซ|ฟูจิเซนเซ","no_data","THA","1","4","6","closed-caption|audio-description","true","https://assets.vipa.nexbetter.com/pictures/3/68/9d/689d0c9e-18a6-4593-a55d-87ef03a50211","https://assets.vipa.nexbetter.com/pictures/3/68/9d/689d0c9e-18a6-4593-a55d-87ef03a50211","https://assets.vipa.nexbetter.com/files/3/58/eb/58ebfad5-40e2-4ce2-812d-1fe5d4c1e88c","no_data","2025-04-08T08:44:25.00Z","2025-08-08T04:54:19.00Z","13","265"
"7657","Smiling Land แดนยิ้ม(คน)ยาก","https://vipa.me/th/watch/smilingland","https://assets.vipa.nexbetter.com/files/3/79/1e/791e3bc7-9f09-44c2-bba3-06839fd7db90","series","Smiling Land แดนยิ้ม(คน)ยาก","documentary","culture|people","สารคดี|สารคดีไทย|ไทยพีบีเอส|thai pbs|smiling land|แดนยิ้ม(คน)ยาก|smiling|land|แดนยิ้ม|คนยาก|ชุมชน|ชีวิต|สังคม|ชาวบ้าน|หมู่บ้าน|กรุงเทพ|ปัญหา|ความเหลื่อมล้ำ|เครียด|สุขภาพ|สุขภาพจิต|ที่อยู่อาศัย|ที่อยู่|ยากจน|คนจน|จน","2023","THA","5","4","2","no_data","true","https://assets.vipa.nexbetter.com/files/3/2a/1c/2a1c0a2a-d4d3-47c2-93f0-71263d726d64","https://assets.vipa.nexbetter.com/files/3/79/1e/791e3bc7-9f09-44c2-bba3-06839fd7db90","https://assets.vipa.nexbetter.com/files/3/e9/64/e964a6a6-2394-4805-a46d-e1ad686c8a75","no_data","2025-04-08T08:55:11.00Z","2025-07-24T16:22:49.00Z","1","4"
"7663","จากรากสู่เรา ซีซัน 2 (Big Sign)","https://vipa.me/th/watch/jakraksurao-bigsign","https://assets.vipa.nexbetter.com/files/3/09/b2/09b2c7b6-01b3-4b79-8f0f-822ea8195d36","series","จากรากสู่เรา ซีซัน 2 (Big Sign)","Documentary","people|culture|Historical","จากรากสู่เรา|ประวัติศาสตร์|กรุงรัตนโกสินทร์|วิถีชีวิต|ประวัติศาสตร์ไทย|อดีต|เรียนรู้อดีต|sign language|ภาษามือ|big sign","2022","THA","5","5","1","sign-language","true","https://assets.vipa.nexbetter.com/files/3/09/b2/09b2c7b6-01b3-4b79-8f0f-822ea8195d36","https://assets.vipa.nexbetter.com/files/3/09/b2/09b2c7b6-01b3-4b79-8f0f-822ea8195d36","https://assets.vipa.nexbetter.com/files/3/20/d6/20d68b3a-dc4a-4ed0-85ce-bf743772ccd8","no_data","2025-04-08T08:55:24.00Z","2025-07-24T08:39:00.00Z","1","13"
"7678","ล้มแล้วลุก","https://vipa.me/th/watch/lomleawlook","https://assets.vipa.nexbetter.com/pictures/3/87/c7/87c7ccae-929d-405f-acaa-40f029c63a60","series","ล้มแล้วลุก","Variety & LifeStyle","Talk Shows","ล้มแล้วลุก|แรงบันดาลใจ|ประสบการณ์|ธีร์ อริยฤทธิ์วิกุล|น็อต อัครณัฐ|อัครณัฐ อริยฤทธิ์วิกุล|น็อต กราบรถ","2020","THA","5","0","0","no_data","true","https://assets.vipa.nexbetter.com/pictures/3/87/c7/87c7ccae-929d-405f-acaa-40f029c63a60","https://assets.vipa.nexbetter.com/pictures/3/87/c7/87c7ccae-929d-405f-acaa-40f029c63a60","https://assets.vipa.nexbetter.com/files/3/ef/78/ef78072e-65f8-47da-8060-7428fd06d8e6","no_data","2025-04-08T08:55:58.00Z","2025-06-27T08:05:34.00Z","1","10"
"7690","วิถีอาเซียน พันธสัญญาอุษาคเนย์","https://vipa.me/th/watch/aseancheckpoint","https://assets.vipa.nexbetter.com/pictures/3/a9/33/a933f5d6-dae7-4335-a7bc-159d3af5aa78","series","วิถีอาเซียน พันธสัญญาอุษาคเนย์","Documentary","documentary|people|culture|asean|Cultural","asean checkpoint วิถีอาเซียน พันธสัญญาอุษาคเนย์|asean checkpoint|วิถีอาเซียน พันธสัญญาอุษาคเนย์|asean|checkpoint|ประเทศ|เพื่อนบ้าน|ต่างประเทศ|ภาษา|วัฒนธรรม|อาเซียน|สังคม","2020","THA","5","5","2","no_data","true","https://assets.vipa.nexbetter.com/pictures/3/a9/33/a933f5d6-dae7-4335-a7bc-159d3af5aa78","https://assets.vipa.nexbetter.com/pictures/3/a9/33/a933f5d6-dae7-4335-a7bc-159d3af5aa78","https://assets.vipa.nexbetter.com/files/3/76/17/76172ae7-cdce-4f48-919a-2c38193f6e47","no_data","2025-04-08T08:56:24.00Z","2025-07-24T16:53:22.00Z","1","8"
"7700","สังคมศึกษา ชุด ผีไทย","https://vipa.me/th/watch/socialstudies","https://assets.vipa.nexbetter.com/files/3/87/83/87835f27-0106-4fc1-98ef-542ef685c752","series","สังคมศึกษา ชุด ผีไทย","Documentary","culture|people|Cultural","สังคมศึกษา|สังคม|ศึกษา|ผี|ผีไทย|talk|ท็อค|เวที|เสวนา|นักวิชาการ|ความเขื่อ|ความศรัทธา|ปริญญา เทวานฤมิตรกุล|นริศ จรัสจรรยาวงศ์|อภิลักษณ์ เกษมผลกุล|ศิโรตม์ คล้ามไพบูลย์|ตำนาน|สังคมไทย","2024","THA","1","5","3","no_data","true","https://assets.vipa.nexbetter.com/files/3/87/83/87835f27-0106-4fc1-98ef-542ef685c752","https://assets.vipa.nexbetter.com/files/3/87/83/87835f27-0106-4fc1-98ef-542ef685c752","https://assets.vipa.nexbetter.com/files/3/1b/90/1b902290-235a-45f2-b9a0-2d971d22c6b8","no_data","2025-04-08T08:56:48.00Z","2025-11-13T09:41:11.00Z","1","2"
"7704","Slow Travel Adventures","https://vipa.me/th/watch/slowtraveladventures","https://assets.vipa.nexbetter.com/pictures/3/91/3f/913fca94-30cf-416b-bc7a-76343e6728c3","series","Slow Travel Adventures","Food & Travel","culture|people|Travel Documentaries|Adventure Travel|Cultural Travel","slow travel adventures|slow|travel|adventures|สารคดี|เที่ยว|ท่องเที่ยว|ไต้หวัน|taiwan|ต่างประเทศ|อาหาร|วัฒนธรรม|ประเพณี|ของกิน|ชุมชน|ชาวบ้าน|วิถีชีวิต|เดินทาง|ผจญภัย|avian liu|kennie wang|นักเขียน|ภาษา","2024","THA","1","4","6","soundtrack","true","https://assets.vipa.nexbetter.com/pictures/3/9c/94/9c94d32c-5a5a-48a3-9a27-5d1dbc0ebd14","https://assets.vipa.nexbetter.com/pictures/3/91/3f/913fca94-30cf-416b-bc7a-76343e6728c3","https://assets.vipa.nexbetter.com/files/3/93/61/93611945-e06d-4b1c-8058-4de32f6a81a4","no_data","2025-04-08T08:56:56.00Z","2026-05-18T04:57:03.00Z","1","44"
"7738","ขยับหัวใจมาใส่จังหวะ","https://vipa.me/th/watch/beatingagain","https://assets.vipa.nexbetter.com/pictures/3/6f/8e/6f8e2883-0742-4b4d-8cd9-472098499ffd","series","ขยับหัวใจมาใส่จังหวะ","Drama","entertainment|people","beating again|ขยับหัวใจมาใส่จังหวะ|โอ อนุชิต|อนุชิต สพันธุ์พงษ์|กั้ง กรณ์|กรณ์ ศิริสรณ์|กั้ง the star|โซฟี อัปสรสิริ|อัปสรสิริ อินทรคูสิน|ก้าวหน้า กิตติภัทร|กิตติภัทร แก้วเจริญ|เอิร์ธ กัษมนณัฎฐ์|เอิร์ธ cooheart|cooheart|กัษมนณัฎฐ์ นามวิโรจน์|ต๊งเหน่ง รัดเกล้า|รัดเกล้า อามระดิษ|รัดเกล้า|เฟิร์ส วริทธิ์|วริทธิ์ เกษมณี|อาย กัลยวรรธน์|กัลยวรรธน์ สินรัตนภักดีกุล|เต้น|ความฝัน|นักเต้น|ความสัมพันธ์|มิตรภาพ|เพื่อน|ทีม|แดนซ์","2024","THA","5","0","0","sign-language|closed-caption|audio-description","true","https://assets.vipa.nexbetter.com/pictures/3/6f/8e/6f8e2883-0742-4b4d-8cd9-472098499ffd","https://assets.vipa.nexbetter.com/pictures/3/6f/8e/6f8e2883-0742-4b4d-8cd9-472098499ffd","https://assets.vipa.nexbetter.com/pictures/3/ac/c7/acc7c293-5c3b-458a-aa65-c11021193720","Anuchit Sapunpohng|Korn Sirisorn|Marguerite Indracusin|Kittipat Kaewcharoen|Rudklao Amratisha","2025-04-08T08:58:08.00Z","2026-02-17T10:44:12.00Z","1","4"
"7744","ลิตเติล มอนสเตอร์","https://vipa.me/th/watch/littlemonsters","https://assets.vipa.nexbetter.com/pictures/3/69/3c/693cf08d-a876-42f2-a81a-f49cac2a0803","series","ลิตเติล มอนสเตอร์","Kids & Family","family|kids|Animation","little monsters|ลิตเติล มอนสเตอร์|การ์ตูน|cartoon|animation|อนิเมชั่น|แอนิเมชัน|เล่นนอกบ้าน|ผจญภัย|ลิตเติล|มอนสเตอร์|little|monster|monsters|เพื่อน|มิตรภาพ|ครอบครัว|จินตนาการ|เด็ก","2020","THA","1","0","0","closed-caption","true","https://assets.vipa.nexbetter.com/pictures/3/69/3c/693cf08d-a876-42f2-a81a-f49cac2a0803","https://assets.vipa.nexbetter.com/pictures/3/69/3c/693cf08d-a876-42f2-a81a-f49cac2a0803","https://assets.vipa.nexbetter.com/files/3/b9/6d/b96d6759-ade7-402d-956c-653e2e339feb","no_data","2025-04-08T08:58:20.00Z","2025-12-03T10:47:32.00Z","2","86"
"7833","โคตรไทย","https://vipa.me/th/watch/verythai","https://assets.vipa.nexbetter.com/files/3/ad/44/ad44c5a2-7e4b-41c4-86d2-2e75f853389a","series","โคตรไทย","Documentary","culture|people|Cultural|Social/Political","โคตรไทย|ประเด็นสังคม|สังคม|ประวัติศาสตร์|วัฒนธรรม|ความเป็นไทย|อะไรคือไทยแท้|ไทย|ศิลปะ|สารคดี|วิถีชีวิต|ชีวิต|คนไทย","2022","THA","1","5","1","no_data","true","https://assets.vipa.nexbetter.com/files/3/64/01/6401e539-435c-45e6-af66-5d334e1ffeb8","https://assets.vipa.nexbetter.com/files/3/ad/44/ad44c5a2-7e4b-41c4-86d2-2e75f853389a","https://assets.vipa.nexbetter.com/files/3/7b/e4/7be442e3-3dbf-4379-b2f6-38f48a5f268c","no_data","2025-04-08T09:01:50.00Z","2025-07-24T16:50:50.00Z","1","4"
"7839","ท่องไทยเที่ยวไต้หวัน","https://vipa.me/th/watch/thaitaiwantravel","https://assets.vipa.nexbetter.com/pictures/3/b7/7f/b77fe0eb-3378-4a6f-bcc2-21407d0790bb","series","ท่องไทยเที่ยวไต้หวัน","Variety & LifeStyle","Travel Shows","ท่องไทยเที่ยวไต้หวัน|thaiwan travelodge|4k|ไต้หวัน|เที่ยว|ท่องเที่ยว|ท่องไทย|เที่ยวไต้หวัน|taiwan|สถานที่|วัฒนธรรมป|ประเพณี","2020","THA","5","5","1","4k|closed-caption","true","https://assets.vipa.nexbetter.com/pictures/3/b7/7f/b77fe0eb-3378-4a6f-bcc2-21407d0790bb","https://assets.vipa.nexbetter.com/pictures/3/b7/7f/b77fe0eb-3378-4a6f-bcc2-21407d0790bb","https://assets.vipa.nexbetter.com/pictures/3/4a/0b/4a0b4f8b-8330-4c46-8c43-a12653ab12e5","no_data","2025-04-08T09:02:02.00Z","2025-08-07T10:02:19.00Z","3","14"
"7857","หมูน้อยเป๊ปป้า พิก","https://vipa.me/th/watch/peppapig","https://assets.vipa.nexbetter.com/pictures/3/92/26/92263481-4d10-4504-9ba1-62ba8ef70d86","series","หมูน้อยเป๊ปป้า พิก","Kids & Family","kids|entertainment","การ์ตูน|อนิเมชั่น|แอนิเมชั่น|อนิเมชัน|animation|cartoon|peppa pig|หมูน้อยเป๊ปป้า พิก|เป๊ปป้า พิก|ภาษาอังกฤษ|ภาษา|เด็ก|ครอบครัว|kids|family|หมู|น้องหมู|การ์ตูนเด็ก|peppa|เปปป้า|เปปปา|หมู|ชมพู|pig|peppa|เปปป้า|เปปปา|หมู|ชมพู|pig","no_data","THA","1","5","1","soundtrack","true","https://assets.vipa.nexbetter.com/pictures/3/27/6d/276deb5a-ae91-4323-a95f-a448ce1ad7f3","https://assets.vipa.nexbetter.com/pictures/3/92/26/92263481-4d10-4504-9ba1-62ba8ef70d86","https://assets.vipa.nexbetter.com/pictures/3/8b/e6/8be644d4-cb8e-4eed-8285-005b2008973d","no_data","2025-04-08T09:02:42.00Z","2026-09-14T08:33:04.00Z","1","65"
"7869","วัยใสยกกำลัง 10","https://vipa.me/th/watch/waisai","https://assets.vipa.nexbetter.com/pictures/3/27/f2/27f2b1e5-d527-41e5-bed4-d0b865087e0c","series","วัยใสยกกำลัง 10","Drama","kids|entertainment|Family Drama","วัยใสยกกำลัง 10|เด็ก|ครอบครัว|เด็กและครอบครัว|เยาวชน|ละคร|เรื่องสั้น|room ห้องลับอัศจรรย์|เด็กไม่เอาถ่าน|พยัญชนะของฉัน|ปังบอย|การเติบโต|เรียนรู้|สังคม. วิถีชีวิต|ใช้ชีวิต","2016","THA","5","5","1","no_data","true","https://assets.vipa.nexbetter.com/pictures/3/27/f2/27f2b1e5-d527-41e5-bed4-d0b865087e0c","https://assets.vipa.nexbetter.com/pictures/3/27/f2/27f2b1e5-d527-41e5-bed4-d0b865087e0c","https://assets.vipa.nexbetter.com/files/3/56/78/5678f89b-4335-4336-9363-6f2b2958be8c","Phatchatorn Thanawat","2025-04-08T09:03:08.00Z","2025-07-24T08:42:51.00Z","4","16"
"7890","รวมพลัง กู้ภัยถ้ำหลวงฯ","https://vipa.me/th/watch/thamluangrescue","https://assets.vipa.nexbetter.com/pictures/3/c4/08/c408f5b6-6902-4bcd-af98-f56ca327af93","series","รวมพลัง กู้ภัยถ้ำหลวงฯ","Documentary","people|news","tham luang rescue|power of unity|รวมพลัง|กู้ภัยถ้ำหลวงฯ|รวมพลัง กู้ภัยถ้ำหลวงฯ|ถ้ำหลวง|เหตุภัยพิบัติ|สารคดี|กู้ภัย","2022","THA","5","0","0","sign-language","true","https://assets.vipa.nexbetter.com/pictures/3/c4/08/c408f5b6-6902-4bcd-af98-f56ca327af93","https://assets.vipa.nexbetter.com/pictures/3/c4/08/c408f5b6-6902-4bcd-af98-f56ca327af93","https://assets.vipa.nexbetter.com/files/3/55/b8/55b87861-751c-4cf8-8536-f6b02f2a4a26","no_data","2025-04-08T09:03:51.00Z","2025-07-24T16:51:40.00Z","1","4"
"7896","บ้านนักวิทยาศาสตร์น้อย","https://vipa.me/th/watch/witnoi","https://assets.vipa.nexbetter.com/pictures/3/80/06/800621ac-39b8-4b96-a5ce-4624a6b5e15c","series","บ้านนักวิทยาศาสตร์น้อย","Kids & Family","Educational","บ้านนักวิทยาศาสตร์น้อย|นักวิทยาศาสตร์|วิทยาศาสตร์|เด็ก|ครอบครัว|เยาวชน|ปฐมวัย|ทดลอง|ประดิษฐ์|ค้นคว้า|จินตนาการ","2018","THA","1","4","1","closed-caption|audio-description","true","https://assets.vipa.nexbetter.com/pictures/3/80/06/800621ac-39b8-4b96-a5ce-4624a6b5e15c","https://assets.vipa.nexbetter.com/pictures/3/80/06/800621ac-39b8-4b96-a5ce-4624a6b5e15c","https://assets.vipa.nexbetter.com/files/3/ea/2d/ea2d6196-9845-4acd-87be-bf689c47d1db","no_data","2025-04-08T09:04:05.00Z","2025-07-24T12:53:56.00Z","1","5"
"7903","แม่วงก์ ผืนป่าแห่งความหวัง","https://vipa.me/th/watch/maewong","https://assets.vipa.nexbetter.com/files/3/bf/92/bf927941-3a29-4d7c-9d9e-bfb22fa383ba","series","แม่วงก์ ผืนป่าแห่งความหวัง","Documentary","nature-environment|pets-animals|Nature/Environmental|Social/Political","แม่วงก์|ผืนป่าแห่งความหวัง|ผืนป่า|ป่า|ป่าไม้|ธรรมชาติ|สิ่งแวดล้อม|สิ่งมีชีวิต|สัตว์|ระบบ|นิเวศน์|แม่วงก์ ผืนป่าแห่งความหวัง|สัตว์ป่า|ความหวัง|อุทยาน|อุทยานแห่งชาติ|น้ำ|แม่น้ำ","2016","THA","5","5","1","closed-caption|audio-description|sign-language","true","https://assets.vipa.nexbetter.com/files/3/b6/ba/b6bab219-d1b8-4004-a84e-e91b97ee6dff","https://assets.vipa.nexbetter.com/files/3/bf/92/bf927941-3a29-4d7c-9d9e-bfb22fa383ba","https://assets.vipa.nexbetter.com/files/3/7e/db/7edb6617-3c99-4cd0-a822-778df74e0338","no_data","2025-04-08T09:04:20.00Z","2025-08-18T09:02:36.00Z","1","2"
"7907","ภาคภูมิไทย (Big Sign)","https://vipa.me/th/watch/prideofthailand-bigsign","https://assets.vipa.nexbetter.com/files/3/ca/2b/ca2b065d-2bf9-4328-8ecd-85357cebca66","series","ภาคภูมิไทย (Big Sign)","Documentary","people|food|Cultural","สารคดีไทย|สารคดี|ไทย|วิถีความเป็นอยู่|เอกลักษณ์ความเป็นไทย|ความเป็นไทย|ภูมิปัญญา|วิถีชีวิต|ภาคภูมิไทย|การกิน|อาหาร|อาหารไทย|วัฒนธรรม|สังคม|big sign|ภาษามือ|sign language","2022","THA","5","0","0","sign-language","true","https://assets.vipa.nexbetter.com/files/3/ca/2b/ca2b065d-2bf9-4328-8ecd-85357cebca66","https://assets.vipa.nexbetter.com/files/3/ca/2b/ca2b065d-2bf9-4328-8ecd-85357cebca66","https://assets.vipa.nexbetter.com/files/3/e7/c7/e7c7127b-33cd-4825-8017-880d32144555","no_data","2025-04-08T09:04:28.00Z","2025-08-07T04:36:46.00Z","2","10"
"7920","สืบสวนสำนวนรัก Investigation of Love (Big Sign)","https://vipa.me/th/watch/investigationoflove-bigsign","https://assets.vipa.nexbetter.com/files/3/8c/f0/8cf0aa8e-825d-42ee-9cfb-d33ea66c7b6e","series","สืบสวนสำนวนรัก Investigation of Love (Big Sign)","Drama","people|education|Social Drama","สืบสวนสำนวนรัก|ความรัก|ทนายความ|นักการเมือง|จีน่า ณัฐกฤตา|มชณต สุวรรณมาศ|อำนาจ|จรณ โสรัตน์|ละคร|ต้นน้ำ เปี่ยมชล|หลิน มชณต|เทมส์ สรรพกิจ|ณัฐกฤตา รำมะนู|เอม สาธิดา|สืบสวน|สำนวนรัก|ทนาย|สังคมไทย|ณฐนันท อัครกิจวัฒนากุล|แม่เลี้ยงเดี่ยว|โอ๊ค กีรติ|กีรติ ศิวะเกื้อ|สาธิดา ปิ่นสินชัย|ท็อป จรณ|ซอโซ่ ณฐนันท|รัชด ชมภูนิช|รักสามเส้า|สะท้อนสังคม|investigation of love|สังคม|การเมือง|เปี่ยมชล ดำรงสุนทรชัย|sign language|ภาษามือ|big sign","2023","THA","5","4","1","sign-language|closed-caption","true","https://assets.vipa.nexbetter.com/files/3/8c/f0/8cf0aa8e-825d-42ee-9cfb-d33ea66c7b6e","https://assets.vipa.nexbetter.com/files/3/8c/f0/8cf0aa8e-825d-42ee-9cfb-d33ea66c7b6e","https://assets.vipa.nexbetter.com/files/3/bb/fe/bbfe805f-859c-492a-bfff-00dba4dfdd66","Mashannoad Suvanamas|Jaron Sorat|Piamchon Damrongsunthornchai|Thames Sanpakit","2025-04-08T09:04:55.00Z","2025-07-24T08:30:28.00Z","1","12"
"7934","พาย สายน้ำแห่งความฝัน","https://vipa.me/th/watch/pai","https://assets.vipa.nexbetter.com/files/3/63/a8/63a8c889-052a-4950-be7d-64c879b7ff9f","series","พาย สายน้ำแห่งความฝัน","Drama","people|inspiration|Sports Drama","พาย สายน้ำแห่งความฝัน|พาย|สายน้ำแห่งความฝัน|ณัฐพล ดิลกนวฤทธิ์|นฤภรกมล ฉายแสง|กิตติภัทร แก้วเจริญ|ปาลิน นารดาสิริ|กันต์ชนุตม์ เก่งการค้า|แม็กซ์ ณัฐพล|แพรว นฤภรกมล|ก้าวหน้า กิตติภัทร|ฝุ้น ปาลิน|กันต์ กันต์ชนุตม์|ความฝัน|พายเรือ|พายเรือยาว|พายเรือแคนู|กีฬา|มิตรภาพ|เพื่อน|แข่งเรือยาว|ความรัก|ครอบครัว","2022","THA","5","4","1","sign-language|closed-caption|audio-description","true","https://assets.vipa.nexbetter.com/files/3/63/a8/63a8c889-052a-4950-be7d-64c879b7ff9f","https://assets.vipa.nexbetter.com/files/3/63/a8/63a8c889-052a-4950-be7d-64c879b7ff9f","https://assets.vipa.nexbetter.com/files/3/e0/12/e0128d93-e994-4a75-9889-d4ecfe40ea0f","Nattapol Diloknawarit|Narupornkamo Chaisang|Kittipat Kaewcharoen|Palin Naradasiri|Kunchanuj Kengkarnka","2025-04-08T09:05:27.00Z","2025-07-24T08:38:58.00Z","1","12"
"7948","กะเทาะเปลือกโกง","https://vipa.me/th/watch/corruption","https://assets.vipa.nexbetter.com/files/3/8e/c6/8ec6d67b-2dec-4159-80c7-8b5412dc151b","series","กะเทาะเปลือกโกง","Documentary","culture|people|Social/Political","กะเทาะเปลือกโกง|กะเทาะ|เปลือก|โกง|สารคดี|สารคดีไทย|สารคดีไทยพีบีเอส|ไทยพีบีเอส|thai pbs|คอร์รัปชัน|คอร์รัปชั่น|corruption|การเมือง|ธุรกิจ|เกมโกง|กลโกง|ความคิด|การทำงาน|ทุจริต","2018","THA","5","5","1","closed-caption|audio-description|sign-language","true","https://assets.vipa.nexbetter.com/files/3/8e/c6/8ec6d67b-2dec-4159-80c7-8b5412dc151b","https://assets.vipa.nexbetter.com/files/3/8e/c6/8ec6d67b-2dec-4159-80c7-8b5412dc151b","https://assets.vipa.nexbetter.com/files/3/8e/c6/8ec6d67b-2dec-4159-80c7-8b5412dc151b","no_data","2025-04-08T09:05:58.00Z","2025-08-13T04:43:41.00Z","1","5"
"7955","เพราะใจบันดาลแรง","https://vipa.me/th/watch/unlimitedlife","https://assets.vipa.nexbetter.com/pictures/3/81/9f/819fc4be-f87e-4511-9ab1-87e1fd8f7f5a","series","เพราะใจบันดาลแรง","Documentary","documentary|people|Social/Political","เพราะใจบันดาลแรง|แรงบันดาลใจ|ผู้พิการ|คนพิการ|ชีวิต|ร่างกาย|สุขภาพ|สังคม|การใช้ชีวิต","2020","THA","5","4","2","no_data","true","https://assets.vipa.nexbetter.com/pictures/3/81/9f/819fc4be-f87e-4511-9ab1-87e1fd8f7f5a","https://assets.vipa.nexbetter.com/pictures/3/81/9f/819fc4be-f87e-4511-9ab1-87e1fd8f7f5a","https://assets.vipa.nexbetter.com/files/3/05/d4/05d4302d-b92a-4ae7-86fe-2fed7e7830a7","no_data","2025-04-08T09:06:12.00Z","2025-07-24T16:05:08.00Z","1","13"
"7970","The Interns หมอ มือ ใหม่ (Big Sign)","https://vipa.me/th/watch/theinterns-bigsign","https://assets.vipa.nexbetter.com/files/3/07/cd/07cd1792-cc9b-4f19-a010-a518e86002be","series","The Interns หมอ มือ ใหม่ (Big Sign)","Drama","entertainment|people|Medical Drama","หมอ มือ ใหม่|interns|นักเรียนแพทย์|แพทย์|รินรดา ธุระพันธ์|พลวิชญ์ เกตุประภากร|นฤภรกมล ฉายแสง|โยชิ รินรดา|พรอยมน|the interns|ปอนด์ พลวิชญ์|ปกวรร์ฉัตร ชาญเฉลิมวรนันท์|หมอ|แพรว นฤภรกมล|คิมม่อน วโรดม|วโรดม เข็มมณฑา|sign language|ภาษามือ|big sign|วิชาชีพ","2023","THA","5","5","1","sign-language|closed-caption","true","https://assets.vipa.nexbetter.com/files/3/07/cd/07cd1792-cc9b-4f19-a010-a518e86002be","https://assets.vipa.nexbetter.com/files/3/07/cd/07cd1792-cc9b-4f19-a010-a518e86002be","https://assets.vipa.nexbetter.com/files/3/6f/d2/6fd26c8c-3fad-4ac3-9b87-3e41005c1e8b","Pokvorachat Chanchalermvoranun|Warodom Khemmonta|Ponlawit Ketprapakorn|Rinrada Thurapan|Narupornkamo Chaisang","2025-04-08T09:06:47.00Z","2025-08-07T04:00:47.00Z","1","16"
"7989","ดูให้รู้ไปเปลี่ยนโลก","https://vipa.me/th/watch/dohirupaiplianlok","https://assets.vipa.nexbetter.com/files/3/ab/0a/ab0ac148-e91a-4149-ab75-6f4fdd4abb1b","series","ดูให้รู้ไปเปลี่ยนโลก","Food & Travel","Food Travel Shows|Food and Culture|Travel Documentaries","ดูให้รู้ไปเปลี่ยนโลก|ดูให้รู้|ฟูจิ เซนเซ|ฟูจิซากิ|ฟูจิ ฟูจิซากิ|ท่องเที่ยว|อาหาร|ญี่ปุ่น|วัฒนธรรม|เที่ยว|ธรรมชาติ","2017","THA","5","5","1","no_data","true","https://assets.vipa.nexbetter.com/files/3/ab/0a/ab0ac148-e91a-4149-ab75-6f4fdd4abb1b","https://assets.vipa.nexbetter.com/files/3/ab/0a/ab0ac148-e91a-4149-ab75-6f4fdd4abb1b","https://assets.vipa.nexbetter.com/files/3/ab/0a/ab0ac148-e91a-4149-ab75-6f4fdd4abb1b","no_data","2025-04-08T09:07:29.00Z","2025-05-26T08:01:40.00Z","1","10"
"8001","ท้าให้อ่าน","https://vipa.me/th/watch/thereadinghero","https://assets.vipa.nexbetter.com/pictures/3/ae/3c/ae3c086f-5fc2-400f-ad56-b36399fab3be","series","ท้าให้อ่าน","Kids & Family","Game Shows","ท้าให้อ่าน","2018","THA","1","0","0","no_data","true","https://assets.vipa.nexbetter.com/pictures/3/ae/3c/ae3c086f-5fc2-400f-ad56-b36399fab3be","https://assets.vipa.nexbetter.com/pictures/3/ae/3c/ae3c086f-5fc2-400f-ad56-b36399fab3be","https://assets.vipa.nexbetter.com/files/3/cf/78/cf786369-8579-43c1-a1dc-e7bd733f8a64","no_data","2025-04-08T09:07:55.00Z","2025-06-23T07:15:39.00Z","1","11"
"8014","เยี่ยม ย่าน","https://vipa.me/th/watch/yiamyan","https://assets.vipa.nexbetter.com/pictures/3/86/dd/86dd944d-db22-487e-89c1-44bfb4b8791b","series","เยี่ยม ย่าน","Variety & LifeStyle","culture|people|Travel Shows|Hobbies & Crafts","เยี่ยม|ย่าน|เยี่ยมย่าน|รายการ|สารคดี|ท่องเที่ยว|ประเทศ|ไทย|สารคดีไทย|สารคดีไทยพีบีเอส|thai pbs|เที่ยว|ธรรมชาติ|ผู้คน|วิถีชีวิต|วัฒนธรรม|สังคม|ศาสนา|ชีวิต|ชุมชน|ชาวบ้าน|ประเพณี|สถานที่|สิ่งแวดล้อม|สไตล์","2024","THA","1","4","3","no_data","true","https://assets.vipa.nexbetter.com/pictures/3/86/dd/86dd944d-db22-487e-89c1-44bfb4b8791b","https://assets.vipa.nexbetter.com/pictures/3/86/dd/86dd944d-db22-487e-89c1-44bfb4b8791b","https://assets.vipa.nexbetter.com/files/3/2a/d5/2ad53882-f2f5-46e0-afae-5875f9996ee9","no_data","2025-04-08T09:08:23.00Z","2025-07-24T16:27:06.00Z","1","13"
"8029","ครูมะ ห้อง ป.3 ก. (Big Sign)","https://vipa.me/th/watch/kruma-bigsign","https://assets.vipa.nexbetter.com/files/3/56/be/56be27da-1a2e-4ab8-80be-d98ec7c023d6","series","ครูมะ ห้อง ป.3 ก. (Big Sign)","Drama","entertainment|people|Family Drama","ครูมะ ห้อง ป.3 ก.|ครูมะ|คุณครู|โรงเรียน|นักเรียน|อารักษ์ อมรศุภศิริ|ภาลฎา ฐิตะวชิระ|กนกกาญจน์ จุลทอง|การเรียน|การสอน|ห้องเรียน|ครูประจำชั้น|เรียนรู้|ภาษามือ|big sign|sign language","2022","THA","5","5","2","sign-language","true","https://assets.vipa.nexbetter.com/files/3/56/be/56be27da-1a2e-4ab8-80be-d98ec7c023d6","https://assets.vipa.nexbetter.com/files/3/56/be/56be27da-1a2e-4ab8-80be-d98ec7c023d6","https://assets.vipa.nexbetter.com/files/3/d1/3d/d13d12a9-776e-4cf4-94e3-d9d03b129ef6","Arak Amornsupasiri|Parada Thitawachira|Kanokkarn Chulthong","2025-04-08T09:08:55.00Z","2025-08-07T04:18:28.00Z","1","12"
"8043","พื้นที่ชีวิต","https://vipa.me/th/watch/life","https://assets.vipa.nexbetter.com/files/3/ea/ab/eaabace6-cf67-4503-86d9-bc4ab193a16c","series","พื้นที่ชีวิต","Documentary","inspiration|people","พื้นที่|ศาสนาธรรม|นิ้วกลม|วิทยากร โสวัตร|ธรรมะ|สารคดี|ประทีปธรรมแห่งยุคสมัย|วรรณสิงห์ ประเสริฐกุล|ศาสนาพุทธ|เจี๊ยบ|ฟาโรห์|สราวุธ เฮ้งสวัสดิ์|กรรณ สวัสดิวัตน์ ณ อยุธยา|ศาสนา|ระบบนิเวศ|วัฒนธรรม|พื้นที่ชีวิต ซีซัน 5|พื้นที่ชีวิต|ชีวิต|สังคม|สิงห์|พุทธศาสนา|ฟาโรห์ จักรภัทรานน","2023","THA","5","5","3","closed-caption|audio-description","true","https://assets.vipa.nexbetter.com/files/3/11/96/119650be-b39c-4d04-823f-749325928664","https://assets.vipa.nexbetter.com/files/3/ea/ab/eaabace6-cf67-4503-86d9-bc4ab193a16c","https://assets.vipa.nexbetter.com/files/3/8e/e9/8ee99a5f-e4d7-4281-b280-e21a5cdacc45","Sarawut Roundfinger Hengsawad|Wannasingh Prasertkul|Pharaoh Chakkraphattranon|Witayakara Sowattara","2025-04-08T09:09:28.00Z","2025-07-24T12:46:45.00Z","6","58"
"8108","อาชญากล คน 5G","https://vipa.me/th/watch/kongfiveg","https://assets.vipa.nexbetter.com/files/3/75/e8/75e81788-b807-4506-89e5-30faa17d27e0","series","อาชญากล คน 5G","Drama","Crime Drama|Legal Drama","เบน ชลาทิศ ตันติวุฒิ|โกง|อาชญากรรม|เชน อัฒรุต คงราศรี|อาชญากล คน 5g|ปอนด์ พลวิชญ์ เกตุประภากร|เบสท์ ณัฐสิทธิ์ โกฏิมนัสวนิชย์|อาชญากล|drama for all|มิจฉาชีพ|หลอกลวง|ปันปัน สุทัตตา อุดมศิลป์|ต้มตุ๋น","2021","THA","5","4","2","sign-language|closed-caption|audio-description","true","https://assets.vipa.nexbetter.com/files/3/75/e8/75e81788-b807-4506-89e5-30faa17d27e0","https://assets.vipa.nexbetter.com/files/3/75/e8/75e81788-b807-4506-89e5-30faa17d27e0","https://assets.vipa.nexbetter.com/files/3/75/e8/75e81788-b807-4506-89e5-30faa17d27e0","Ponlawit Ketprapakorn|Sutatta Udomsilp|Nathasit Kotimanuswanich|Chalatit Tantiwut|Attharut Kongrasri","2025-04-08T09:11:59.00Z","2025-07-24T09:19:48.00Z","1","2"
"8112","ลูกไม้หลายหลายต้น","https://vipa.me/th/watch/lookmai","https://assets.vipa.nexbetter.com/files/3/37/b6/37b688f3-1bbc-49ea-b18f-4aba08fee518","series","ลูกไม้หลายหลายต้น","Drama","Family Drama","ครอบครัว|น้ำฝน สรวงสุดา|ลูกไม้หลายๆต้น|ซิทคอม|มิตรภาพ|ซิตคอม|ลูกไม้หลายหลายต้น|ความสัมพันธ์|ธนบัตร งามกมลชัย|พี่น้อง|ณัฏฐ์ศรุต ถาม์พรทองสุทธิ|ลูกไม้หลายต้น|กลศ อัทธเสรี|ลูกไม้","2012","THA","1","0","0","closed-caption","true","https://assets.vipa.nexbetter.com/files/3/37/b6/37b688f3-1bbc-49ea-b18f-4aba08fee518","https://assets.vipa.nexbetter.com/files/3/37/b6/37b688f3-1bbc-49ea-b18f-4aba08fee518","https://assets.vipa.nexbetter.com/files/3/3e/2e/3e2e075e-1507-4020-8afc-63a0c162bc38","Thanabat Ngamkamolchai","2025-04-08T09:12:08.00Z","2025-07-24T09:15:46.00Z","1","65"
"8179","The Lessons บทเรียนชีวิต UNCUT","https://vipa.me/th/watch/thelessonsuncut","https://assets.vipa.nexbetter.com/pictures/3/5c/dd/5cdd03f5-becf-4887-8562-6aef99bdf8ff","series","The Lessons บทเรียนชีวิต UNCUT","documentary","people|inspiration","นิ้วกลม|นิ้วกลม สราวุธ|the lessons|วิถีชีวิต|บทเรียนชีวิต|สัมภาษณ์|สราวุธ เฮ้งสวัสดิ์|ชีวิต|สังคม","2024","THA","5","0","0","no_data","true","https://assets.vipa.nexbetter.com/pictures/3/5c/dd/5cdd03f5-becf-4887-8562-6aef99bdf8ff","https://assets.vipa.nexbetter.com/pictures/3/5c/dd/5cdd03f5-becf-4887-8562-6aef99bdf8ff","https://assets.vipa.nexbetter.com/files/3/2a/06/2a062b49-2961-497a-9cac-07b2287b0a31","Sarawut Roundfinger Hengsawad","2025-04-08T09:14:58.00Z","2025-07-24T16:49:25.00Z","2","28"
"8210","ในรอยโนรา","https://vipa.me/th/watch/nairoinora","https://assets.vipa.nexbetter.com/pictures/3/6d/c0/6dc09f39-8bf4-494f-9fcb-47738eb3941d","series","ในรอยโนรา","Documentary","culture|people|Cultural","ความเชื่อ|ภาคใต้|โนรา|ศิลปิน|โนราห์|ในรอยโนรา|ประเพณี|the nora legacy|สารคดี|บันเทิง|การแสดง|ศิลปะ|ภูมิปัญญา|พิธีกรรม|พิธี|วัฒนธรรม|ท้องถิ่น|ศรัทธา","2023","THA","1","5","1","no_data","true","https://assets.vipa.nexbetter.com/pictures/3/6d/c0/6dc09f39-8bf4-494f-9fcb-47738eb3941d","https://assets.vipa.nexbetter.com/pictures/3/6d/c0/6dc09f39-8bf4-494f-9fcb-47738eb3941d","https://assets.vipa.nexbetter.com/files/3/79/95/7995d5f7-cdd2-4995-9d83-ab9e1ac13f9b","no_data","2025-04-08T09:16:13.00Z","2025-08-08T04:42:49.00Z","2","6"
"8219","One Cup, A Thousand Stories หนึ่งถ้วยพันเรื่องราว","https://vipa.me/th/watch/1793306498523110193","https://assets.vipa.nexbetter.com/files/3/32/7b/327b7404-091d-403b-828f-353460f03eca","series","One Cup, A Thousand Stories หนึ่งถ้วยพันเรื่องราว","documentary","culture|people","สารคดี|documentary|best documentary|best doc|one cup|a thousand stories|หนึ่งถ้วยพันเรื่องราว|ชา|จีน|วัฒนธรรม|เครื่องดื่ม|ความเชื่อ|พฤติกรรม|การดื่ม|ปลูกชา|ไร่ชา|ชาวเขา|ชาวเผ่า|เก็บชา|bbc|ท่องโลกกว้าง","2021","no_data","5","0","0","soundtrack","true","https://assets.vipa.nexbetter.com/files/3/32/7b/327b7404-091d-403b-828f-353460f03eca","https://assets.vipa.nexbetter.com/files/3/32/7b/327b7404-091d-403b-828f-353460f03eca","https://assets.vipa.nexbetter.com/files/3/32/7b/327b7404-091d-403b-828f-353460f03eca","no_data","2025-04-08T09:16:32.00Z","2025-05-30T03:03:33.00Z","1","6"
"8227","หนี กัก ตาย","https://vipa.me/th/watch/nheekaktai","https://assets.vipa.nexbetter.com/pictures/3/b0/da/b0da6cb8-677d-491b-83e5-e7ea0b75e890","series","หนี กัก ตาย","Drama","health|people|Medical Drama|Social Drama","หนี กัก ตาย|กอล์ฟ อัครา|อัครา อมาตยกุล|โอห์ม ฐิติวัฒน์|ฐิติวัฒน์ ฤทธิ์ประเสริฐ|พลอย ภัชธร|ภัชธร ธนวัฒน์|พี พีรวิชญ์|พีรวิชญ์ พลอยนาพล|หมอแล็บแพนด้า|หมอแล็บ|ภาคภูมิ เดชหัสดิน|benz apache|เบ๊น อาปาเช่|อัครเดช โยธาจันทร์|อ๊อฟ พุฒิพงษ์|พุฒิพงษ์ จีรังกุลฤทธิ์|นัท ธีรารัตน์|ธีรารัตน์ วงษ์ชื่น|อาร์ม ศุภรัตน์|ศุภรัตน์ มีปรีชา|เสือ เสฏกานต์|เสฎกานต์ สุขพิมาย|ละคร|ละครไทย|ละครไทยพีบีเอส|ไทยพีบีเอส|thai pbs|หนี|กัก|ตาย|ไวรัส|โควิด 19|covid 19|covid|โควิด|กักตัว|โรคระบาด|โรค|รอด|ติดเชื้อ|สนามบิน|ความเสี่ยง|กลุ่มเสี่ยง|covid-19|เที่ยวบิน","no_data","THA","5","5","2","closed-caption","true","https://assets.vipa.nexbetter.com/pictures/3/b0/da/b0da6cb8-677d-491b-83e5-e7ea0b75e890","https://assets.vipa.nexbetter.com/pictures/3/b0/da/b0da6cb8-677d-491b-83e5-e7ea0b75e890","https://assets.vipa.nexbetter.com/pictures/3/69/8b/698bb34f-a0ef-489b-9b49-5a2d31350d3c","Thitiwat Ritprasert|Amarttayakul Akara|Phatchatorn Thanawat","2025-04-08T09:16:50.00Z","2025-07-24T08:25:55.00Z","1","12"
"8241","ลูกเล่น","https://vipa.me/th/watch/looklen","https://assets.vipa.nexbetter.com/files/3/19/18/19187c63-abf1-4647-8850-043954821967","series","ลูกเล่น","Variety & LifeStyle","Game Shows","รายการ|ลูกเล่น|family|variety|game|เด็ก|ครอบครัว|พัฒนา|เด็กเล็ก|รัชชานนท์ สุประกอบ","2019","THA","1","5","1","no_data","true","https://assets.vipa.nexbetter.com/files/3/19/18/19187c63-abf1-4647-8850-043954821967","https://assets.vipa.nexbetter.com/files/3/19/18/19187c63-abf1-4647-8850-043954821967","https://assets.vipa.nexbetter.com/files/3/6d/e9/6de92ed6-a78e-41b6-b03d-6bd857c61373","no_data","2025-04-08T09:17:21.00Z","2025-05-26T02:08:34.00Z","1","13"
"8256","สุขจ๋า...อยู่หนใด","https://vipa.me/th/watch/sookja","https://assets.vipa.nexbetter.com/files/3/75/a8/75a86f86-7587-4602-b3dc-d1fb5773ae42","series","สุขจ๋า...อยู่หนใด","Drama","Family Drama","สุขจ๋าอยู่หนใด|สุขจ๋า|ละคร|ละครไทยพีบีเอส|thai pbs|ไทยพีบีเอส|ชุมชน|ชาวบ้าน|ความสัมพันธ์|สังคม|ผู้คน|ชีวิต","2017","THA","5","0","0","no_data","true","https://assets.vipa.nexbetter.com/files/3/75/a8/75a86f86-7587-4602-b3dc-d1fb5773ae42","https://assets.vipa.nexbetter.com/files/3/75/a8/75a86f86-7587-4602-b3dc-d1fb5773ae42","https://assets.vipa.nexbetter.com/files/3/75/a8/75a86f86-7587-4602-b3dc-d1fb5773ae42","no_data","2025-04-08T09:17:57.00Z","2025-07-24T08:49:34.00Z","1","13"
"8271","ความรู้ของแผ่นดิน เดินทวนน้ำ","https://vipa.me/th/watch/sarakadeewater","https://assets.vipa.nexbetter.com/pictures/3/8c/ee/8cee79ec-eead-4c22-81b5-47657a6b93a3","series","ความรู้ของแผ่นดิน เดินทวนน้ำ","Documentary","documentary|Social/Political","ความรู้ของแผ่นดิน เดินทวนน้ำ","2018","THA","5","5","2","no_data","true","https://assets.vipa.nexbetter.com/pictures/3/8c/ee/8cee79ec-eead-4c22-81b5-47657a6b93a3","https://assets.vipa.nexbetter.com/pictures/3/8c/ee/8cee79ec-eead-4c22-81b5-47657a6b93a3","https://assets.vipa.nexbetter.com/files/3/c4/1b/c41b59ee-6ed8-4ab4-9244-862cc4b24fb9","no_data","2025-04-08T09:18:36.00Z","2025-07-24T16:05:27.00Z","2","8"
"8282","อวสานมนุษย์เงินเดือน Goodbye Salary (Big Sign)","https://vipa.me/th/watch/goodbyesalary-bigsign","https://assets.vipa.nexbetter.com/files/3/cf/9d/cf9d58d9-ca45-4524-875f-6cc2b92f1372","series","อวสานมนุษย์เงินเดือน Goodbye Salary (Big Sign)","Drama","people|entertainment|Social Drama","สมชาย เข็มกลัด|ครอบครัว|ตกงาน|covid 19|โควิด 19|เงินเดือน|หางาน|มิตรภาพ|เงิน|มนุษย์เงินเดือน|ปราโมทย์ แสงศร|ความสัมพันธ์|ธุรกิจ|อวสานมนุษย์เงินเดือน|goodbye salary|เพื่อน|โมทย์ แสงศร|เจมส์ เรืองศักดิ์|เรืองศักดิ์ ลอยชูศักดิ์|เต๋า สมชาย|sign language|ภาษามือ|big sign","2020","THA","5","5","1","sign-language|closed-caption","true","https://assets.vipa.nexbetter.com/files/3/cf/9d/cf9d58d9-ca45-4524-875f-6cc2b92f1372","https://assets.vipa.nexbetter.com/files/3/cf/9d/cf9d58d9-ca45-4524-875f-6cc2b92f1372","https://assets.vipa.nexbetter.com/files/3/f6/bb/f6bb7809-8e86-4d02-abe9-40c7f09e7acc","Ruangsak Loychusak|Pramote Seangsorn|Somchai Khemklad","2025-04-08T09:18:59.00Z","2025-07-24T08:29:56.00Z","1","4"
"8288","การประชันวงดุริยางค์ระหว่างทีมโรงเรียนในกรุงเทพมหานคร และ จังหวัดนครราชสีมา","https://vipa.me/th/watch/1741376699578018336","https://assets.vipa.nexbetter.com/files/3/66/74/66744d6d-e5ab-4b21-896c-c4babb407001","series","การประชันวงดุริยางค์ระหว่างทีมโรงเรียนในกรุงเทพมหานคร และ จังหวัดนครราชสีมา","Variety & LifeStyle","entertainment|people|Reality Shows","วงดุริยางค์|นครราชสีมา|วัดสุทธิวราราม|วชิรธรรมสาธิต|สุรนารีวิทยา|ราชสีมาวิทยาลัย|ดนตรี|วงโยธวาทิต|ดุริยางค์|นักเรียน|เยาวชน|บทเพลง|เพลง|เพลงบรรเลง|กรุงเทพมหานคร|การแข่งขัน|การประชัน|battle","2022","THA","5","0","0","no_data","false","https://assets.vipa.nexbetter.com/files/3/66/74/66744d6d-e5ab-4b21-896c-c4babb407001","https://assets.vipa.nexbetter.com/files/3/66/74/66744d6d-e5ab-4b21-896c-c4babb407001","https://assets.vipa.nexbetter.com/files/3/66/74/66744d6d-e5ab-4b21-896c-c4babb407001","no_data","2025-04-08T09:19:11.00Z","2025-06-10T09:33:57.00Z","1","9"
"8299","เกษตร EASY","https://vipa.me/th/watch/kaseteasy","https://assets.vipa.nexbetter.com/pictures/3/7d/4a/7d4ad928-3084-447d-aceb-9861e5cce814","series","เกษตร EASY","Variety & LifeStyle","Hobbies & Crafts","ดอกไม้|การเกษตร|การทำเกษตร|ผัก|เกษตร อีซี่|เกษตร easy|ทำไร่|เกษตร easy big sign|เพราะปลูก|เกษตร|ภาษามือ|big sign|เป้ อารักษ์","2020","THA","5","5","3","sign-language|closed-caption","true","https://assets.vipa.nexbetter.com/pictures/3/7d/4a/7d4ad928-3084-447d-aceb-9861e5cce814","https://assets.vipa.nexbetter.com/pictures/3/7d/4a/7d4ad928-3084-447d-aceb-9861e5cce814","https://assets.vipa.nexbetter.com/files/3/4d/9d/4d9d4b7c-9e9a-4126-99ea-f4c22497b46a","no_data","2025-04-08T09:19:35.00Z","2025-06-23T07:48:07.00Z","2","33"
"8335","ศิลป์สะท้อน ศิลปะเพื่อบ้านฉัน","https://vipa.me/th/watch/artreflection","https://assets.vipa.nexbetter.com/files/3/1d/90/1d90baa4-7498-47a0-a1f7-e3e8e2c20311","series","ศิลป์สะท้อน ศิลปะเพื่อบ้านฉัน","Documentary","arts|culture","ศิลป์สะท้อน|ศิลปะเพื่อบ้านฉัน|ศิลป์|ศิลปะ|สารคดี|สารคดีไทย|สารคดีไทยพีบีเอส|ไทยพีบีเอส|thai pbs|วัฒนธรรม|ชุมชน|ชาวบ้าน|ศิลปกรรม|ประวัติศาสตร์","2019","THA","1","0","0","closed-caption|audio-description","true","https://assets.vipa.nexbetter.com/files/3/1d/90/1d90baa4-7498-47a0-a1f7-e3e8e2c20311","https://assets.vipa.nexbetter.com/files/3/1d/90/1d90baa4-7498-47a0-a1f7-e3e8e2c20311","https://assets.vipa.nexbetter.com/files/3/1d/90/1d90baa4-7498-47a0-a1f7-e3e8e2c20311","no_data","2025-04-08T09:20:56.00Z","2025-07-24T12:46:05.00Z","1","4"
"8341","บ๊อบ นักสร้างมือฉมัง","https://vipa.me/th/watch/bobthebuilder","https://assets.vipa.nexbetter.com/pictures/3/c2/20/c220b269-b68b-48e3-9226-46ddef12360d","series","บ๊อบ นักสร้างมือฉมัง","Kids & Family","kids|family","bob the builder|บ๊อบ นักสร้างมือฉมัง|บ๊อบ|bob|builder|นักก่อสร้าง|ก่อสร้าง|ตึก|อาคาร|เด็ก|เยาวชน|ครอบครัว|การ์ตูน|อนิเมชั่น|อนิเมชัน|แอนิเมชัน|แอนิเมชั่น|cartoon|animation|เพื่อน|มิตรภาพ|ทีม|ทีมงาน|สร้าง|ซ่อม|แก้ปัญหา","2018","THA","1","4","5","soundtrack","true","https://assets.vipa.nexbetter.com/pictures/3/c3/f8/c3f8b0cb-b9b2-492f-9b9f-8c45a33d671e","https://assets.vipa.nexbetter.com/pictures/3/c2/20/c220b269-b68b-48e3-9226-46ddef12360d","https://assets.vipa.nexbetter.com/files/3/36/9b/369b6b93-f447-479f-9884-7322bf351ad0","no_data","2025-04-08T09:21:09.00Z","2026-02-20T04:46:41.00Z","2","78"
"8395","14 วัน ฉัน(ไม่)เปลี่ยน My Quarantine Days","https://vipa.me/th/watch/myquarantinedays","https://assets.vipa.nexbetter.com/files/3/a5/fc/a5fc631d-54ac-4548-9203-9843bf07e98a","series","14 วัน ฉัน(ไม่)เปลี่ยน My Quarantine Days","Drama","Social Drama","14 วัน ฉันไม่เปลี่ยน|covid 19|โควิด|โควิด 19|กักตัว|ไวรัส|14 วัน|ฉันไม่เปลี่ยน|ภีมพล พาณิชย์ธำรง|พีค ภีมพล|นัฐรุจี วิศวนารถ|ตังตัง นัฐรุจี|คานธี วสุวิชย์กิต|สุนนท์ วชิรวราการ|เยาวลักษณ์ เมฆกุลวิโรจน์|ประดิษฐ ประสาททอง|ศุภลัษกณ์ อุตตมะเวทิน|วิกฤต|quarantine|my quarantine days","2020","THA","5","0","0","sign-language","true","https://assets.vipa.nexbetter.com/files/3/a5/fc/a5fc631d-54ac-4548-9203-9843bf07e98a","https://assets.vipa.nexbetter.com/files/3/a5/fc/a5fc631d-54ac-4548-9203-9843bf07e98a","https://assets.vipa.nexbetter.com/files/3/a5/fc/a5fc631d-54ac-4548-9203-9843bf07e98a","Peemapol Panichtamrong|Nutrugee Wisawanart","2025-04-08T09:23:18.00Z","2025-07-24T09:15:12.00Z","1","14"
"8411","อาชญาโกง","https://vipa.me/th/watch/corrupted","https://assets.vipa.nexbetter.com/pictures/3/8a/0d/8a0daa87-dd8f-449a-8aed-d996ff4d218d","series","อาชญาโกง","Drama","people|drama|Legal Drama|Social Drama","อาชญาโกง|อาชญากรรม|ไต้ฝุ่น กนกฉัตร|กนกฉัตร มรรยาทอ่อน|ไต้ฝุ่น kpn|แพรวพรรณรายณ์|แพรวพรรณรายณ์ ศันสนะพิทยากร|เอ็กซ์ อัศนัย|อัศนัย เทศทะวงศ์|หนึ่ง ชลัฏ|ชลัฏ ณ สงขลา|สืบ บุญส่ง|บุญส่ง นาคภู่|บริษัท|บูม ศิริศักดิ์|ศิริศักดิ์ พลยา|ละคร|ละครไทย|ละครไทยพีบีเอส|thai pbs|อาชญา|โกง|กลโกง|ทุจริต|คอรัปชั่น|ทำงาน|มิตรภาพ|ความสัมพันธ์|ออฟฟิศ|ที่ทำงาน|ธรรศธรณ์ ฤทธิเดช|ความรัก|ทรยศ|หักหลัง|ฝึกงาน|กลั่นแกล้ง","2024","THA","5","4","44","closed-caption|sign-language","true","https://assets.vipa.nexbetter.com/pictures/3/8a/0d/8a0daa87-dd8f-449a-8aed-d996ff4d218d","https://assets.vipa.nexbetter.com/pictures/3/8a/0d/8a0daa87-dd8f-449a-8aed-d996ff4d218d","https://assets.vipa.nexbetter.com/pictures/3/76/de/76de9e1e-81c7-4505-9916-7fb409b86aea","Kanokchat Munyadon|Praewpannarai Sansanapitayakorn|Assanai Thetthawong|Boonsong Nakphoo|ธรรศธรณ์ ฤทธิเดช|Satida Pinsinchai|Samart Payakaroon|Morakot Hathaivasiwong|Ongart Cheamcharoenpornkul|Sittawasilp Kabilchonlathit","2025-04-08T09:24:00.00Z","2026-09-11T09:20:15.00Z","2","20"
"8421","ตาต้าตีตี้โตโต้ ไดโนมหัศจรรย์","https://vipa.me/th/watch/tatatititoto","https://assets.vipa.nexbetter.com/files/3/a9/eb/a9eb1986-f5fb-47fb-b6b9-e34ac21404b5","series","ตาต้าตีตี้โตโต้ ไดโนมหัศจรรย์","Kids & Family","kids|family","ความรัก|ตาต้า|ครอบครัว|เยาวชน|หุ่นเชิด|ไดโนเสาร์|ไดโนมหัศจรรย์|titi|ความสามัคคี|มิตรภาพ|บันเทิง|เด็ก|จินตนาการ|toto|tatatititoto|tata|เพื่อน|ตาต้าตีตี้โตโต้|พี่น้อง|หุ่น","2022","THA","1","5","1","no_data","true","https://assets.vipa.nexbetter.com/files/3/a9/eb/a9eb1986-f5fb-47fb-b6b9-e34ac21404b5","https://assets.vipa.nexbetter.com/files/3/a9/eb/a9eb1986-f5fb-47fb-b6b9-e34ac21404b5","https://assets.vipa.nexbetter.com/files/3/05/28/05288d14-a3bf-4d5e-a357-9c6f351f9254","no_data","2025-04-08T09:24:23.00Z","2025-05-26T06:56:33.00Z","1","48"
"8471","เช้าชวนคิดกับนักวิทย์น้อย","https://vipa.me/th/watch/thinkwithscientist","https://assets.vipa.nexbetter.com/files/3/30/19/301909eb-8a6c-4dc0-bf50-2cbdf9e0f49c","series","เช้าชวนคิดกับนักวิทย์น้อย","Kids & Family","Educational|Science Fiction","เช้าชวนคิดกับนักวิทย์น้อย|วิทยาศาสตร์|ปฐมวัย|วิทยาศาสตร์ปฐมวัย|ทดลอง|เกม|เด็ก|ชวนคิดกับนักวิทย์น้อย","2020","THA","1","5","1","no_data","true","https://assets.vipa.nexbetter.com/files/3/30/19/301909eb-8a6c-4dc0-bf50-2cbdf9e0f49c","https://assets.vipa.nexbetter.com/files/3/30/19/301909eb-8a6c-4dc0-bf50-2cbdf9e0f49c","https://assets.vipa.nexbetter.com/files/3/30/19/301909eb-8a6c-4dc0-bf50-2cbdf9e0f49c","no_data","2025-04-08T09:26:23.00Z","2025-05-27T07:09:05.00Z","1","13"
"8486","สืบสวนสำนวนรัก Investigation of Love","https://vipa.me/th/watch/investigationoflove","https://assets.vipa.nexbetter.com/files/3/e7/6a/e76a7484-e28c-4c6a-a625-b27bbb3f5333","series","สืบสวนสำนวนรัก Investigation of Love","Drama","people|entertainment|Social Drama","สืบสวนสำนวนรัก|ความรัก|ทนายความ|นักการเมือง|จีน่า ณัฐกฤตา|มชณต สุวรรณมาศ|อำนาจ|จรณ โสรัตน์|ละคร|ต้นน้ำ เปี่ยมชล|หลิน มชณต|เทมส์ สรรพกิจ|ณัฐกฤตา รำมะนู|เอม สาธิดา|สืบสวน|สำนวนรัก|ทนาย|สังคมไทย|ณฐนันท อัครกิจวัฒนากุล|แม่เลี้ยงเดี่ยว|โอ๊ค กีรติ|กีรติ ศิวะเกื้อ|สาธิดา ปิ่นสินชัย|ท็อป จรณ|ซอโซ่ ณฐนันท|รัชด ชมภูนิช|รักสามเส้า|สะท้อนสังคม|investigation of love|สังคม|การเมือง|เปี่ยมชล ดำรงสุนทรชัย","2023","THA","5","5","1","sign-language|closed-caption|audio-description","true","https://assets.vipa.nexbetter.com/files/3/e7/6a/e76a7484-e28c-4c6a-a625-b27bbb3f5333","https://assets.vipa.nexbetter.com/files/3/e7/6a/e76a7484-e28c-4c6a-a625-b27bbb3f5333","https://assets.vipa.nexbetter.com/files/3/e5/83/e5839afa-5b8f-4a55-b899-9f15e8a0294a","Mashannoad Suvanamas|Jaron Sorat|Piamchon Damrongsunthornchai|Thames Sanpakit","2025-04-08T09:26:57.00Z","2025-11-14T07:16:41.00Z","1","12"
"8500","เกิดมาไม...สัตว์","https://vipa.me/th/watch/whybornanimal","https://assets.vipa.nexbetter.com/files/3/3c/4e/3c4e22e1-83af-42a9-9cf7-cd417bf0c081","series","เกิดมาไม...สัตว์","Documentary","education|documentary|Nature/Environmental","เกิดมาไม...สัตว์|เกิดมาไมสัตว์|สัตว์|สัวต์โลก|สารคดี|การเรียนรู้|การศึกษา|เกิด|แมลง","2022","THA","1","5","1","no_data","true","https://assets.vipa.nexbetter.com/files/3/3c/4e/3c4e22e1-83af-42a9-9cf7-cd417bf0c081","https://assets.vipa.nexbetter.com/files/3/3c/4e/3c4e22e1-83af-42a9-9cf7-cd417bf0c081","https://assets.vipa.nexbetter.com/files/3/3c/4e/3c4e22e1-83af-42a9-9cf7-cd417bf0c081","no_data","2025-04-08T09:27:28.00Z","2025-05-26T05:36:18.00Z","1","13"
"8515","คิดส์คลับ","https://vipa.me/th/watch/kidsclub","https://assets.vipa.nexbetter.com/files/3/75/f5/75f51528-2162-43c3-b83b-a3f9079021be","series","คิดส์คลับ","Kids & Family","kids|inspiration|Educational","คิดส์คลับ|เด็ก|ครอบครัว|เด็กและครอบครัว|รายการเด็ก|รายการ|คลับ|เยาวชน|จินตนาการ|สร้างสรรค์","2019","THA","1","5","1","no_data","true","https://assets.vipa.nexbetter.com/files/3/75/f5/75f51528-2162-43c3-b83b-a3f9079021be","https://assets.vipa.nexbetter.com/files/3/75/f5/75f51528-2162-43c3-b83b-a3f9079021be","https://assets.vipa.nexbetter.com/files/3/75/f5/75f51528-2162-43c3-b83b-a3f9079021be","no_data","2025-04-08T09:28:00.00Z","2025-05-26T05:37:06.00Z","1","52"
"8569","โลกหลังโควิด","https://vipa.me/th/watch/thedisruption","https://assets.vipa.nexbetter.com/files/3/13/b4/13b4d8f3-911d-4fbf-aa93-5f01bdb7a912","series","โลกหลังโควิด","Documentary","Social/Political","โควิด|โควิด19|โลกหลังโควิด|การท่องเที่ยว|การปรับตัว|covid-19","2021","THA","5","4","1","no_data","true","https://assets.vipa.nexbetter.com/files/3/13/b4/13b4d8f3-911d-4fbf-aa93-5f01bdb7a912","https://assets.vipa.nexbetter.com/files/3/13/b4/13b4d8f3-911d-4fbf-aa93-5f01bdb7a912","https://assets.vipa.nexbetter.com/files/3/ee/e8/eee87e70-9d7b-4e91-98c1-d4b137bc8bcf","no_data","2025-04-08T09:29:58.00Z","2025-07-24T16:07:44.00Z","1","5"
"8576","สามัญชนคนไทย","https://vipa.me/th/watch/samanchonuncut","https://assets.vipa.nexbetter.com/pictures/3/46/04/4604895e-dffc-43f1-9b2b-ced2e958cfd5","series","สามัญชนคนไทย","Documentary","documentary|people|Social/Political|Cultural","ยากจน|สารคดีไทย|คนจน|การศึกษา|เด็กหลุดจากระบบการศึกษา|สารคดี|มาโนช พุฒตาล|เด็ก drop out|ผู้พิการ|จน|ผู้พิการยากจน|คนแก่|สามัญชนคนไทย|ระบบการศึกษา|สามัญชนคนไทย uncut|เมืองไทย","2026","THA","5","5","4","audio-description","true","https://assets.vipa.nexbetter.com/pictures/3/46/04/4604895e-dffc-43f1-9b2b-ced2e958cfd5","https://assets.vipa.nexbetter.com/pictures/3/46/04/4604895e-dffc-43f1-9b2b-ced2e958cfd5","https://assets.vipa.nexbetter.com/pictures/3/6a/3b/6a3bd328-2ef6-4df3-ad71-b9884f186bbd","no_data","2025-04-08T09:30:12.00Z","2026-08-04T09:05:45.00Z","4","51"
"8619","อยุธยาที่ไม่รู้จัก","https://vipa.me/th/watch/ayutthaya","https://assets.vipa.nexbetter.com/pictures/3/ae/f6/aef6ffe7-ba62-4ce0-98e3-609a594f3afe","series","อยุธยาที่ไม่รู้จัก","Documentary","culture|people|Historical|Cultural","ชุมชน|สารคดีไทย|อยุธยา|เมืองหลวง|สารคดี|อยุธยาที่ไม่รู้จัก|ศิลปะ|ไทย|ประวัติศาสตร์|ความเป็นไทย|เมือง|วิถีชีวิต|ชาวบ้าน|วัฒนธรรม|บ้านเมือง|ภาษา|หมู่บ้าน|thai pbs|ชีวิต|สังคม|จังหวัด","2017","THA","1","5","1","closed-caption|audio-description","true","https://assets.vipa.nexbetter.com/pictures/3/ae/f6/aef6ffe7-ba62-4ce0-98e3-609a594f3afe","https://assets.vipa.nexbetter.com/pictures/3/ae/f6/aef6ffe7-ba62-4ce0-98e3-609a594f3afe","https://assets.vipa.nexbetter.com/files/3/77/4d/774dcf65-a4db-4f0b-8fa7-772a127d1155","no_data","2025-04-08T09:31:44.00Z","2025-07-24T12:43:49.00Z","1","4"
"8625","หนังพาไป ซีซัน 5","https://vipa.me/th/watch/moviepapai5","https://assets.vipa.nexbetter.com/pictures/3/28/47/28474c58-f5ac-4a19-ab3a-56f539a1d1cf","series","หนังพาไป ซีซัน 5","Food & Travel","Travel Shows|Travel Documentaries|Adventure Travel|Travel Guides","หนังพาไป ซีซัน 5|หนังพาไป|บอล ยอด|บอลยอด|พิศาล แสงจันทร์|ทายาท เดชเสถียร|บอล ทายาท|ยอด พิศาล|เดินทาง|ผจญภัย|การเดินทาง|เที่ยว|ท่องเที่ยว|ต่างประเทศ|ภาษา|วัฒนธรรม","2021","THA","5","4","1","sign-language","true","https://assets.vipa.nexbetter.com/pictures/3/28/47/28474c58-f5ac-4a19-ab3a-56f539a1d1cf","https://assets.vipa.nexbetter.com/pictures/3/28/47/28474c58-f5ac-4a19-ab3a-56f539a1d1cf","https://assets.vipa.nexbetter.com/files/3/c3/b2/c3b2cdf5-752e-4036-80cf-394c304f12cf","Taryart Datsathean|Phisan Sangjan","2025-04-08T09:31:55.00Z","2026-05-18T08:59:44.00Z","1","26"
"8653","Vocab King","https://vipa.me/th/watch/vocabking","https://assets.vipa.nexbetter.com/pictures/3/be/fa/befa05e3-2e3a-4903-96d8-502af4073704","series","Vocab King","Kids & Family","education|kids","vocab king|เด็ก|ครอบครัว|เด็กและครอบครัว|kids|เยาวชน|เรียนรู้|ภาษา|ภาษาอังกฤษ|ปฐมวัน|ประถมศึกษา|โควิด 19|covid 19|คำศัพท์|english|gregory raymond|คุณครู|ครู|ครูสอนภาษาอังกฤษ","2020","THA","1","0","0","no_data","true","https://assets.vipa.nexbetter.com/pictures/3/be/fa/befa05e3-2e3a-4903-96d8-502af4073704","https://assets.vipa.nexbetter.com/pictures/3/be/fa/befa05e3-2e3a-4903-96d8-502af4073704","https://assets.vipa.nexbetter.com/files/3/79/56/795649d8-58a6-4645-8998-bb3f44eafa53","no_data","2025-04-08T09:32:59.00Z","2025-06-23T07:11:27.00Z","1","13"
"8668","หนังพาไป ซีซัน 2","https://vipa.me/th/watch/moviepapai2","https://assets.vipa.nexbetter.com/pictures/3/c4/52/c452554c-bf67-4ed3-a335-174b3528f72a","series","หนังพาไป ซีซัน 2","Variety & LifeStyle","travel|inspiration","หนังพาไป ซีซั่น 2|หนังพาไป|ทายาท เดชเสถียร|บอล ทายาท|บอลยอด|พิศาล แสงจันทร์|ยอด พิศาล|ท่องเที่ยว|เที่ยว|วัฒนธรรม|มิตรภาพ|การเดินทาง|เดินทาง|ผจญภัย|ต่างประเทศ|ภาษา","2012","THA","5","4","2","no_data","true","https://assets.vipa.nexbetter.com/pictures/3/c4/52/c452554c-bf67-4ed3-a335-174b3528f72a","https://assets.vipa.nexbetter.com/pictures/3/c4/52/c452554c-bf67-4ed3-a335-174b3528f72a","https://assets.vipa.nexbetter.com/files/3/e4/bf/e4bfe842-f164-4562-af0d-54b281993933","Taryart Datsathean|Phisan Sangjan","2025-04-08T09:33:30.00Z","2026-05-18T08:57:59.00Z","1","27"
"8697","ส่องสัตว์","https://vipa.me/th/watch/watchzoo","https://assets.vipa.nexbetter.com/pictures/3/32/09/3209b972-2e58-4db3-9716-553523d4e659","series","ส่องสัตว์","Documentary","Nature/Environmental","ส่องสัตว์|สัตว์|ส่อง|สิ่งแวดล้อม|ธรรมชาติ|สิ่งมีชีวิต|สัตว์ป่า|รายการ","2020","THA","5","4","3","no_data","true","https://assets.vipa.nexbetter.com/pictures/3/32/09/3209b972-2e58-4db3-9716-553523d4e659","https://assets.vipa.nexbetter.com/pictures/3/32/09/3209b972-2e58-4db3-9716-553523d4e659","https://assets.vipa.nexbetter.com/files/3/f4/12/f4127e30-9700-4e23-beaf-59f25153d9a7","no_data","2025-04-08T09:34:35.00Z","2025-06-27T08:08:34.00Z","1","13"
"8712","Drive 2 คู่หูนักปรุง by เชฟเซฟ เชฟรบ","https://vipa.me/th/watch/1687488764879758337","https://assets.vipa.nexbetter.com/files/3/8c/2d/8c2d4b55-8b43-431d-bf72-8fb00aa5f785","series","Drive 2 คู่หูนักปรุง by เชฟเซฟ เชฟรบ","Documentary","Expository","drive 2 คู่หูนักปรุง","2017","THA","5","5","1","no_data","true","https://assets.vipa.nexbetter.com/files/3/8c/2d/8c2d4b55-8b43-431d-bf72-8fb00aa5f785","https://assets.vipa.nexbetter.com/files/3/8c/2d/8c2d4b55-8b43-431d-bf72-8fb00aa5f785","https://assets.vipa.nexbetter.com/files/3/8c/2d/8c2d4b55-8b43-431d-bf72-8fb00aa5f785","no_data","2025-04-08T09:35:08.00Z","2025-05-29T08:54:38.00Z","1","13"
"8727","หม่อมเป็ดสวรรค์","https://vipa.me/th/watch/mhompedsawan","https://assets.vipa.nexbetter.com/files/3/bb/86/bb86dd11-43d1-4bf2-8189-4e680c125dff","series","หม่อมเป็ดสวรรค์","Drama","history|people|Historical Drama","หม่อมเป็ดสวรรค์|ทับทิม อัญรินทร์|อัญรินทร์ ธีราธนันพัฒน์|ฟิล์ม เฌอร์ลิษา|เฌอร์ลิษา เสรีวิบูรณ์กิจ|นก สินจัย|สินจัย เปล่งพานิช|เอ๋ มณีรัตน์|มณีรัตน์ คำอ้วน|แม็กซ์ ณัฐพล|ณัฐพล ดิลกนวฤทธิ์|ก้าวหน้า กิตติภัทร|กิตติภัทร แก้วเจริญ|เอี๊ยง สิทธา|สิทธา สภานุชาติ|บอม นนทัช|นนทัช ธนวัฒน์ยรรยง|ฟิวส์ กิติกร|กิติกร โพธิ์ปี|ฮาย ชุติมา|ชุติมา สิงห์ใจชื่น|โอ อนุชิต|อนุชิต สพันธุ์พงษ์|แพรว หัสสยา|หัสสยา อิสริยะเสรีกุล|เพื่อน|เล่นเพื่อน|เล่น|หม่อมเป็ด|หม่อมขำ|หม่อมสุด|ความสัมพันธ์|ประวัติศาสตร์|พระราชวัง|วัง|อดีต|พีเรียด|ย้อนยุค|หญิง|หญิงรักหญิง|ชาย|ชายรักชาย|มิตรภาพ|ความรัก|เจ้านาย|ทาส|ไพร่|วิถีชีวิต|ผู้คน|รักต้องห้าม|lgbtq|lgbtq+|ความไม่เท่าเทียม|ห้าม|หม่อม|หม่อมห้าม|ไม่เท่าเทียม|ละคร|ละครไทย|ละครไทยพีบีเอส|ไทยพีบีเอส|thai pbs","2024","THA","5","5","1","closed-caption|sign-language","true","https://assets.vipa.nexbetter.com/files/3/bb/86/bb86dd11-43d1-4bf2-8189-4e680c125dff","https://assets.vipa.nexbetter.com/files/3/bb/86/bb86dd11-43d1-4bf2-8189-4e680c125dff","https://assets.vipa.nexbetter.com/files/3/48/b2/48b24868-43f6-4a1c-8457-6e8d02f11947","Anyarin Terathananpat|Cherlisa Seriwibunkit|Sinjai Plengpanich|Maneerat Kam-Uan|Sittha Sapanuchart|Kittipat Kaewcharoen|Nattapol Diloknawarit|Hassaya Isariyasereekul|Nontach Thanawatyanyong|Kitikron Pohpe|Chutima Singjaichuen|Anuchit Sapunpohng","2025-04-08T09:35:40.00Z","2025-10-02T07:31:36.00Z","2","32"
"8763","หอมกลิ่นสยาม","https://vipa.me/th/watch/homklinsiam","https://assets.vipa.nexbetter.com/pictures/3/b9/c5/b9c59f6f-5522-400b-8a64-b6a9210862ae","series","หอมกลิ่นสยาม","Food & Travel","documentary|food|culture|Food Documentaries","อาหารคาว|วิถีไทย|สยาม|หอมกลิ่นสยาม|สารคดี|อาหารไทย|สำรับไทย|ขนมหวาน|เครื่องหวาน|ไทย|อาหาร|วัฒนธรรม|อาหารหวาน|ข้าว|ของหวาน","2018","THA","5","4","2","closed-caption|audio-description","true","https://assets.vipa.nexbetter.com/pictures/3/b9/c5/b9c59f6f-5522-400b-8a64-b6a9210862ae","https://assets.vipa.nexbetter.com/pictures/3/b9/c5/b9c59f6f-5522-400b-8a64-b6a9210862ae","https://assets.vipa.nexbetter.com/files/3/a4/15/a415d40e-3283-43d7-9398-133ee777321d","no_data","2025-04-08T09:36:56.00Z","2025-07-24T12:55:40.00Z","1","5"
"8770","สวัสดีความสุข","https://vipa.me/th/watch/hellohappy","https://assets.vipa.nexbetter.com/pictures/3/25/57/2557e4d0-a9e9-421b-a3ad-8de8dbb474db","series","สวัสดีความสุข","Drama","culture|people|Family Drama|Social Drama","ละคร|ละครไทย|ละครไทยพีบีเอส|สวัสดีความสุข|hello happy|พรอยมน|manasaproyy|ปกวรร์ฉัตร ชาญเฉลิมวรนันท์|tae darvid|ดาวิชญ์ กรีพลฤกษ์|เต้ ดาวิชญ์|หนู สุรศักดิ์|สุรศักดิ์ ชัยอรรถ|สืบ บุญส่ง|บุญส่ง นาคภู่|พิชญาภา นาถา|น้ำใส bnk48|น้ำใส พิชญาภา|โอ๊ต ภคพงศ์|ภคพงศ์ เทียนทอง|หมู่บ้าน|ชุมชน|บ้านเกิด|เพชบุรี|ความสุข|ครอบครัว|มิตรภาพ|ความสัมพันธ์|หมู่บ้านควันหลง|ทิวเขา|จอมนรี|เจนนี่|เจี๊ยบ|ชาวบ้าน","2023","THA","1","5","1","sign-language|closed-caption|audio-description","true","https://assets.vipa.nexbetter.com/pictures/3/25/57/2557e4d0-a9e9-421b-a3ad-8de8dbb474db","https://assets.vipa.nexbetter.com/pictures/3/25/57/2557e4d0-a9e9-421b-a3ad-8de8dbb474db","https://assets.vipa.nexbetter.com/pictures/3/fe/b9/feb9560c-0ec4-4d9e-9c89-97b614e843cc","Pokvorachat Chanchalermvoranun|Darvid Kreepolrerk|Surasak Chaiat|Pichayapa Natha|Boonsong Nakphoo","2025-04-08T09:37:10.00Z","2026-05-28T04:40:23.00Z","1","12"
"8784","ลูกไม้หล่นไม่ไกลโต๊ะ","https://vipa.me/th/watch/lukmai","https://assets.vipa.nexbetter.com/pictures/3/50/36/5036d26a-5330-467e-a135-9e6ab604aa77","series","ลูกไม้หล่นไม่ไกลโต๊ะ","Drama","Family Drama|Sports Drama|Teen Drama","ลูกไม้หล่นไม่ไกลโต๊ะ|นักกีฬา|ปิงปอง|ชวิน ลิขิตเจริญพงษ์|ละคร|แข่งขัน|นภัสสร เอี่ยมเจริญ|สมรักษ์ คำสิงห์|ความฝัน|จิราวัฒน์ วชิรศรัณย์ภัทร","2012","THA","1","0","0","no_data","true","https://assets.vipa.nexbetter.com/pictures/3/50/36/5036d26a-5330-467e-a135-9e6ab604aa77","https://assets.vipa.nexbetter.com/pictures/3/50/36/5036d26a-5330-467e-a135-9e6ab604aa77","https://assets.vipa.nexbetter.com/files/3/8a/4a/8a4a8d58-c867-425e-a02a-39d5626474ab","Chawinroj Likitchareonsakul|Napassorn Eiamcharoen|Jirawat Vachirasarunpatra|Somrak Kamsing","2025-04-08T09:37:38.00Z","2025-07-24T09:18:54.00Z","1","6"
"8792","เสียงอดีตสร้างจินตนาการ","https://vipa.me/th/watch/pastsound","https://assets.vipa.nexbetter.com/files/3/bd/7a/bd7af7bb-79f6-4f2e-b382-fabb60bb6f7e","series","เสียงอดีตสร้างจินตนาการ","Variety & LifeStyle","entertainment|arts|Celebrity & Entertainment News|Events & Festivals","เสียงอดีตสร้างจินตนาการ|เพลง|บทเพลง|ดนตรี|ออเคสตรา|ไทยซิมโฟนีออเคสตรา|ท้องถิ่น|ศิลปิน|ศิลปะ|นักร้อง|วง|บรรเลง","2023","THA","5","4","1","no_data","true","https://assets.vipa.nexbetter.com/files/3/bd/7a/bd7af7bb-79f6-4f2e-b382-fabb60bb6f7e","https://assets.vipa.nexbetter.com/files/3/bd/7a/bd7af7bb-79f6-4f2e-b382-fabb60bb6f7e","https://assets.vipa.nexbetter.com/files/3/bd/7a/bd7af7bb-79f6-4f2e-b382-fabb60bb6f7e","no_data","2025-04-08T09:37:55.00Z","2026-01-08T07:37:13.00Z","3","8"
"8797","วัฒนธรรมกินได้","https://vipa.me/th/watch/thelivingculture","https://assets.vipa.nexbetter.com/files/3/bc/b3/bcb31999-aa9f-4195-9c8a-ffbb6a381ea7","series","วัฒนธรรมกินได้","Documentary","documentary|people|culture|Cultural","ชุมชน|ประเพณี|สารคดี|วัฒนธรรมกินได้|ตลาดชุมชน|วิถีชีวิต|ชาวบ้าน|วัฒนธรรม|ท้องถิ่น","2022","THA","5","5","2","no_data","true","https://assets.vipa.nexbetter.com/files/3/b4/e1/b4e1bb4c-c133-4f32-bfa2-2bcee9d0117d","https://assets.vipa.nexbetter.com/files/3/bc/b3/bcb31999-aa9f-4195-9c8a-ffbb6a381ea7","https://assets.vipa.nexbetter.com/files/3/3c/c8/3cc8b76f-3bdc-4ad8-ab64-60da59a0490c","no_data","2025-04-08T09:38:05.00Z","2025-07-24T16:52:34.00Z","1","4"
"8803","คนรู้ใจ heart at home","https://vipa.me/th/watch/heartathome","https://assets.vipa.nexbetter.com/files/3/ac/20/ac20548b-e9be-4c8d-b85b-d3ecc4ba49d3","series","คนรู้ใจ heart at home","Variety & LifeStyle","Talk Shows","คนรู้ใจ heart at home|คนรู้ใจ|แจ็ค ไรเดอร์","2021","THA","5","0","0","no_data","true","https://assets.vipa.nexbetter.com/files/3/ac/20/ac20548b-e9be-4c8d-b85b-d3ecc4ba49d3","https://assets.vipa.nexbetter.com/files/3/ac/20/ac20548b-e9be-4c8d-b85b-d3ecc4ba49d3","https://assets.vipa.nexbetter.com/files/3/31/44/314467b4-e193-412c-9ab0-a44b041e8dc0","no_data","2025-04-08T09:38:16.00Z","2025-05-29T09:29:31.00Z","1","2"
"8807","นางฟ้าไร้นาม (Big Sign)","https://vipa.me/th/watch/namelessangel-bigsign","https://assets.vipa.nexbetter.com/files/3/0e/2a/0e2aa6a5-3af4-4741-bf46-8341bce44600","series","นางฟ้าไร้นาม (Big Sign)","Drama","biography|people|Social Drama","ละคร|นางฟ้าไร้นาม|นิศาชล สิ่วไธสง|เนสท์ นิศาชล|แปลน รัฐวิทย์|รัฐวิทย์ กิจวรลักษณ์|ณัฏฐ์ เทพหัสดิน ณ อยุธยา|สืบ บุญส่ง|บุญส่ง นาคภู่|พีค ภีมพล|ภีมพล พาณิชย์ธำรง|ต๊อป ณพล|ณพล พรมสุวรรณ|หมอ|แพทย์|แพทย์หญิง|กามโรค|แพทย์สตรี|รักษา|โสเภณี|ซ่อง|แม่พระ|ผู้หญิง|การต่อสู้|บทพิสูจน์|มหาวิทยาลัยปารีส|ปารีส|คุณเพียร เวชบุล|ดร.คุณเพียร เวชบุล|หมอเพียร|ฝรั่งเศส|บางขุนพรหม|บ้านสีฟ้า|ซิฟิลิซ|ร้อยโทนิกร|โกเหลียง|สว่าง|สังคม|ย้อนยุค|พีเรียด|พีระยานุเคราะห์|พีระยานุเคราะห์มูลนิธิ|บ้านเกร็ดตระการ|สะท้อนสังคม|ปัญหาสังคม|ชีวิต|ดราม่า|sign language|ภาษามือ|big sign","2023","THA","5","5","1","sign-language|closed-caption","true","https://assets.vipa.nexbetter.com/files/3/0e/2a/0e2aa6a5-3af4-4741-bf46-8341bce44600","https://assets.vipa.nexbetter.com/files/3/0e/2a/0e2aa6a5-3af4-4741-bf46-8341bce44600","https://assets.vipa.nexbetter.com/files/3/ee/c8/eec83420-853e-45d4-a027-39c8bef6cc8d","Nisachol Siwthaisong|Rathavit Kijworalak|Nut Devahastin Na Ayutthaya|Naphon Phromsuwan|Peemapol Panichtamrong","2025-04-08T09:38:23.00Z","2026-02-27T10:45:10.00Z","1","8"
"8817","ครอบครัวชีตาห์กับผม","https://vipa.me/th/watch/cheetahfamily","https://assets.vipa.nexbetter.com/files/3/76/1b/761b9104-ed6c-4063-a9ab-bbea555cc18e","series","ครอบครัวชีตาห์กับผม","documentary","nature-environment|pets-animals","สารคดี|documentary|best documentary|best doc|cheetah family & me|cheetah|ครอบครัว|ชีตาห์|ครอบครัวชีตาห์กับผม|สัตว์|สัตว์ป่า|เสือ|ป่า|ป่าไม้|ธรรมชาติ|สิ่งแวดล้อม|คาลาฮารี|gordon buchanan|ช่างภาพ|ทำหนัง|นักล่า|แอฟริกาใต้|bbc","2021","USA","1","0","0","soundtrack","true","https://assets.vipa.nexbetter.com/files/3/41/eb/41ebaa51-ecd0-4487-a617-743a92213df7","https://assets.vipa.nexbetter.com/files/3/76/1b/761b9104-ed6c-4063-a9ab-bbea555cc18e","https://assets.vipa.nexbetter.com/files/3/79/95/79956a11-9afa-45be-b561-73313bb4ab51","no_data","2025-04-08T09:38:43.00Z","2025-05-29T08:21:16.00Z","1","2"
"8821","ปลายจวัก (Big Sign)","https://vipa.me/th/watch/plaijawak-bigsign","https://assets.vipa.nexbetter.com/files/3/31/b0/31b0f4b6-9697-40e6-acf9-b4104e3ce75b","series","ปลายจวัก (Big Sign)","Drama","Historical Drama","ภาษามือ|big sign","no_data","THA","5","0","0","sign-language","true","https://assets.vipa.nexbetter.com/files/3/31/b0/31b0f4b6-9697-40e6-acf9-b4104e3ce75b","https://assets.vipa.nexbetter.com/files/3/31/b0/31b0f4b6-9697-40e6-acf9-b4104e3ce75b","https://assets.vipa.nexbetter.com/files/3/2e/63/2e63322f-2bab-4030-9a83-6aeaeee25937","Dhanantorn Neerasingh|Sattaphong Phiangphor|Nisachol Siwthaisong|Hemmawich Kwanamphaiphan","2025-04-08T09:38:51.00Z","2025-07-24T08:33:00.00Z","2","26"
"8851","คิดคณิต","https://vipa.me/th/watch/maththinking","https://assets.vipa.nexbetter.com/pictures/3/f1/db/f1dbbb30-64ed-401d-baf1-cb9c80bd62ba","series","คิดคณิต","Education","education|kids|Educational Games","คิดคณิต|ตัวเลข|เด็ก|ครอบครัว|เด็กและครอบครัว|kids|เยาวชน|เรียนรู้|ปฐมวัย|ประถมศึกษา|คณิตศาสตร์|ธนชาติ ถนอมกุลบุตร","2020","no_data","1","0","0","no_data","true","https://assets.vipa.nexbetter.com/pictures/3/f1/db/f1dbbb30-64ed-401d-baf1-cb9c80bd62ba","https://assets.vipa.nexbetter.com/pictures/3/f1/db/f1dbbb30-64ed-401d-baf1-cb9c80bd62ba","https://assets.vipa.nexbetter.com/files/3/92/eb/92ebbcc5-cf71-47c8-ab86-5a82a31c379f","no_data","2025-04-08T09:39:52.00Z","2026-01-06T09:21:42.00Z","1","12"
"8865","China: Race to the Future","https://vipa.me/th/watch/racetothefuture","https://assets.vipa.nexbetter.com/files/3/26/e9/26e95482-f554-4888-8267-43c6bc5636fa","series","China: Race to the Future","documentary","culture|people","china|race to the future|race|future|แข่งขันสู่อนาคต|จีน|แข่งขัน|อนาคต|สารคดี|สารคดีต่างประเทศ|ต่างประเทศ|การปฏิรูป|สาธารณรัฐประชาชนจีน|ประเทศ","2024","no_data","1","5","3","soundtrack","true","https://assets.vipa.nexbetter.com/files/3/26/e9/26e95482-f554-4888-8267-43c6bc5636fa","https://assets.vipa.nexbetter.com/files/3/26/e9/26e95482-f554-4888-8267-43c6bc5636fa","https://assets.vipa.nexbetter.com/files/3/26/e9/26e95482-f554-4888-8267-43c6bc5636fa","no_data","2025-04-08T09:40:22.00Z","2025-05-29T08:22:46.00Z","1","5"
"8872","อะไรกันนากกันหนา? (Big Sign)","https://vipa.me/th/watch/whatthenarkbigsign","https://assets.vipa.nexbetter.com/files/3/c5/86/c586e418-e1f8-4e32-a36c-b9dced4ba82a","series","อะไรกันนากกันหนา? (Big Sign)","Documentary","pets-animals|people|Nature/Environmental","sign language|ภาษามือ|big sign|what the nark|อะไรกันนากกันหนา|นาก|nark|สัตว์|ธรรมชาติ|สัตว์ป่า|สิ่งแวดล้อม|สังคม|เมือง|วิถีชีวิต|ที่อยู่|ถิ่นอาศัย|ป่า|พฤติกรรม|วิทยาศาสตร์","2024","THA","5","0","0","sign-language","true","https://assets.vipa.nexbetter.com/files/3/c5/86/c586e418-e1f8-4e32-a36c-b9dced4ba82a","https://assets.vipa.nexbetter.com/files/3/c5/86/c586e418-e1f8-4e32-a36c-b9dced4ba82a","https://assets.vipa.nexbetter.com/files/3/81/3b/813b7e37-22a7-40e6-825d-8a91abb8b99a","no_data","2025-04-08T09:40:35.00Z","2025-08-07T04:40:40.00Z","1","4"
"8878","ไม่ตายหรอกเธอ","https://vipa.me/th/watch/notdead","https://assets.vipa.nexbetter.com/pictures/3/90/65/9065f9a8-ae3a-4c9a-9761-6cb7015b1374","series","ไม่ตายหรอกเธอ","Variety & LifeStyle","Expository|Talk Shows","ไม่ตายหรอกเธอ|อันตราย|อุบัติเหตุ|สถานการณ์|เหตุการณ์","2020","THA","5","5","1","sign-language","true","https://assets.vipa.nexbetter.com/pictures/3/90/65/9065f9a8-ae3a-4c9a-9761-6cb7015b1374","https://assets.vipa.nexbetter.com/pictures/3/90/65/9065f9a8-ae3a-4c9a-9761-6cb7015b1374","https://assets.vipa.nexbetter.com/files/3/e3/2d/e32de7fc-d9ec-40e6-98b5-b3a6c51d6486","no_data","2025-04-08T09:40:46.00Z","2025-06-27T08:10:32.00Z","2","26"
"8907","คิดสิต้องรอด","https://vipa.me/th/watch/thinkandsurvive","https://assets.vipa.nexbetter.com/pictures/3/fb/db/fbdbc650-b440-462d-966f-a76caa247cb0","series","คิดสิต้องรอด","Kids & Family","Adventure","คิดสิต้องรอด|ทดลอง|อุบัติภัย|เด็ก|ครอบครัว|เยาวชน|อุบัติเหตุ|ชีวิต|ชีวิตประจำวัน|คิดสิ|ต้องรอด|ความรู้|การศึกษา","2019","THA","1","5","1","no_data","true","https://assets.vipa.nexbetter.com/pictures/3/fb/db/fbdbc650-b440-462d-966f-a76caa247cb0","https://assets.vipa.nexbetter.com/pictures/3/fb/db/fbdbc650-b440-462d-966f-a76caa247cb0","https://assets.vipa.nexbetter.com/files/3/8d/ee/8dee858b-2aa2-44a9-8051-50dda122fc81","no_data","2025-04-08T09:41:46.00Z","2025-06-23T07:19:08.00Z","1","13"
"8922","เกิด แก่ เจ็บ โต","https://vipa.me/th/watch/thesummerwemet","https://assets.vipa.nexbetter.com/pictures/3/86/fc/86fc6cb9-0951-4507-9f1b-09af9c25015e","series","เกิด แก่ เจ็บ โต","Drama","people|family|Family Drama|Melodrama","เกิด แก่ เจ็บ โต|ละคร|ละครไทยพีบีเอส|ไทยพีบีเอส|thai pbs|พิมมา pixxie|พิมพ์มาดา ใจสักเสริญ|pimma pixxie|ต้น แมคอินทอช|วงศกร รัศมิทัต|แพรซัน|praesun|แพรงาม สุนทระศานติก|นัฏฐา ลอยด์|ใหม่ นัฎฐา|กิ๊ฟท์ ธิติยา|กิ๊ฟท์ t-skirt|ธิติยา ชินอักษร|ธิติยา นพพงษากิจ|ความสัมพันธ์|ผู้สูงวัย|ผู้สูงอายุ|วัยรุ่น|ครอบครัว|ai|เกิด|แก่|เจ็บ|โต|พิมมา","2025","THA","5","4","9","closed-caption|sign-language","true","https://assets.vipa.nexbetter.com/files/3/67/66/6766c1bb-27dd-4f7a-847f-ce1f308e2631","https://assets.vipa.nexbetter.com/pictures/3/86/fc/86fc6cb9-0951-4507-9f1b-09af9c25015e","https://assets.vipa.nexbetter.com/files/3/50/b6/50b6ec13-e096-4321-b76a-abf1dded4e61","Pimmada Chaisaksoen|Wongsakorn Rassamitat|Natha Lloyd|Praengam Suntaranatic|Thitiya Shinarksorn","2025-04-08T09:42:16.00Z","2026-06-18T10:42:11.00Z","1","16"
"8929","อำแดงเหมือนกับนายริด","https://vipa.me/th/watch/umdang","https://assets.vipa.nexbetter.com/files/3/ba/6a/ba6a856a-ec93-4b9d-894a-52dafcba555e","series","อำแดงเหมือนกับนายริด","Drama","Historical Drama","อำแดงเหมือนกับนายริด|อำแดง|อำแดงเหมือน|นายริด|ผู้หญิง|อภิญญา สกุลเจริญสุข|สายป่าน|สายป่าน อภิญญา|อภิญญา รุ่งพิทักษ์มานะ|อาร์ อภิญญา|ปิติศักดิ์ เยาวนานนท์|เต้ ปิติศักดิ์","2017","THA","5","0","0","audio-description","true","https://assets.vipa.nexbetter.com/files/3/ba/6a/ba6a856a-ec93-4b9d-894a-52dafcba555e","https://assets.vipa.nexbetter.com/files/3/ba/6a/ba6a856a-ec93-4b9d-894a-52dafcba555e","https://assets.vipa.nexbetter.com/files/3/0b/aa/0baa1778-16ad-4e15-9f9c-1664ee646e78","Apinya Sakuljaroensuk|อภิญญา รุ่งพิทักษ์มานะ|Pitisak Yaowananon","2025-04-08T09:42:30.00Z","2025-07-24T09:16:54.00Z","2","20"
"8952","เเพะ เดอะซีรีส์","https://vipa.me/th/watch/paetheseries","https://assets.vipa.nexbetter.com/files/3/ec/52/ec527224-5052-4095-8293-bb800b212d24","series","เเพะ เดอะซีรีส์","News & Factural","Docuseries|Reality-based Factual Programs","เเพะ เดอะซีรีส์|แพะ|เดอะซีรีส์|ข่าว|ยุติธรรม|แพะรับบาป|รับโทษ|จำคุก|เรื่องจริง|คดี|สืบสวน|สืบสวนสอบสวน|สอบสวน|กฎหมาย|สังคม|ชีวิต","2017","THA","5","5","1","no_data","true","https://assets.vipa.nexbetter.com/files/3/ec/52/ec527224-5052-4095-8293-bb800b212d24","https://assets.vipa.nexbetter.com/files/3/ec/52/ec527224-5052-4095-8293-bb800b212d24","https://assets.vipa.nexbetter.com/files/3/7e/4b/7e4ba0c9-b112-427b-988e-ee1e2ee16f4b","no_data","2025-04-08T09:43:23.00Z","2025-05-26T05:11:39.00Z","1","23"
"8977","ขบวนการเจ้าตูบสี่ขา","https://vipa.me/th/watch/pawpatrol","https://assets.vipa.nexbetter.com/pictures/3/ec/64/ec646d46-7f2c-438b-ae7b-03d59dfc92da","series","ขบวนการเจ้าตูบสี่ขา","Kids & Family","kids|pets-animals","paw patrol|patro|paw|ขบวนการเจ้าตูบสี่ขา|เจ้าตูบ|สุนัข|หมา|ลูกหมา|ลูกสุนัข|สัตว์สี่ขา|สัตว์|การ์ตูน|อนิเมชั่น|แอนิเมชั่น|อนิเมชัน|แอนิเมชัน|animation|cartoon|เพื่อน|มิตรภาพ|การผจญภัย|ผจญภัย|เด็ก|ครอบครัว|เยาวชน|มะหมา|kids|family|เด็ก และครอบครัว|เด็กเล็ก","no_data","THA","1","4","3","soundtrack","true","https://assets.vipa.nexbetter.com/pictures/3/b9/b8/b9b8c284-797a-40bb-8476-dece1f4413c5","https://assets.vipa.nexbetter.com/pictures/3/ec/64/ec646d46-7f2c-438b-ae7b-03d59dfc92da","https://assets.vipa.nexbetter.com/pictures/3/1f/3d/1f3d32b3-2337-4734-a28d-4ae9bc053c19","no_data","2025-04-08T09:44:16.00Z","2026-08-18T07:55:24.00Z","4","104"
"9057","อารักษ์ Around","https://vipa.me/th/watch/arakaround","https://assets.vipa.nexbetter.com/files/3/39/aa/39aaf061-906d-40a2-94f8-df5ec00aa4a8","series","อารักษ์ Around","Variety & LifeStyle","Hobbies & Crafts|Home & Garden|Celebrity & Entertainment News|Travel Shows","อารักษ์ around|อารักษ์|เป้ อารักษ์|อารักษ์ อมรศุภศิริ|เที่ยว","2020","THA","5","0","0","no_data","true","https://assets.vipa.nexbetter.com/files/3/39/aa/39aaf061-906d-40a2-94f8-df5ec00aa4a8","https://assets.vipa.nexbetter.com/files/3/39/aa/39aaf061-906d-40a2-94f8-df5ec00aa4a8","https://assets.vipa.nexbetter.com/files/3/39/aa/39aaf061-906d-40a2-94f8-df5ec00aa4a8","no_data","2025-04-08T09:47:03.00Z","2025-05-27T07:29:07.00Z","1","30"
"9089","หมอตลอดกาล (Big Sign)","https://vipa.me/th/watch/thedoctor-bigsign","https://assets.vipa.nexbetter.com/files/3/58/a4/58a4455d-0064-4524-aed4-7d5e643cc464","series","หมอตลอดกาล (Big Sign)","Drama","people|drama|Medical Drama","ละคร|หมอ|doctor|หมอตลอดกาล|ตลอดกาล|แพทย์|ศัลยแพทย์|หัวใจ|ทรวงอก|ฆาตกร|ครอบครัว|ความสัมพันธ์|มิตรภาพ|โรงพยาบาล|นิติเวช|โทนี่ รากแก่น|ธีรชัย วิมลชัยฤกษ์|toni rakkaen|นัททิว|ณัฏฐ์ ทิวไผ่งาม|nat thewphaingam|ลัลณ์ลลิน เตจะสา เวศซ์|เฌอเบลล์|เฌอเบลล์ ลัลณ์ลลิน|cheribelle|เมโกะ ชนนิกานต์|ชนนิกานต์ เนตรจุ้ย|อาเล็ก สุรพล|สุรพล พูนพิริยะ|แพรวา สุธรรมพงษ์|มิวสิค แพรวา|miusic|เดชพิสิษฐ์ จารุกรอภิวัฒิ|พัตเตอร์ เดชพิสิษฐ์|วิชาชีพ|จรรยาบรรณ|sign language|ภาษามือ|big sign","2024","THA","5","4","3","sign-language|closed-caption|audio-description","true","https://assets.vipa.nexbetter.com/files/3/58/a4/58a4455d-0064-4524-aed4-7d5e643cc464","https://assets.vipa.nexbetter.com/files/3/58/a4/58a4455d-0064-4524-aed4-7d5e643cc464","https://assets.vipa.nexbetter.com/files/3/05/7d/057d5770-0ef1-4ad3-95a0-c3af49f702c9","Toni Rakkaen|Lanlalin Tejasa Weckx|Nat Thewphaingam|Praewa Suthamphong|Dechphisit Jarukornapiwat","2025-04-08T09:48:13.00Z","2025-08-14T09:24:42.00Z","1","16"
"9107","art จะ work","https://vipa.me/th/watch/artwork","https://assets.vipa.nexbetter.com/pictures/3/5a/47/5a476a04-c2c6-4333-8144-eae6f29daff8","series","art จะ work","Variety & LifeStyle","Documentary|Documentary Series|Hobbies & Crafts|DIY & Tutorials|Home & Garden","art จะ work|art|work|ศิลปิน|ศิลปะ|คนรุ่นใหม่|เยาวชน|ไลฟ์สไตล์|ชีวิต|สังคม","2020","THA","1","5","1","no_data","true","https://assets.vipa.nexbetter.com/pictures/3/5a/47/5a476a04-c2c6-4333-8144-eae6f29daff8","https://assets.vipa.nexbetter.com/pictures/3/5a/47/5a476a04-c2c6-4333-8144-eae6f29daff8","https://assets.vipa.nexbetter.com/files/3/90/aa/90aa0a8b-2918-4ac8-8957-696432c8868a","no_data","2025-04-08T09:48:50.00Z","2025-06-27T08:15:56.00Z","1","13"
"9122","บ้านที่กลับมา","https://vipa.me/th/watch/comehome","https://assets.vipa.nexbetter.com/files/3/bd/72/bd72fe1b-bdc1-4b27-9090-fd6b2c7e5430","series","บ้านที่กลับมา","Variety & LifeStyle","inspiration|people","come home บ้านที่กลับมา|come|home|บ้านที่กลับมา|บ้าน|บ้านเกิด|กลับบ้าน|ชีวิต|รุ่นใหม่|ครอบครัว|พ่อแม่|สังคม|ชุมชน|หมู่บ้าน|ผู้คน","no_data","THA","5","4","1","closed-caption|audio-description","true","https://assets.vipa.nexbetter.com/files/3/bd/72/bd72fe1b-bdc1-4b27-9090-fd6b2c7e5430","https://assets.vipa.nexbetter.com/files/3/bd/72/bd72fe1b-bdc1-4b27-9090-fd6b2c7e5430","https://assets.vipa.nexbetter.com/files/3/1a/98/1a987eb0-ca84-4856-a8c0-4a8c0f99f152","no_data","2025-04-08T09:49:21.00Z","2026-09-07T07:57:18.00Z","2","23"
"9137","อุ่นใจคุณแม่ขนมอบ","https://vipa.me/th/watch/umotherbaker","https://assets.vipa.nexbetter.com/pictures/3/70/7f/707ffe0c-3168-4052-8e15-da903263f96e","series","อุ่นใจคุณแม่ขนมอบ","Drama","culture|people|Family Drama","อุ่นใจคุณแม่ขนมอบ|อุ่นใจ|ขนมอบ|คุณแม่|แม่|u motherbaker|u|motherbaker|mother|bake|baker|อบ|ขนม|ซีรีส์|ไต้หวัน|จีน|ครอบครัว|บ้าน|ขนมเปี๊ยะ|ร้าน|ไถหนาน|เจินเฮ่อไจ|เถ้าแก่|ลูก|ลูกชาย|ลูกสาว|ตลก|ซึ้ง|ต่างประเทศ|ทำอาหาร|taiwan","2020","THA","1","4","7","closed-caption|soundtrack","true","https://assets.vipa.nexbetter.com/pictures/3/e0/fb/e0fb8340-a135-4db5-a973-391626174c3c","https://assets.vipa.nexbetter.com/pictures/3/70/7f/707ffe0c-3168-4052-8e15-da903263f96e","https://assets.vipa.nexbetter.com/pictures/3/9d/75/9d756e3d-ebc9-4ea3-8c33-f8a16eff7fee","no_data","2025-04-08T09:49:52.00Z","2026-08-18T07:54:37.00Z","1","40"
"9179","อ่านป่ากับหมอหม่อง","https://vipa.me/th/watch/mhormhong","https://assets.vipa.nexbetter.com/pictures/3/7e/43/7e439c2b-5e04-402e-91e1-aec961ee9f10","series","อ่านป่ากับหมอหม่อง","Documentary","nature-environment|pets-animals|Nature/Environmental","นักสื่อสาร|โรคหัวใจ|แพทย์|ป่า|ป่าไม้|สายน้ำ|สารคดี|ธรรมชาติ|สัตว์ป่า|นักอนุรักษ์|สัตว์|หมอหม่อง|นักดูนก|หมอ|ระบบนิเวศ|รังสฤษฎ์ กาญจนะวณิชย์|นายแพทย์|อ่านป่ากับหมอหม่อง","2021","THA","1","4","13","sign-language","true","https://assets.vipa.nexbetter.com/pictures/3/7e/43/7e439c2b-5e04-402e-91e1-aec961ee9f10","https://assets.vipa.nexbetter.com/pictures/3/7e/43/7e439c2b-5e04-402e-91e1-aec961ee9f10","https://assets.vipa.nexbetter.com/pictures/3/8b/fa/8bfa5a38-a2e8-4526-a896-569ad0e4c548","Rungsrit Kanjanavanit","2025-04-08T09:51:20.00Z","2026-03-24T08:31:17.00Z","3","39"
"9208","ณ ขณะเหงา The Broken Us","https://vipa.me/th/watch/thebrokenus","https://assets.vipa.nexbetter.com/files/3/e9/f1/e9f1d732-0926-4b89-bdf9-a296538cda08","series","ณ ขณะเหงา The Broken Us","Drama","entertainment|people","ณ ขณะเหงา|the broken us|เจนนิษฐ์ โอ่ประเสริฐ|ภูมิภัทร ถาวรศิริ|ณัฐพัชร์ นิมจิรวัฒน์|รัดเกล้า อามระดิษ|jennis bnk48|jennis oprasert|เอม ภูมิภัทร|แม็ค ณัฐพัชร์|ต๊งเหน่ง รัดเกล้า|ละคร|ละครไทยพีบีเอส|ละครไทย|asperger syndrome|tiny butterfly|ค้นหาตัวเอง|empathy|เห็นอกเห็นใจ|ร้านกาแฟ|ความสัมพันธ์|มิตรภาพ|จบชีวิต|ฆ่าตัวตาย|เดียวดาย|โดดเดี่ยว|เหงา","2022","THA","5","5","3","sign-language|closed-caption|audio-description","true","https://assets.vipa.nexbetter.com/files/3/e9/f1/e9f1d732-0926-4b89-bdf9-a296538cda08","https://assets.vipa.nexbetter.com/files/3/e9/f1/e9f1d732-0926-4b89-bdf9-a296538cda08","https://assets.vipa.nexbetter.com/files/3/6b/54/6b54d27b-e639-43a8-9d8c-f8fbfd57d8f4","Bhumibhat Thavornsiri|Jennis Oprasert|Rudklao Amratisha|Nattapat Nimjirawat","2025-04-08T09:52:19.00Z","2025-07-24T08:38:52.00Z","1","12"
"9222","เรื่องบ้านบ้าน House-Home Story (Big Sign)","https://vipa.me/th/watch/househomestorybigsign","https://assets.vipa.nexbetter.com/pictures/3/29/78/2978fa3f-32a7-441b-88e4-a643df8c1266","series","เรื่องบ้านบ้าน House-Home Story (Big Sign)","Food & Travel","culture|people|Nature/Environmental|Adventure Travel|Travel Documentaries|Cultural Travel","สถาปัตยกรรม|สารคดี|ไหนพาปัง|ทายาท เดชเสถียร|ยอด พิศาล|หนังพาไป|ผจญภัย|เมือง|ต่างประเทศ|พิศาล แสงจันทร์|เดินทาง|บ้าน|เรื่องบ้านบ้าน|สำรวจ|sign language|ภาษามือ|big sign|บอล ทายาท|รายการ","2025","THA","5","0","0","sign-language|closed-caption|audio-description","true","https://assets.vipa.nexbetter.com/pictures/3/29/78/2978fa3f-32a7-441b-88e4-a643df8c1266","https://assets.vipa.nexbetter.com/pictures/3/29/78/2978fa3f-32a7-441b-88e4-a643df8c1266","https://assets.vipa.nexbetter.com/files/3/8d/48/8d48928b-46e9-4da5-ad59-4b31e04c1b75","Taryart Datsathean|Phisan Sangjan","2025-04-08T09:52:47.00Z","2026-05-06T04:25:12.00Z","1","5"
"9229","เทพนิยายชายขอบ","https://vipa.me/th/watch/fullframerimlife","https://assets.vipa.nexbetter.com/pictures/3/cb/28/cb28e9c9-1f35-4d58-b97e-bbf9e97afa0f","series","เทพนิยายชายขอบ","documentary","nature-environment|pets-animals","บันทึก|สิ่งมีชีวิต|สายพันธุ์|การเดินทาง|ตัดต่อ|ป่า|เทพนิยายชายขอบ|ป่าไม้|ฟูลเฟรม|สมิทธิ์ สุติบุตร์|full frame rim life|frame|บรรยากาศ|full|การถ่ายทำ|เทพนิยาย|ธรรมชาติ|อรุณ ร้อยศรี|prodution|สัตว์ป่า|สัตว์|บารมี เต็มบุญเกียรติ|ชายขอบ|เบื้องหลัง|rim|ลิง|ช่างภาพ|คนทำสารคดี|full frame|life|สิ่งแวดล้อม","2022","THA","1","5","1","closed-caption|audio-description","true","https://assets.vipa.nexbetter.com/pictures/3/cb/28/cb28e9c9-1f35-4d58-b97e-bbf9e97afa0f","https://assets.vipa.nexbetter.com/pictures/3/cb/28/cb28e9c9-1f35-4d58-b97e-bbf9e97afa0f","https://assets.vipa.nexbetter.com/files/3/90/e0/90e0b434-3f4e-43c9-84ef-77f4cccf9132","no_data","2025-04-08T09:53:01.00Z","2025-07-24T12:41:09.00Z","2","13"
"9245","ครูมะ ห้อง ป.3 ก.","https://vipa.me/th/watch/kruma","https://assets.vipa.nexbetter.com/files/3/37/47/37474c67-cf34-40d0-86bb-114a6fbe8dbb","series","ครูมะ ห้อง ป.3 ก.","Drama","Teen Drama|Family Drama","ครูมะ ห้อง ป.3 ก.|ครูมะ|คุณครู|โรงเรียน|นักเรียน|อารักษ์ อมรศุภศิริ|ภาลฎา ฐิตะวชิระ|กนกกาญจน์ จุลทอง|การเรียน|การสอน|ห้องเรียน|ครูประจำชั้น|เรียนรู้","2022","THA","1","4","8","sign-language|closed-caption|audio-description","true","https://assets.vipa.nexbetter.com/files/3/37/47/37474c67-cf34-40d0-86bb-114a6fbe8dbb","https://assets.vipa.nexbetter.com/files/3/37/47/37474c67-cf34-40d0-86bb-114a6fbe8dbb","https://assets.vipa.nexbetter.com/files/3/f1/a3/f1a31798-c8f4-43bf-8dda-c721dca6475b","Arak Amornsupasiri|Parada Thitawachira|Kanokkarn Chulthong","2025-04-08T09:53:32.00Z","2026-03-12T08:11:17.00Z","1","12"
"9259","รู้จักพี่ยาใจไหม ? (Big Sign)","https://vipa.me/th/watch/yajai-bigsign","https://assets.vipa.nexbetter.com/files/3/c7/0c/c70c45cc-9828-4786-a640-ab998dcbc212","series","รู้จักพี่ยาใจไหม ? (Big Sign)","Drama","drama|people|Sitcom|Family Drama","รู้จักพี่ยาใจไหม|นิศาชล สิ่วไธสง|เนสท์ นิศาชล|nest nisachol|โอ อนุชิต|อนุชิต สพันธุ์พงษ์|คิมม่อน วโรดม|วโรดม เข็มมณฑา|ขุณขิมมอญ|โมกิของคิมม่อน|โย ทัศน์วรรณ|ทัศน์วรรณ เสนีย์วงศ์ ณ อยุธยา|ทัศน์วรรณ เสนีย์วงศ์|มิ้ม รัตนวดี|รัตนวดี วงค์ทอง|mim rattanawadee|ลิฟท์ สุพจน์|สุพจน์ จันทร์เจริญ|โอนีล ฐิตินันท์|ฐิตินันท์ คลังเพชร|หมอนวด|หมอ|นวด|สุขภาพ|ชีวิต|ตลก|ละคร|ละครไทยพีบีเอส|thaipbs|thai pbs|แฟนตาซี|หัตถ์เทวดา|ยาใจ|ยาใจหัตถ์เทพ|อาชีพ|คอเมดี้|sign language|ภาษามือ|big sign","2024","THA","5","5","1","sign-language|closed-caption","true","https://assets.vipa.nexbetter.com/files/3/c7/0c/c70c45cc-9828-4786-a640-ab998dcbc212","https://assets.vipa.nexbetter.com/files/3/c7/0c/c70c45cc-9828-4786-a640-ab998dcbc212","https://assets.vipa.nexbetter.com/files/3/be/b8/beb8213a-4d6d-4b63-b11b-0598e3afb10e","Nisachol Siwthaisong|Anuchit Sapunpohng|Warodom Khemmonta|Rattanawadee Wongthong|Supoj Janjareon","2025-04-08T09:54:03.00Z","2025-07-24T08:19:46.00Z","1","16"
"9277","พระพุทธเจ้า เดอะ ซีรีส์","https://vipa.me/th/watch/thebuddha","https://assets.vipa.nexbetter.com/files/3/27/29/2729bd46-236b-4d68-bd5f-f37af87ecb34","series","พระพุทธเจ้า เดอะ ซีรีส์","Kids & Family","education|entertainment","การ์ตูน|หุ่น|cartoon|หุ่นเชิด|ละครหุ่น|พระพุทธเจ้า|เดอะ ซีรีส์|ซีรีส์|เดอะ|ไทยพีบีเอส|thai pbs|เด็ก|ครอบครัว|เด็กเล็ก|เยาวชน|kids|kid|พระพุทธ|พุทธศาสนา|ธรรมะ|หลักธรรม|คติธรรม|ธรรม|พระสงฆ์|ศาสนา|คำสอน|ประสูติ|ออกผนวช|พระสัมมาสัมพุทธเจ้า","2024","THA","1","0","0","no_data","true","https://assets.vipa.nexbetter.com/files/3/27/29/2729bd46-236b-4d68-bd5f-f37af87ecb34","https://assets.vipa.nexbetter.com/files/3/27/29/2729bd46-236b-4d68-bd5f-f37af87ecb34","https://assets.vipa.nexbetter.com/files/3/88/05/8805861a-6206-4ac1-8fdc-cbd7fd336d64","no_data","2025-04-08T09:54:41.00Z","2025-05-26T04:40:46.00Z","1","20"
"9310","The Surveyor 2024","https://vipa.me/th/watch/thesurveyor","https://assets.vipa.nexbetter.com/pictures/3/3a/7a/3a7af88b-fee9-49e1-82a1-6b2de8f0eaf4","series","The Surveyor 2024","food-travel","culture|people","surveyor|the surveyor 2024|the surveyor|สารคดี|ท่องเที่ยว|เที่ยว|การท่องเที่ยว|เดินทาง|ภูมิศาสตร์|เทคโนโลยี|อวกาศ|gistda|อาหาร|วัตถุดิบ|ท้องถิ่น|วิถีชีวิต|วัฒนธรรม|ประเพณี|สารคดีไทย|สารคดีไทยพีบีเอส|thai pbs|ชัยยุทธ กิติชัยวัฒน์|โจอี้ ชัยยุทธ|โจอี้","2024","THA","5","0","0","no_data","true","https://assets.vipa.nexbetter.com/pictures/3/3a/7a/3a7af88b-fee9-49e1-82a1-6b2de8f0eaf4","https://assets.vipa.nexbetter.com/pictures/3/3a/7a/3a7af88b-fee9-49e1-82a1-6b2de8f0eaf4","https://assets.vipa.nexbetter.com/files/3/e1/4f/e14fbd10-345e-4857-bd18-dc17bb612b33","no_data","2025-04-08T09:55:48.00Z","2025-07-24T16:29:06.00Z","1","10"
"9322","เกษตร EASY (Big Sign)","https://vipa.me/th/watch/kaseteasy-bigsign","https://assets.vipa.nexbetter.com/files/3/e8/bb/e8bb91ab-ec80-42fc-9f94-040b45971310","series","เกษตร EASY (Big Sign)","Variety & LifeStyle","Home & Garden|Hobbies & Crafts","เกษตร อีซี่|เป้ อารักษ์|เกษตร easy|เกษตร|เกษตรกรรม|big sign|ภาษามือ","2020","THA","5","5","2","sign-language","true","https://assets.vipa.nexbetter.com/files/3/e8/bb/e8bb91ab-ec80-42fc-9f94-040b45971310","https://assets.vipa.nexbetter.com/files/3/e8/bb/e8bb91ab-ec80-42fc-9f94-040b45971310","https://assets.vipa.nexbetter.com/files/3/c5/ee/c5ee461b-1a32-4800-9efa-b1408b91cdea","no_data","2025-04-08T09:56:12.00Z","2025-07-24T08:41:07.00Z","2","33"
"9358","The Survival วัยซนผจญภัย","https://vipa.me/th/watch/kidssurvival","https://assets.vipa.nexbetter.com/files/3/94/f1/94f1d8d7-72eb-4513-89e5-40358be5dc50","series","The Survival วัยซนผจญภัย","Kids & Family","Educational","the survival วัยซนผจญภัย|the survival|วัยซนผจญภัย|เด็ก|ผจญภัย|ภารกิจ|ภาคิณ สุขขี|ป่า","2021","THA","1","5","1","no_data","true","https://assets.vipa.nexbetter.com/files/3/94/f1/94f1d8d7-72eb-4513-89e5-40358be5dc50","https://assets.vipa.nexbetter.com/files/3/94/f1/94f1d8d7-72eb-4513-89e5-40358be5dc50","https://assets.vipa.nexbetter.com/files/3/41/84/4184d470-51d0-4101-9dab-833e30a0f649","Pakin Sukkee","2025-04-08T09:57:29.00Z","2025-09-17T03:43:29.00Z","1","4"
"9367","Mia and Me ผจญภัยสุดขอบฟ้า","https://vipa.me/th/watch/miaandme","https://assets.vipa.nexbetter.com/pictures/3/16/6f/166f800d-f74d-4095-aaae-8620a28401df","series","Mia and Me ผจญภัยสุดขอบฟ้า","Kids & Family","kids|family","mia and me|ผจญภัยสุดขอบฟ้า|ผจญภัย|แฟนตาซี|การ์ตูน|อนิเมชั่น|อนิเมชัน|animation|cartoon|การเดินทาง|เซนโทเปีย|นิทาน|ยูนิคอร์น|นิยาย|เทพนิยาย|เด็ก|ครอบครัว|เยาวชน|kid|kids|family|อาณาจักร|ต่อสู้|เพื่อน|มิตรภาพ|จินตนาการ|เวทมนตร์|ความฝัน|วัยรุ่น|เซ็นโทเปีย","no_data","THA","1","4","12","soundtrack","true","https://assets.vipa.nexbetter.com/pictures/3/9c/e9/9ce90748-659f-4db0-89d1-970076fc13f7","https://assets.vipa.nexbetter.com/pictures/3/16/6f/166f800d-f74d-4095-aaae-8620a28401df","https://assets.vipa.nexbetter.com/files/3/b2/e2/b2e2d2fd-cb31-4b5a-bfcc-54ac32fcce05","no_data","2025-04-08T09:57:46.00Z","2026-04-03T04:59:39.00Z","1","26"
"9395","ภัยพิบัติทางธรรมชาติ","https://vipa.me/th/watch/disaster","https://assets.vipa.nexbetter.com/pictures/3/f8/08/f808331d-cf0d-48d5-880b-3f4d0a7f1bac","series","ภัยพิบัติทางธรรมชาติ","Documentary","kids|Nature/Environmental","ภัยพิบัติทางธรรมชาติ|ภัยพิบัติ|ธรรมชาติ|การ์ตูน|2d|cartoon|animation|อนิเมชั่น|อนิเมชัน|แอนิเมชั่น|แอนิเมชัน|dltv|เพื่อน|เรียนรู้|มิตรภาพ|ความสัมพันธ์|ภัย|พิบัติ","2024","THA","1","4","2","sign-language|closed-caption","true","https://assets.vipa.nexbetter.com/pictures/3/f8/08/f808331d-cf0d-48d5-880b-3f4d0a7f1bac","https://assets.vipa.nexbetter.com/pictures/3/f8/08/f808331d-cf0d-48d5-880b-3f4d0a7f1bac","https://assets.vipa.nexbetter.com/pictures/3/2f/dc/2fdccec0-63ed-4644-91e5-5839bc49837f","no_data","2025-04-08T09:58:44.00Z","2025-06-17T08:28:52.00Z","2","39"
"9437","มอม (Big Sign)","https://vipa.me/th/watch/mhon-bigsign","https://assets.vipa.nexbetter.com/files/3/95/1a/951abe82-6296-489b-98a6-6c83a107c28d","series","มอม (Big Sign)","Drama","people|pets-animals|Family Drama","มอม|คึกฤทธิ์ ปราโมช|ละคร|ละครไทย|ละครไทยพีบีเอส|หมา|สุนัข|สงคราม|สัตว์เลี้ยง|แรงบันดาลใจ|ย้อนยุค|พีเรียด|หม่อมราชวงศ์คึกฤทธิ์ ปราโมช|บทประพันธ์|สงครามโลก|อัลเซเชียน|เทมส์ สรรพกิจ|พิมดาว พานิชสมัย|ธารใส ไตรคุ้มพันธุ์|ทศพล หมายสุข|บัณฑิตา สันตยารมณ์|sign language|ภาษามือ|big sign","2018","THA","5","0","0","sign-language|closed-caption|audio-description","true","https://assets.vipa.nexbetter.com/files/3/95/1a/951abe82-6296-489b-98a6-6c83a107c28d","https://assets.vipa.nexbetter.com/files/3/95/1a/951abe82-6296-489b-98a6-6c83a107c28d","https://assets.vipa.nexbetter.com/files/3/12/f3/12f356ef-2f48-4d5d-82de-7551aa7c2f3c","Thames Sanpakit|Pimdao Panichsamai|Todsapol Maisuk|ธารใส ไตรคุ้มพันธุ์","2025-04-08T10:00:11.00Z","2025-08-07T04:10:41.00Z","1","13"
"9452","บันทึกการแข่งขัน Thai PBS Youth Sepak Takraw Girl Series 2024","https://vipa.me/th/watch/1800921331514938173","https://assets.vipa.nexbetter.com/files/3/01/f8/01f82fc7-6c82-4510-830d-ba93f65a4e7e","series","บันทึกการแข่งขัน Thai PBS Youth Sepak Takraw Girl Series 2024","variety-lifestyle","sports|people","กีฬา|sport|เซปักตะกร้อ|เยาวชน|บันทึกการแข่งขัน|thai pbs|sepak takraw|girls|หญิง|รุ่นอายุไม่เกิน 17 ปี|ตะกร้อ|แข่งขัน|thai pbs youth sepak takraw girl series 2024|2024","2024","THA","5","0","0","no_data","true","https://assets.vipa.nexbetter.com/files/3/01/f8/01f82fc7-6c82-4510-830d-ba93f65a4e7e","https://assets.vipa.nexbetter.com/files/3/01/f8/01f82fc7-6c82-4510-830d-ba93f65a4e7e","https://assets.vipa.nexbetter.com/files/3/01/f8/01f82fc7-6c82-4510-830d-ba93f65a4e7e","no_data","2025-04-08T10:00:41.00Z","2025-05-30T04:31:26.00Z","1","16"
"9470","HUG รักรออยู่","https://vipa.me/th/watch/hug","https://assets.vipa.nexbetter.com/pictures/3/47/33/4733edb1-a92a-4472-8c26-b058220d1a64","series","HUG รักรออยู่","Variety & LifeStyle","Reality Shows","hug รักรออยู่","2020","THA","5","4","1","no_data","true","https://assets.vipa.nexbetter.com/pictures/3/47/33/4733edb1-a92a-4472-8c26-b058220d1a64","https://assets.vipa.nexbetter.com/pictures/3/47/33/4733edb1-a92a-4472-8c26-b058220d1a64","https://assets.vipa.nexbetter.com/files/3/d0/ff/d0fffdf9-6c2f-4a8e-8b63-b7c68d63e816","no_data","2025-04-08T10:01:18.00Z","2025-06-23T07:49:15.00Z","1","13"
"9485","หนังพาไป (Big Sign)","https://vipa.me/th/watch/moviepapai-bigsign","https://assets.vipa.nexbetter.com/files/3/f2/eb/f2ebb9cf-b803-4722-a50f-2a008517d458","series","หนังพาไป (Big Sign)","Variety & LifeStyle","travel|Travel Shows","หนังพาไป|หนังพาไป (big sign)|หนังพาไป big sign|ภาษามือ|ท่องเที่ยว|บอลยอด|big sign|signed language|เดินทาง|ผจญภัย|บอล ทายาท|ยอด พิศาล","no_data","THA","5","5","1","sign-language","true","https://assets.vipa.nexbetter.com/files/3/f2/eb/f2ebb9cf-b803-4722-a50f-2a008517d458","https://assets.vipa.nexbetter.com/files/3/f2/eb/f2ebb9cf-b803-4722-a50f-2a008517d458","https://assets.vipa.nexbetter.com/files/3/8d/b7/8db7e95b-8642-44f9-bea4-6d63e3967f34","Taryart Datsathean|Phisan Sangjan","2025-04-08T10:01:48.00Z","2025-07-24T08:40:33.00Z","2","52"
"9540","14 วัน ฉัน(ไม่)เปลี่ยน My Quarantine Days (Big Sign)","https://vipa.me/th/watch/myquarantinedays-bigsign","https://assets.vipa.nexbetter.com/files/3/a2/50/a2509f2d-be6c-4c02-afc8-7ce91798ffcb","series","14 วัน ฉัน(ไม่)เปลี่ยน My Quarantine Days (Big Sign)","Drama","people|health|Social Drama","sign language|ภาษามือ|big sign|14 วัน ฉันไม่เปลี่ยน|covid 19|โควิด|โควิด 19|กักตัว|ไวรัส|14 วัน|ฉันไม่เปลี่ยน|ภีมพล พาณิชย์ธำรง|พีค ภีมพล|นัฐรุจี วิศวนารถ|ตังตัง นัฐรุจี|คานธี วสุวิชย์กิต|สุนนท์ วชิรวราการ|เยาวลักษณ์ เมฆกุลวิโรจน์|ประดิษฐ ประสาททอง|ศุภลัษกณ์ อุตตมะเวทิน|วิกฤต|quarantine|my quarantine days","2020","THA","5","0","0","sign-language","true","https://assets.vipa.nexbetter.com/files/3/a2/50/a2509f2d-be6c-4c02-afc8-7ce91798ffcb","https://assets.vipa.nexbetter.com/files/3/a2/50/a2509f2d-be6c-4c02-afc8-7ce91798ffcb","https://assets.vipa.nexbetter.com/files/3/09/ca/09ca7e87-fa5a-44de-973f-dd4047d06403","Peemapol Panichtamrong|Nutrugee Wisawanart","2025-04-08T10:03:49.00Z","2025-07-24T08:33:17.00Z","1","14"
"9556","ทำอะไรก็ธรรม","https://vipa.me/th/watch/dhamadoing","https://assets.vipa.nexbetter.com/pictures/3/2e/9b/2e9bb979-1636-4d0a-b57c-d1bf04beecf6","series","ทำอะไรก็ธรรม","Variety & LifeStyle","people|inspiration|Hobbies & Crafts","ทำอะไรก็ธรรม|สารคดี|ธรรมะ|ศาสนา|ศาสนาพุทธ|พุทธ|พุทธศาสนา|จิตใจ|กิจวัตรประจำวัน|กัลยาณมิตร|พระพุทธเจ้า|พุทธทาส|ชีวิต|ชีวิตประจำวัน|หลักธรรม|คำสอน|ความเชื่อ|ศรัทธา","2023","THA","5","4","6","no_data","true","https://assets.vipa.nexbetter.com/pictures/3/2e/9b/2e9bb979-1636-4d0a-b57c-d1bf04beecf6","https://assets.vipa.nexbetter.com/pictures/3/2e/9b/2e9bb979-1636-4d0a-b57c-d1bf04beecf6","https://assets.vipa.nexbetter.com/files/3/5d/46/5d46cdc9-a0a1-40e0-9602-68db4fdd8e48","no_data","2025-04-08T10:04:22.00Z","2026-03-16T07:28:06.00Z","3","25"
"9568","VIPA VLOG","https://vipa.me/th/watch/vipavlog","https://assets.vipa.nexbetter.com/pictures/3/e6/cd/e6cd7d94-8da4-425a-a579-b872e4147e0d","series","VIPA VLOG","Variety & LifeStyle","Talk Shows","vipa vlog","2020","THA","5","5","1","no_data","true","https://assets.vipa.nexbetter.com/pictures/3/e6/cd/e6cd7d94-8da4-425a-a579-b872e4147e0d","https://assets.vipa.nexbetter.com/pictures/3/e6/cd/e6cd7d94-8da4-425a-a579-b872e4147e0d","https://assets.vipa.nexbetter.com/files/3/40/35/4035a60b-fe3d-44ae-b3ea-8e9f3905d8dc","no_data","2025-04-08T10:04:48.00Z","2025-06-23T07:43:10.00Z","1","13"
"9583","ลิเก ๑๐๐ ล้าน (วิว)","https://vipa.me/th/watch/likayhundredmillionviews","https://assets.vipa.nexbetter.com/files/3/4c/b9/4cb98daa-8df7-4162-b075-ca8d2e77b44f","series","ลิเก ๑๐๐ ล้าน (วิว)","Drama","Romantic Drama","ลิเก ๑๐๐ ล้าน(วิว)|ลิเก|คณะลิเก|drama for all|ภาคภูมิ จงมั่นวัฒนา|ศรันฉัตร์ สมบูรณ์|นีโน่ สุดที่รัก|อุล ภาคภูมิ|แป้ง มิตรชัย|ลิเกร้อยล้านวิว|เสนาลิง","2021","THA","5","4","2","sign-language|closed-caption|audio-description","true","https://assets.vipa.nexbetter.com/files/3/4c/b9/4cb98daa-8df7-4162-b075-ca8d2e77b44f","https://assets.vipa.nexbetter.com/files/3/4c/b9/4cb98daa-8df7-4162-b075-ca8d2e77b44f","https://assets.vipa.nexbetter.com/files/3/4c/b9/4cb98daa-8df7-4162-b075-ca8d2e77b44f","Prakpoom Jongmunwattana|ศรันฉัตร์ สมบูรณ์|กฤษฎิ์สพล สุทธิหิรัญดำรงค์","2025-04-08T10:05:20.00Z","2025-07-24T09:19:44.00Z","1","2"
"9587","หนึ่งคนว่าย หลายคนช่วย","https://vipa.me/th/watch/onemanandthesea","https://assets.vipa.nexbetter.com/files/3/01/96/01961252-1e03-4080-b17f-bee631ca9aeb","series","หนึ่งคนว่าย หลายคนช่วย","Documentary","Social/Political|Cultural","หนึ่งคนว่าย หลายคนช่วย|โตโน่|one man and the sea|โตโน่ ภาคิน|หนึ่งคนว่าย|หลายคนช่วย|ภาคิน คำวิลัยศักดิ์|ธรรมชาติ|สิ่งแวดล้อม|ทะเล|ว่ายน้ำ|เกาะสมุย|สุราษฎร์ธานี|ขยะ|พลาสติก|อุปกรณ์ทางการแพทย์|ศูนย์รักษาพันธุ์สัตว์ทะเล","2020","THA","5","5","2","no_data","true","https://assets.vipa.nexbetter.com/files/3/30/b7/30b7e39f-dce2-43a7-89c8-14c48908694f","https://assets.vipa.nexbetter.com/files/3/01/96/01961252-1e03-4080-b17f-bee631ca9aeb","https://assets.vipa.nexbetter.com/files/3/70/d4/70d4ef23-6311-4ea4-b013-dc75ebd5706a","no_data","2025-04-08T10:05:27.00Z","2025-07-25T02:48:43.00Z","2","19"
"9609","แก๊งเก๋าเขย่าครัว","https://vipa.me/th/watch/gangkao","https://assets.vipa.nexbetter.com/files/3/4f/25/4f255e7c-4509-4672-b1a3-26a2d1433b51","series","แก๊งเก๋าเขย่าครัว","Drama","Sitcom","ครอบครัว|แก๊งเก๋าเขย้าครัว big sign|ปอ อรรณพ|ละครแก๊งเก๋าเขย้าครัว|แก๊งเก๋าเขย้าครัว|แก๊งเก๋าเขย่าครัว|ทำอาหาร|ภาษามือ|big sign","2018","THA","1","5","1","sign-language","true","https://assets.vipa.nexbetter.com/files/3/4f/25/4f255e7c-4509-4672-b1a3-26a2d1433b51","https://assets.vipa.nexbetter.com/files/3/4f/25/4f255e7c-4509-4672-b1a3-26a2d1433b51","https://assets.vipa.nexbetter.com/files/3/e0/3b/e03bbcb3-403b-4a0b-a647-97d8a86fa6d8","no_data","2025-04-08T10:06:12.00Z","2025-07-24T09:16:01.00Z","1","13"
"9624","อนาคตวิทยา","https://vipa.me/th/watch/futurestudy","https://assets.vipa.nexbetter.com/pictures/3/8a/f3/8af3d5cf-7c26-425a-bd01-936371c096f4","series","อนาคตวิทยา","Variety & LifeStyle","Game Shows","อนาคตวิทยา|ภาณุพรรณ จันทนะวงษ์|เจแปน ภาณุพรรณ|มหาวิทยาลัย|การเรียน|การศึกษา|คณะ|นักเรียน|นักศึกษา|อนาคต|เยาวชน","2020","THA","1","0","0","no_data","true","https://assets.vipa.nexbetter.com/pictures/3/8a/f3/8af3d5cf-7c26-425a-bd01-936371c096f4","https://assets.vipa.nexbetter.com/pictures/3/8a/f3/8af3d5cf-7c26-425a-bd01-936371c096f4","https://assets.vipa.nexbetter.com/files/3/48/a3/48a395e9-3181-4a8d-bb80-c7673af7afb3","no_data","2025-04-08T10:06:48.00Z","2025-06-23T08:18:14.00Z","1","10"
"9636","สังข์ทอง ไม้พลอง ทองใบ กับการตายของคุณพระ","https://vipa.me/th/watch/thedeathofkhunphra","https://assets.vipa.nexbetter.com/pictures/3/9b/f0/9bf0f2e4-8b60-42ba-beb8-e059a0bfa1cc","series","สังข์ทอง ไม้พลอง ทองใบ กับการตายของคุณพระ","Drama","culture|people|Sitcom|Historical Drama","สังข์ทอง|ไม้พลอง|ทองใบ|กับการตายของคุณพระ|สังข์ทอง ไม้พลอง ทองใบ กับการตายของคุณพระ|คุณพระ|สังข์ทอง ไม้พลอง ทองใบ|ปอนด์ พลวิชญ์|พลวิชญ์ เกตุประภากร|เฟียต ภัชทา|ภัชทา จันทร์เงิน|เจฟ ญาณกวี|ญาณกวี บุษราคัมวดี|เป้ ทวีฤทธิ์|ทวีฤทธิ์ จุลละทรัพย์|ต๊อป ณพล|ณพล พรมสุวรรณ|ปุยเมฆ นภสร|นภสร วีระยุทธวิไล|กุ๊กไก่ ภาวดี|ภาวดี คุ้มโชคไพศาล|ส้วม สุขพัฒน์|สุขพัฒน์ โล่ห์วัชรินทร์|บอส ธวัชนินทร์|ธวัชนินทร์ ดารายน|แอนตี้ อลิตา|อลิตา แบล็ทเลอร์|แป้งซ่า กมลนภัช|กมลนภัช ถานวงค์|นวพร บุญมี|จิณณ์ชญา เรืองเลิศสถิตกุล|สืบสวน|สอบสวน|ฆาตกรรม|ฆาตกร|ทาส|ไพร่|ความเหลื่อมล้ำ|ชนชั้น|ฐานะ|สังคม|วิถีชีวิต|ชีวิต","2025","THA","5","4","15","closed-caption|sign-language","true","https://assets.vipa.nexbetter.com/pictures/3/9b/f0/9bf0f2e4-8b60-42ba-beb8-e059a0bfa1cc","https://assets.vipa.nexbetter.com/pictures/3/9b/f0/9bf0f2e4-8b60-42ba-beb8-e059a0bfa1cc","https://assets.vipa.nexbetter.com/pictures/3/25/7a/257a33b7-772b-498d-a469-bbf758036bf3","Ponlawit Ketprapakorn|Yannakawi Boosarakumwadi|Patchata Janngeon|Daweerit Chullasapya|Thawatchanin Darayon","2025-04-08T10:07:13.00Z","2025-08-08T07:00:44.00Z","1","12"
"9650","นักสืบมิวเซียม","https://vipa.me/th/watch/museumdetective","https://assets.vipa.nexbetter.com/pictures/3/24/88/24888d84-73f9-4df4-acb2-582d1cfce039","series","นักสืบมิวเซียม","Documentary","culture|history|Historical|Social/Political","สิ่งมีชีวิต|นักโบราณคดี|ชุมชน|หนุ่ม สุวินิต|นักสืบ|สารคดีไทย|สารคดีไทยพีบีเอส|อนุรักษ์|สุวินิต ปัญจมะวัต|สารคดี|โบราณ|อารยธรรม|ศิลปะ|มรดก|ประวัติศาสตร์|ธรรมชาติ|พิพิธภัณฑ์|museum|สัตว์|มิวเซียม|นักสืบมิวเซียม|โบราณคดี|วัฒนธรรม|thai pbs","2024","THA","1","5","2","no_data","true","https://assets.vipa.nexbetter.com/pictures/3/24/88/24888d84-73f9-4df4-acb2-582d1cfce039","https://assets.vipa.nexbetter.com/pictures/3/24/88/24888d84-73f9-4df4-acb2-582d1cfce039","https://assets.vipa.nexbetter.com/files/3/5f/d7/5fd75d33-f556-40a1-bbae-09a0dfb20ecf","no_data","2025-04-08T10:07:41.00Z","2025-07-24T16:28:04.00Z","2","26"
"9679","ละครชุด คนบันดาลใจ เรื่อง แสงปลายฟ้า","https://vipa.me/th/watch/saengplaifah","https://assets.vipa.nexbetter.com/files/3/48/32/48327705-8ebe-4de5-9507-91909ae38d25","series","ละครชุด คนบันดาลใจ เรื่อง แสงปลายฟ้า","Drama","Medical Drama","อริศรา วงษ์ชาลี|เภสัชกร|ดร. กฤษณา ไกรสินธุ์|พัชรี ทับทอง|สุรศักดิ์ ชัยอรรถ|แสงปลายฟ้า|ยาต้านโรคเอดส์|จิราวัฒน์ วชิรศรัณย์ภัทร|ยาต้านเอดส์ สูตรค็อกเทล|ละครชุด|คนบันดาลใจ","2015","THA","5","4","2","no_data","true","https://assets.vipa.nexbetter.com/files/3/48/32/48327705-8ebe-4de5-9507-91909ae38d25","https://assets.vipa.nexbetter.com/files/3/48/32/48327705-8ebe-4de5-9507-91909ae38d25","https://assets.vipa.nexbetter.com/files/3/6e/59/6e596ed3-0a64-419d-8f6f-135c3da3fdf3","Arisara Wongchalee|Jirawat Vachirasarunpatra|Surasak Chaiat|Patcharee Tubthong","2025-04-08T10:08:40.00Z","2025-07-24T09:18:12.00Z","1","2"
"9683","หมอหงวน แสงดาวแห่งศรัทธา","https://vipa.me/th/watch/mhonguan","https://assets.vipa.nexbetter.com/files/3/68/f8/68f8900c-66bb-4162-9a0c-9b86a24b9fdd","series","หมอหงวน แสงดาวแห่งศรัทธา","Drama","Medical Drama|Historical Drama","หมอหงวน แสงดาวแห่งศรัทธา|หมอหงวน|หมอ|แพทย์|แสงดาวแห่งศรัทธา|ละคร|ละครไทย|ละครไทยพีบีเอส|thai pbs|ไทยพีบีเอส|สงวน นิตยารัมภ์พงศ์|ชนบท|ชาวบ้าน|ชุมชน|ชีวิต|สังคม|สุขภาพ|ประกัน|30 บาท|รักษาทุกโรค|สาธารณสุข","2010","THA","5","5","2","no_data","true","https://assets.vipa.nexbetter.com/files/3/68/f8/68f8900c-66bb-4162-9a0c-9b86a24b9fdd","https://assets.vipa.nexbetter.com/files/3/68/f8/68f8900c-66bb-4162-9a0c-9b86a24b9fdd","https://assets.vipa.nexbetter.com/files/3/8b/c6/8bc6a909-1493-4603-94bd-d975390ffa3c","no_data","2025-04-08T10:08:48.00Z","2025-07-26T12:06:31.00Z","1","9"
"9694","บุษบาแปลงกาย","https://vipa.me/th/watch/budsabapersonate","https://assets.vipa.nexbetter.com/files/3/28/7a/287a0ece-a342-440e-a141-f1ae60a4c043","series","บุษบาแปลงกาย","Drama","arts|people|Historical Drama","บุษบาแปลงกาย|บุษบา|แปลงกาย|ศิลปะ|วัฒนธรรม|บุษบาลุยไฟ|ประวัติศาสตร์|รัชกาลที่ 3|ศิลปิน|คนรุ่นใหม่|เยาวชน|แรงบันดาลใจ|ร.3","2023","THA","5","0","0","no_data","true","https://assets.vipa.nexbetter.com/files/3/28/7a/287a0ece-a342-440e-a141-f1ae60a4c043","https://assets.vipa.nexbetter.com/files/3/28/7a/287a0ece-a342-440e-a141-f1ae60a4c043","https://assets.vipa.nexbetter.com/files/3/f4/c1/f4c16766-50e6-4006-aa10-ab20a396fae2","no_data","2025-04-08T10:09:12.00Z","2025-07-24T08:30:53.00Z","1","3"
"9699","อีแมคัวะ เส้นทางเติมฝัน ฉัน พี่ชาย","https://vipa.me/th/watch/youngdream","https://assets.vipa.nexbetter.com/pictures/3/27/84/2784057d-177e-42d9-8b7e-4d6b75f77630","series","อีแมคัวะ เส้นทางเติมฝัน ฉัน พี่ชาย","Documentary","people|documentary|family","ผู้ประกอบการ|การเดินทาง|อีแมคัวะ เส้นทางเติมฝัน ฉัน พี่ชาย|อีแม|ธุรกิจส่วนตัว|สารคดี|ธุรกิจท้องถิ่น|ธุรกิจ|ความฝัน|ผู้ประกอบการรุ่นใหม่|ดอยเลาวู|อีแมคัวะ|เชียงใหม่","2022","THA","5","5","1","no_data","true","https://assets.vipa.nexbetter.com/pictures/3/27/84/2784057d-177e-42d9-8b7e-4d6b75f77630","https://assets.vipa.nexbetter.com/pictures/3/27/84/2784057d-177e-42d9-8b7e-4d6b75f77630","https://assets.vipa.nexbetter.com/files/3/f0/a9/f0a9328a-d337-45bf-bac2-bacfdcd09880","no_data","2025-04-08T10:09:21.00Z","2025-07-25T02:38:28.00Z","2","6"
"9708","หนังพาไป ซีซัน 1","https://vipa.me/th/watch/moviepapai1","https://assets.vipa.nexbetter.com/pictures/3/5b/3a/5b3ae6c9-1bac-417f-b71c-3c808210b6a4","series","หนังพาไป ซีซัน 1","Food & Travel","travel|inspiration|Travel Documentaries|Adventure Travel|Travel Guides","หนังพาไป|หนังพาไป ซีซั่น 1|พิศาล แสงจันทร์|ยอด พิศาล|ทายาท เดชเสถียร|บอล ทายาท|เดินทาง|ท่องเที่ยว|ผจญภัย|การเดินทาง|เที่ยว|ต่างประเทศ|บอลยอด|ภาษา|วัฒนธรรม","2012","THA","5","4","3","no_data","true","https://assets.vipa.nexbetter.com/pictures/3/5b/3a/5b3ae6c9-1bac-417f-b71c-3c808210b6a4","https://assets.vipa.nexbetter.com/pictures/3/5b/3a/5b3ae6c9-1bac-417f-b71c-3c808210b6a4","https://assets.vipa.nexbetter.com/files/3/a7/d4/a7d42b8f-20fa-4749-9d75-7dc1a488b2e4","Taryart Datsathean|Phisan Sangjan","2025-04-08T10:09:38.00Z","2026-05-18T08:57:18.00Z","1","35"
"9745","Flashpoint จุดร้อนโลก","https://vipa.me/th/watch/flashpoint","https://assets.vipa.nexbetter.com/files/3/c6/18/c6186898-b625-413b-b260-08c2765b34e4","series","Flashpoint จุดร้อนโลก","News & Factural","news|people|Social/Political|Documentary|Historical Documentary|Reality-based Factual Programs|True Crime|Public Affairs Programs - politics, social issues, and policy debates","flashpoint|จุดร้อนโลก|สารคดี|สารคดีไทย|สารคดีไทยพีบีเอส|thai pbs|ไทยพีบีเอส|รัฐศาสตร์|ภูมิศาสตร์|การเมือง|กรุณา|บัวคำศรี|กรุณา บัวคำศรี|ภูมิรัฐศาสตร์|เศรษฐกิจ|สังคม|ข่าว|โลก|สังคมโลก|ต่างประเทศ|news|flash","2024","THA","5","4","8","sign-language|closed-caption","true","https://assets.vipa.nexbetter.com/files/3/b9/89/b989221d-b67b-4c04-b09a-1d34e2fbede7","https://assets.vipa.nexbetter.com/files/3/c6/18/c6186898-b625-413b-b260-08c2765b34e4","https://assets.vipa.nexbetter.com/files/3/6d/74/6d74688f-9e2e-49d8-bece-f0bb6f84cc6f","Karuna Buakamsri","2025-04-08T10:11:01.00Z","2026-07-07T07:40:51.00Z","6","84"
"9760","สติมา เณรน้อยอัจฉริยะ","https://vipa.me/th/watch/satima","https://assets.vipa.nexbetter.com/pictures/3/1f/6b/1f6b3bef-5c4d-40e5-b052-e8850ba39469","series","สติมา เณรน้อยอัจฉริยะ","Kids & Family","culture|people","สติมา เณรน้อยอัจฉริยะ|สติมา|เณรน้อยอัจฉริยะ|เณร|พระ|พระสงฆ์|พระพุทธ|พุทธศาสนา|ศาสนา|การ์ตูน|อนิเมชั่น|อนิเมชัน|animation|cartoon|เณรน้อย|ธรรม|ธรรมะ|พระธรรม|จิตใจ|สติ|เจริญสติ|วันพระ|แอนิเมชัน|ว.วชิรเมธี|พระเมธีวชิโรดม|เรียนรู้|การเรียน|ศึกษา|ใฝ่รู้|ความดี|ความเชื่อ|ศรัทธา","2024","THA","1","4","5","closed-caption","true","https://assets.vipa.nexbetter.com/pictures/3/da/ee/daee54ff-2a54-48de-bb64-31bb43ba9c7c","https://assets.vipa.nexbetter.com/pictures/3/1f/6b/1f6b3bef-5c4d-40e5-b052-e8850ba39469","https://assets.vipa.nexbetter.com/files/3/0a/e9/0ae9428a-47d8-4a37-a658-08c6e25b0b86","no_data","2025-04-08T10:11:32.00Z","2026-09-14T08:31:43.00Z","1","13"
"9775","ความทรงจำใหม่หัวใจเดิม (Big Sign)","https://vipa.me/th/watch/journeyofmemories-bigsign","https://assets.vipa.nexbetter.com/files/3/f1/c3/f1c32a72-78b1-417b-a0ea-7f0a347d7aae","series","ความทรงจำใหม่หัวใจเดิม (Big Sign)","Drama","Social Drama","ความทรงจำใหม่หัวใจเดิม|คนพิการ|journey of memories|คนพิการทางการมองเห็น|นฤภรกมล ฉายแสง|คนตาบอด|ผู้พิการ|drama for all|คนพิการทางสายตา|ภาษามือ|big sign|ณัฏฐ์ กิจจริต","2021","THA","5","0","0","sign-language|closed-caption","true","https://assets.vipa.nexbetter.com/files/3/f1/c3/f1c32a72-78b1-417b-a0ea-7f0a347d7aae","https://assets.vipa.nexbetter.com/files/3/f1/c3/f1c32a72-78b1-417b-a0ea-7f0a347d7aae","https://assets.vipa.nexbetter.com/files/3/4f/fc/4ffc6ff5-db47-4c55-ae41-f679ad7da730","Nat Kitcharit|Narupornkamo Chaisang","2025-04-08T10:12:02.00Z","2025-07-24T08:24:58.00Z","1","2"
"9779","เดอะไดอารี่ บันทึกประวัติศาสตร์ชาติไทยกับสถาบันพระมหากษัตริย์ (Big Sign)","https://vipa.me/th/watch/thediary-bigsign","https://assets.vipa.nexbetter.com/files/3/77/d0/77d06499-99dd-4bc3-a9f5-3e7e2c88128f","series","เดอะไดอารี่ บันทึกประวัติศาสตร์ชาติไทยกับสถาบันพระมหากษัตริย์ (Big Sign)","Kids & Family","Edutainment|Educational","big sign|ภาษามือ|เดอะไดอารี่|the diary|สถาบันพระมหากษัตริย์|ประวัติศาสตร์|ไทย|ชาติไทย|ย้อนยุค|สมัยสุโขทัย|ราชวงศ์จักรี|อยุธยา|การ์ตูน|animation|แอนิเมชั่น|อนิเมชั่น|sign language","2021","THA","5","4","2","sign-language|closed-caption","true","https://assets.vipa.nexbetter.com/files/3/77/d0/77d06499-99dd-4bc3-a9f5-3e7e2c88128f","https://assets.vipa.nexbetter.com/files/3/77/d0/77d06499-99dd-4bc3-a9f5-3e7e2c88128f","https://assets.vipa.nexbetter.com/files/3/c7/9a/c79ab93b-a5b9-4b5f-9412-f7a77567cb5e","no_data","2025-04-08T10:12:10.00Z","2025-07-24T08:42:24.00Z","1","68"
"9849","บทเพลงเทิดพระเกียรติ “คีตามาลัย เทิดไท้พระพันปี”","https://vipa.me/th/watch/keetamalai","https://assets.vipa.nexbetter.com/pictures/3/22/69/22696c1d-e53b-4341-aec6-8f89be9fb133","series","บทเพลงเทิดพระเกียรติ “คีตามาลัย เทิดไท้พระพันปี”","Variety & LifeStyle","entertainment|arts|Celebrity & Entertainment News","บทเพลง|เพลง|ดนตรี|สารคดี|เทิดพระเกียรติ|คีตามาลัย|เทิดไท้พระพันปี|ศิลปิน|นักดนตรี|นักร้อง|นักแต่งเพลง","2023","THA","1","5","3","no_data","true","https://assets.vipa.nexbetter.com/pictures/3/22/69/22696c1d-e53b-4341-aec6-8f89be9fb133","https://assets.vipa.nexbetter.com/pictures/3/22/69/22696c1d-e53b-4341-aec6-8f89be9fb133","https://assets.vipa.nexbetter.com/files/3/6c/3f/6c3f3c15-4335-461a-864d-facb059e5225","no_data","2025-04-08T10:14:38.00Z","2025-08-28T04:51:43.00Z","2","10"
"9862","เพิ้ง","https://vipa.me/th/watch/pueng","https://assets.vipa.nexbetter.com/pictures/3/0b/e1/0be11b40-ae84-4f4e-99ad-ae4ff69a4d9d","series","เพิ้ง","Drama","Family Drama|Sitcom","เพิ้ง|ละคร|ซิทคอม|ซิตคอม|ทำงาน|วัยรุ่น|วัยทำงาน|ชีวิต|สังคม|ชีวิตคู่|ความสัมพันธ์","2018","THA","5","5","1","no_data","true","https://assets.vipa.nexbetter.com/pictures/3/0b/e1/0be11b40-ae84-4f4e-99ad-ae4ff69a4d9d","https://assets.vipa.nexbetter.com/pictures/3/0b/e1/0be11b40-ae84-4f4e-99ad-ae4ff69a4d9d","https://assets.vipa.nexbetter.com/files/3/d9/0f/d90fecfd-e9ea-4934-9d39-62a90397fb3e","no_data","2025-04-08T10:15:02.00Z","2025-05-26T05:14:44.00Z","1","13"
"9877","Homeland อัศจรรย์สตูล (Big Sign)","https://vipa.me/th/watch/homeland-bigsign","https://assets.vipa.nexbetter.com/files/3/5f/e9/5fe9b89c-9297-4ca5-bc00-466be9d1277c","series","Homeland อัศจรรย์สตูล (Big Sign)","Documentary","culture|people|Nature/Environmental","homeland|อัศจรรย์สตูล|สตูล|ภาคใต้|home land|กฤตานนท์ ทศกูล|กั้ม|กั้ม กฤตานนท์|ปู|บ้านเกิด|ทรัพยากรธรรมชาติ|มันนิ|นักล่า|โฮมแลนด์|คน|ถ้ำ|ทะเล|sign language|ภาษามือ|big sign","2023","THA","5","0","0","sign-language","true","https://assets.vipa.nexbetter.com/files/3/5f/e9/5fe9b89c-9297-4ca5-bc00-466be9d1277c","https://assets.vipa.nexbetter.com/files/3/5f/e9/5fe9b89c-9297-4ca5-bc00-466be9d1277c","https://assets.vipa.nexbetter.com/files/3/a1/37/a1376fed-2fa7-4a2f-a3ca-42a4fc3efee8","Krittanon Thotsagool","2025-04-08T10:15:36.00Z","2025-12-23T09:00:25.00Z","1","3"
"9882","ถ้ำหลวง (Big Sign)","https://vipa.me/th/watch/thaicaverescue-bigsign","https://assets.vipa.nexbetter.com/files/3/31/08/31085c18-28a9-485e-9689-f6cd0cb16f87","series","ถ้ำหลวง (Big Sign)","Documentary","people|news|Social/Political","สารคดี ถ้ำหลวง|ถ้ำหลวง|สารคดี|สารคดีไทย|สารคดีไทยพีบีเอส|ภารกิจ|ค้นหา|13 หมูป่า|big sign|ภาษามือ|sign language","no_data","THA","5","0","0","sign-language","true","https://assets.vipa.nexbetter.com/files/3/31/08/31085c18-28a9-485e-9689-f6cd0cb16f87","https://assets.vipa.nexbetter.com/files/3/31/08/31085c18-28a9-485e-9689-f6cd0cb16f87","https://assets.vipa.nexbetter.com/files/3/b2/a8/b2a815a1-b422-4a52-9e4a-a70675f00640","no_data","2025-04-08T10:15:45.00Z","2025-07-24T08:39:26.00Z","1","5"
"9889","A Day in the WILD","https://vipa.me/th/watch/adayinthewild","https://assets.vipa.nexbetter.com/pictures/3/a7/11/a7117eb0-e023-4529-8d35-0ad8b7081dbc","series","A Day in the WILD","Documentary","nature-environment|pets-animals","a day in the wild|สารคดี|ธรรมชาติ|สัตว์|ป่าไม้|สัตว์ป่า|ต้นไม้|นก|ฝน|ป่า|นา|ระบบนิเวศ|สิ่งมีชีวิต|ฤดูกาล","2023","THA","5","5","2","sign-language|closed-caption|audio-description","true","https://assets.vipa.nexbetter.com/pictures/3/a7/11/a7117eb0-e023-4529-8d35-0ad8b7081dbc","https://assets.vipa.nexbetter.com/pictures/3/a7/11/a7117eb0-e023-4529-8d35-0ad8b7081dbc","https://assets.vipa.nexbetter.com/pictures/3/7a/22/7a22f637-ab14-4081-89f5-43ce7135dfed","no_data","2025-04-08T10:15:59.00Z","2026-05-19T09:29:20.00Z","4","18"
"9908","ดนตรีกล่อมโลก","https://vipa.me/th/watch/musicinstrumental","https://assets.vipa.nexbetter.com/pictures/3/78/e4/78e4d22c-d1c4-4995-a76a-729ead56672e","series","ดนตรีกล่อมโลก","Variety & LifeStyle","Celebrity & Entertainment News|Hobbies & Crafts","ดนตรีกล่อมโลก|ดนตรี|เพลง|บทเพลง|เครื่องดนตรี|วัฒนธรรม|music","2020","THA","1","0","0","closed-caption","true","https://assets.vipa.nexbetter.com/pictures/3/78/e4/78e4d22c-d1c4-4995-a76a-729ead56672e","https://assets.vipa.nexbetter.com/pictures/3/78/e4/78e4d22c-d1c4-4995-a76a-729ead56672e","https://assets.vipa.nexbetter.com/files/3/47/6d/476d738f-b876-491b-bc7d-c092f26d7168","no_data","2025-04-08T10:16:35.00Z","2025-06-27T08:11:31.00Z","1","12"
"9922","Full Frame Photo Mission","https://vipa.me/th/watch/fullframephotomission","https://assets.vipa.nexbetter.com/pictures/3/45/9b/459babdc-0e24-4552-9bf1-feb38d778eae","series","Full Frame Photo Mission","Documentary","Nature/Environmental|Observational","full frame photo mission|ถ่ายภาพ|สารคดี","2020","THA","5","5","1","no_data","true","https://assets.vipa.nexbetter.com/pictures/3/45/9b/459babdc-0e24-4552-9bf1-feb38d778eae","https://assets.vipa.nexbetter.com/pictures/3/45/9b/459babdc-0e24-4552-9bf1-feb38d778eae","https://assets.vipa.nexbetter.com/files/3/e5/b4/e5b4cdfe-1cc4-42f4-b0e4-f8981b6eaa8c","no_data","2025-04-08T10:17:04.00Z","2025-06-27T08:15:05.00Z","1","15"
"9939","ความทรงจำใหม่หัวใจเดิม Journey of Memories","https://vipa.me/th/watch/journeyofmemories","https://assets.vipa.nexbetter.com/files/3/9a/db/9adb0e63-a984-4630-a7c6-d2324daeaaef","series","ความทรงจำใหม่หัวใจเดิม Journey of Memories","Drama","Social Drama","ณัฏฐ์ กิจจริต|นฤภรกมล ฉายแสง|ความทรงจำใหม่หัวใจเดิม|journey of memories|drama for all|ผู้พิการ|คนพิการ|ช่างภาพ|มองไม่เห็น|คนตาบอด|คนพิการทางสายตา|คนพิการทางการมองเห็น","2021","THA","5","4","7","sign-language|closed-caption|audio-description","true","https://assets.vipa.nexbetter.com/files/3/9a/db/9adb0e63-a984-4630-a7c6-d2324daeaaef","https://assets.vipa.nexbetter.com/files/3/9a/db/9adb0e63-a984-4630-a7c6-d2324daeaaef","https://assets.vipa.nexbetter.com/files/3/79/26/79261b8f-8c4f-4745-a8a2-179fcb8da839","Nat Kitcharit|Narupornkamo Chaisang","2025-04-08T10:17:41.00Z","2025-07-24T09:18:59.00Z","1","2"
"9943","Bike Stories","https://vipa.me/th/watch/1713311368936910249","https://assets.vipa.nexbetter.com/files/3/48/29/48298d74-301b-4fea-9631-1bf9ae0290f5","series","Bike Stories","Documentary","Expository","bike stories|นักปั่น","2016","THA","5","5","1","no_data","true","https://assets.vipa.nexbetter.com/files/3/48/29/48298d74-301b-4fea-9631-1bf9ae0290f5","https://assets.vipa.nexbetter.com/files/3/48/29/48298d74-301b-4fea-9631-1bf9ae0290f5","https://assets.vipa.nexbetter.com/files/3/48/29/48298d74-301b-4fea-9631-1bf9ae0290f5","no_data","2025-04-08T10:17:49.00Z","2025-05-29T08:17:15.00Z","1","11"
"9957","ขออภัยมือใหม่หัดโต","https://vipa.me/th/watch/firstjob","https://assets.vipa.nexbetter.com/files/3/59/1b/591b847a-6986-457f-8ff9-a99c3cd24e1d","series","ขออภัยมือใหม่หัดโต","Drama","Sitcom|Family Drama","ขออภัยมือใหม่หัดโต|อาชีพ|ทำงาน|เด็กจบใหม่|งาน|วัยรุ่น|วัยทำงาน|ละคร|ซิตคอม|ซิทคอม|แรงบันดาลใจ|ขออภัย|มือใหม่|หัดโต","2014","THA","5","5","2","no_data","true","https://assets.vipa.nexbetter.com/files/3/59/1b/591b847a-6986-457f-8ff9-a99c3cd24e1d","https://assets.vipa.nexbetter.com/files/3/59/1b/591b847a-6986-457f-8ff9-a99c3cd24e1d","https://assets.vipa.nexbetter.com/files/3/59/1b/591b847a-6986-457f-8ff9-a99c3cd24e1d","no_data","2025-04-08T10:18:17.00Z","2025-07-24T09:17:44.00Z","1","13"
"9972","The Magnet แรงดึงกลับ","https://vipa.me/th/watch/themagnet","https://assets.vipa.nexbetter.com/pictures/3/6b/34/6b342f5f-589e-42c2-9496-431a41da784f","series","The Magnet แรงดึงกลับ","documentary","people|kids","นักเรียน|ครอบครัว|ความเหลื่อมล้ำ|covid 19|โรงเรียน|ความจน|วิกฤต|เยาวชน|สารคดีไทยพีบีเอส|การศึกษา|สารคดี|รัฐบาล|โควิด19|แรงดึงกลับ|เด็ก|แรงดึงดูด|covid-19|โควิด-19|จน|สังคมไทย|ท้องในวัยเรียน|ระบบการศึกษา|the magnet|สะท้อนสังคม|ครู|สังคม|ปัญหา|ปัญหาสังคม","2024","THA","5","5","1","no_data","true","https://assets.vipa.nexbetter.com/pictures/3/6b/34/6b342f5f-589e-42c2-9496-431a41da784f","https://assets.vipa.nexbetter.com/pictures/3/6b/34/6b342f5f-589e-42c2-9496-431a41da784f","https://assets.vipa.nexbetter.com/files/3/46/a2/46a2b653-2d3d-4cfd-82b4-1050fa862166","no_data","2025-04-08T10:18:48.00Z","2025-07-25T02:25:49.00Z","1","5"
"9979","เหลื่อมล้ำ จากต้นจนอวสาน","https://vipa.me/th/watch/overlapdoc","https://assets.vipa.nexbetter.com/files/3/da/cd/dacd0afb-6cd5-4d18-8540-198bc73052d6","series","เหลื่อมล้ำ จากต้นจนอวสาน","Documentary","people|culture|Social/Political|Cultural","เหลื่อมล้ำ จากต้นจนอวสาน|ความเหลื่อมล้ำ|เหลื่อมล้ำ|จากต้นจนอวสาน|นักขับเคลื่อน|สารคดี|สังคม|ไม่เป็นธรรม|คนจน|ยากจน|ชีวิต|ผู้คน|สังคมไทย","2023","THA","5","4","3","no_data","true","https://assets.vipa.nexbetter.com/files/3/24/84/24840e78-8a9e-4b60-9460-9fd75513df30","https://assets.vipa.nexbetter.com/files/3/da/cd/dacd0afb-6cd5-4d18-8540-198bc73052d6","https://assets.vipa.nexbetter.com/files/3/c8/f1/c8f1edcb-e7da-4040-9f81-c1d45862b834","no_data","2025-04-08T10:19:02.00Z","2025-07-24T16:48:53.00Z","1","5"
"9986","เด็กชายในเงา","https://vipa.me/th/watch/dekchainaingao","https://assets.vipa.nexbetter.com/pictures/3/ab/fa/abfaf6a1-2db1-4499-9c4a-d0fcb7bfd3b3","series","เด็กชายในเงา","Drama","Mystery","เด็กชายในเงา|ฝาแฝด|ครอบครัว|ปิยะธิดา มิตรธีรโรจน์|นภัสกร มิตรเอม|อนุชิต สพันธุ์พงษ์|คุณัญญา จันหาญ|คุณัญนนท์ จันหาญ|เด็กพิการ","2013","THA","1","5","1","no_data","true","https://assets.vipa.nexbetter.com/pictures/3/ab/fa/abfaf6a1-2db1-4499-9c4a-d0fcb7bfd3b3","https://assets.vipa.nexbetter.com/pictures/3/ab/fa/abfaf6a1-2db1-4499-9c4a-d0fcb7bfd3b3","https://assets.vipa.nexbetter.com/files/3/9e/b2/9eb29b37-717d-4770-a07f-5b603be6e7b9","Piyathida Mittiraroch|Naphatsaran Mittiraroch|Anuchit Sapunpohng|คุณัญนนท์ จันหาญ|คุณัญญา จันหาญ","2025-04-08T10:19:16.00Z","2025-07-24T08:48:20.00Z","1","15"
"10003","เ(ก)รียนไหนดี","https://vipa.me/th/watch/wheretostudy","https://assets.vipa.nexbetter.com/pictures/3/af/4f/af4f24df-b44e-4218-9b80-e5d294f98885","series","เ(ก)รียนไหนดี","Education","Documentary","เ(ก)รียน ไหนดี|เกรียน ไหนดี|เกรียน|เกรียนไหนดี|เรียน|มหาวิทยาลัย|คณะ|วิชา|นักศึกษา|การศึกษา|เรียนรู้|ท็อป ณภัทร|ก๊อตจิ ทัชกร|ปิงปอง ธงชัย|สไปรท์บั้ง","2020","THA","1","5","1","no_data","true","https://assets.vipa.nexbetter.com/pictures/3/af/4f/af4f24df-b44e-4218-9b80-e5d294f98885","https://assets.vipa.nexbetter.com/pictures/3/af/4f/af4f24df-b44e-4218-9b80-e5d294f98885","https://assets.vipa.nexbetter.com/files/3/19/47/19472165-88eb-4cb9-86b9-6c017cf754fe","no_data","2025-04-08T10:19:58.00Z","2025-06-23T07:59:24.00Z","2","26"
"10032","The Last Jigsaw ต่อเติมไทย","https://vipa.me/th/watch/thelastjigsaw","https://assets.vipa.nexbetter.com/pictures/3/19/45/19455eef-87e4-4d3e-88e2-2dd134bcafd4","series","The Last Jigsaw ต่อเติมไทย","Documentary","culture|people|Social/Political","the last jigsaw|ต่อเติมไทย|jigsaw|ปัญหา|สังคม|สะท้อนสังคม|ผู้สูงอายุ|คนสูงวัย|ผู้สูงวัย|สังคมสูงวัย|ชีวิตประจำวัน|ชาวต่างชาติ|เมืองไทย|ไทย|ประเทศไทย|ระบบขนส่งมวลชน|ขนส่งมวลชน|ระบบราชการ|สิ่งแวดล้อม|การศึกษา|ความหวัง|ใจ|เครียด|จิต|กำลังใจ|สุขภาพจิต|สุขภาพ|ความเครียด","2023","THA","5","5","1","audio-description|closed-caption","true","https://assets.vipa.nexbetter.com/pictures/3/19/45/19455eef-87e4-4d3e-88e2-2dd134bcafd4","https://assets.vipa.nexbetter.com/pictures/3/19/45/19455eef-87e4-4d3e-88e2-2dd134bcafd4","https://assets.vipa.nexbetter.com/pictures/3/5c/be/5cbed24a-ccbf-4981-8845-21dbcfc024dc","Christopher Wright","2025-04-08T10:21:10.00Z","2025-10-07T10:21:42.00Z","5","23"
"10056","Big Story เรื่องใหญ่ Thai PBS UNCUT","https://vipa.me/th/watch/bigstoryuncut","https://assets.vipa.nexbetter.com/pictures/3/28/c5/28c5d92e-c02d-412a-852c-a4b02b86051c","series","Big Story เรื่องใหญ่ Thai PBS UNCUT","News & Factural","news|people|Reality-based Factual Programs","big story เรื่องใหญ่ thai pbs|thai pbs|สารคดีข่าว|big story uncut|big story|เรื่องใหญ่ thai pbs|สารคดี|ข่าว|สืบสวน|สอบสวน|สังคม|เศรษฐกิจ|การเมือง|อาชญากรรม|วัฒนธรรรม|นักข่าว|ทำข่าว","no_data","THA","5","4","4","no_data","true","https://assets.vipa.nexbetter.com/pictures/3/28/c5/28c5d92e-c02d-412a-852c-a4b02b86051c","https://assets.vipa.nexbetter.com/pictures/3/28/c5/28c5d92e-c02d-412a-852c-a4b02b86051c","https://assets.vipa.nexbetter.com/pictures/3/d7/eb/d7eb7b52-f5da-4cd9-bd35-041bcb248a1f","no_data","2025-04-08T10:21:57.00Z","2026-07-21T09:11:55.00Z","17","280"
"10107","แฮชแท็กว่า #รักพ่อ","https://vipa.me/th/watch/hashtaglovedad","https://assets.vipa.nexbetter.com/files/3/df/24/df24d970-c89b-475e-8a95-410603c571dc","series","แฮชแท็กว่า #รักพ่อ","Drama","Family Drama","แฮชแท็กว่ารักพ่อ|พ่อ|dad|hashtag love dad|แฮชแท็กว่า|รักพ่อ|ครอบครัว","2019","THA","1","5","1","no_data","true","https://assets.vipa.nexbetter.com/files/3/df/24/df24d970-c89b-475e-8a95-410603c571dc","https://assets.vipa.nexbetter.com/files/3/df/24/df24d970-c89b-475e-8a95-410603c571dc","https://assets.vipa.nexbetter.com/files/3/14/89/14896c8d-81a4-44d9-b8a7-31200e8c8f5b","no_data","2025-04-08T10:23:46.00Z","2025-07-24T09:15:55.00Z","1","4"
"10125","ตำรับแม่","https://vipa.me/th/watch/momrecipe","https://assets.vipa.nexbetter.com/pictures/3/0b/b1/0bb109f1-52ab-48c2-a3d0-0bfc7695a04e","series","ตำรับแม่","Drama","food|family|Family Drama|Romantic Drama","เข้าครัว|ความรัก|ชนาธิป พิสุทธิ์เสรีวงศ์|เจี๊ยบ วัชระ|สิเรียม ภักดีดำรงฤทธิ์|ละครไทยพีบีเอส|แบงค์ ชนาธิป|เอสเธอร์ สุปรีย์ลีลา|แม่|ภัสร์ดารินทร์ ปริญญารักษ์|อนิส สุวิทย์|cook|ภูมิภัทร ถาวรศิริ|ตูน ภัสร์ดารินทร์|วัชระ ปานเอี่ยม|ตำรับ|ความสัมพันธ์|น้ำ วรัชศภรณ์|วอร์ม ชลธร|แอน สิเรียม|เอม ภูมิภัทร|ครัว|ชีวิตคู่|เมนูอาหาร|อาหาร|วรัชศภรณ์ เต็มพร้อม|มายด์ อนิส|ตำรับแม่|ทำอาหาร|แต่งงาน|ชลธร ตั้งอมรรัตน์","2024","THA","5","4","5","closed-caption|sign-language|audio-description","true","https://assets.vipa.nexbetter.com/pictures/3/0b/b1/0bb109f1-52ab-48c2-a3d0-0bfc7695a04e","https://assets.vipa.nexbetter.com/pictures/3/0b/b1/0bb109f1-52ab-48c2-a3d0-0bfc7695a04e","https://assets.vipa.nexbetter.com/pictures/3/5f/a7/5fa7e95c-0bc5-4be2-b71a-5bff9e186b93","Esther Supreeleela|Bhumibhat Thavornsiri|Sirium Pukdeedumrongrit|Wachara Pan-iem","2025-04-08T10:24:23.00Z","2025-10-29T10:42:13.00Z","1","16"
"10143","Tham Luang Rescue : Power of Unity รวมพลัง กู้ภัยถ้ำหลวงฯ (Big Sign)","https://vipa.me/th/watch/thamluangrescue-bigsign","https://assets.vipa.nexbetter.com/files/3/07/f6/07f65875-6d14-4981-89b6-a8303b017d61","series","Tham Luang Rescue : Power of Unity รวมพลัง กู้ภัยถ้ำหลวงฯ (Big Sign)","Documentary","people|news|Social/Political","กู้ภัย|tham luang rescue|power of unity|สารคดี|เหตุภัยพิบัติ|กู้ภัยถ้ำหลวงฯ|ถ้ำหลวง|รวมพลัง|sign language|รวมพลัง กู้ภัยถ้ำหลวงฯ|ภาษามือ|big sign","2022","THA","5","0","0","sign-language","true","https://assets.vipa.nexbetter.com/files/3/07/f6/07f65875-6d14-4981-89b6-a8303b017d61","https://assets.vipa.nexbetter.com/files/3/07/f6/07f65875-6d14-4981-89b6-a8303b017d61","https://assets.vipa.nexbetter.com/files/3/37/e6/37e69aeb-631f-4e96-ad27-23359eb3551f","no_data","2025-04-08T10:25:01.00Z","2025-07-24T08:36:35.00Z","1","4"
"10149","บุษบาลุยไฟ","https://vipa.me/th/watch/budsabaluifire","https://assets.vipa.nexbetter.com/pictures/3/5f/5b/5f5b0b63-052e-4905-9137-574f1b51ba2e","series","บุษบาลุยไฟ","Drama","history|culture|Historical Drama|Melodrama","ละคร|บุษบาลุยไฟ|บุษบา|ลุยไฟ|เฌอปราง อารีย์กุล|เฌอปราง bnk48|โทนี่ รากแก่น|ณัฏฐ์ เทพหัสดิน|ณัฏฐ์ เทพหัสดิน ณ อยุธยา|ฟาริดา วัลเลอร์|ณัฐพิมล นาฏยลักษณ์|ริด้า ฟาริด้า|ธีร์ อริยฤทธิ์วิกุล|น็อต ธีร์|น็อต อัครณัฐ|เต๋า สมชาย|สมชาย เข็มกลัด|ภัทรสุดา อนุมานราชธน|บัว ภัทรสุดา|พิจิกา จิตตะปุตตะ|ลูกหว้า พิจิกา|ภัทร นัตธนนท์|นัตธนนท์ ปิ่นโรจน์กีรติ|แพรว หัสสยา|หัสสยา อิสริยะ|พิม พิมพ์พรรณ|พิมพ์พรรณ ชลายนคุปต์|ลัทธ์กมล ปิ่นโรจน์กีรติ|พิม ลัทธ์กมล|จักรกฤต โยมพยอม|ครูทอม|มาชิดา สุทธิกุลพานิช|มากิ มาชิดา|กิก ดนัย|ดนัย จารุจินดา|พรเลิศ พิพัฒน์รุ่งเรือง|เอ็กซ์ พรเลิศ|เลอวิทย์ สังข์สิทธิ์|บิ๊ก ศรุต|ศรุต วิจิตรานนท์|สุนทรภู่|ลำจวน|ฮุน|ประวัติศาสตร์|สตรี|ผู้หญิง|สิทธิ|พระบาทสมเด็จพระนั่งเกล้าเจ้าอยู่หัว|ร.3|รัชกาลที่ 3|ความรัก|ความฝัน|เรียนหนังสือ|การศึกษา|ท้าทายขนบ|อี๊ด สุประวัติ|สุประวัติ ปัทมสูต","2023","THA","5","4","10","sign-language|closed-caption|audio-description","true","https://assets.vipa.nexbetter.com/pictures/3/5f/5b/5f5b0b63-052e-4905-9137-574f1b51ba2e","https://assets.vipa.nexbetter.com/pictures/3/5f/5b/5f5b0b63-052e-4905-9137-574f1b51ba2e","https://assets.vipa.nexbetter.com/pictures/3/46/6f/466f1d42-720f-4f5c-83ae-49853b62f42c","Cherprang Areekul|Toni Rakkaen|Nut Devahastin Na Ayutthaya|Somchai Khemklad","2025-04-08T10:25:13.00Z","2026-07-16T11:17:20.00Z","3","30"
"10183","Thailand Longstay ลองดู อยู่ยาว","https://vipa.me/th/watch/thailandlongstay","https://assets.vipa.nexbetter.com/files/3/cc/0d/cc0d12fa-c7b2-4c25-a640-f2c27f2c4e7f","series","Thailand Longstay ลองดู อยู่ยาว","documentary","culture|people","thailand|longstay|ลองดู|อยู่ยาว|ลองดู อยู่ยาว|thailand longstay|ไทยแลนด์|ลองสเตย์|ที่อยู่|อาศัย|ที่อยู่อาศัย|นักท่องเที่ยว|ต่างชาติ|วัฒนธรรม|วิถีชีวิต|ชีวิต|สังคม|สังคมไทย|ไทย|ความเป็นไทย|พหุวัฒนธรรม|ชาวต่างชาติ|คนต่างชาติ|ฝรั่ง","2025","THA","1","5","2","no_data","true","https://assets.vipa.nexbetter.com/files/3/2a/8f/2a8f34a8-6f5c-4d82-a2bd-7dfaf7aaf4b8","https://assets.vipa.nexbetter.com/files/3/cc/0d/cc0d12fa-c7b2-4c25-a640-f2c27f2c4e7f","https://assets.vipa.nexbetter.com/files/3/e4/f6/e4f636a7-810b-4354-88f0-a4122212e630","no_data","2025-04-08T10:26:22.00Z","2025-12-03T04:34:41.00Z","1","12"
"10197","AFTER","https://vipa.me/th/watch/after","https://assets.vipa.nexbetter.com/pictures/3/b5/ed/b5ed8f4c-8712-40fd-9b7b-4cd1a0ad6329","series","AFTER","Documentary","nature-environment|pets-animals|Social/Political|Cultural|Nature/Environmental","after|ชีวิต|มนุษย์|สิ่งมีชีวิต|สัตว์|สัตว์ป่า|ธรรมชาติ|สิ่งแวดล้อม|สารคดี|สารคดีไทย|สารคดีไทยพีบีเอส|thai pbs|ผู้ล่า|ผู้ถูกล่า|เหยื่อ|ห่วงโซ่อาหาร|decode|สูญพันธุ์|ภัทราภรณ์ ศรีทองแท้","2025","THA","5","5","2","sign-language|closed-caption|audio-description","true","https://assets.vipa.nexbetter.com/pictures/3/b5/ed/b5ed8f4c-8712-40fd-9b7b-4cd1a0ad6329","https://assets.vipa.nexbetter.com/pictures/3/b5/ed/b5ed8f4c-8712-40fd-9b7b-4cd1a0ad6329","https://assets.vipa.nexbetter.com/files/3/0d/57/0d57a568-cb8b-480b-b7b9-d7f4409a55e5","no_data","2025-04-08T10:26:51.00Z","2026-04-30T11:02:26.00Z","1","3"
"10202","สวนสวรรค์...สุดขอบโลก","https://vipa.me/th/watch/edenuntamedplanet","https://assets.vipa.nexbetter.com/files/3/95/0b/950b9ad9-18d2-4262-99c3-f266cb8efe0a","series","สวนสวรรค์...สุดขอบโลก","documentary","nature-environment|pets-animals","สารคดี|documentary|best documentary|best doc|สัตว์|สัตว์ป่า|ธรรมชาติ|เอเดน|สวนเอเดน|อีเดน|eden|untamed planet|สวนสวรรค์|สุดขอบโลก|ทะเลทราย|นามิบ|ปาตาโกเนีย|ดินแดน|สิ่งแวดล้อม|bbc","2021","USA","1","0","0","sign-language|soundtrack","true","https://assets.vipa.nexbetter.com/files/3/d6/08/d6089728-bf47-45e1-bb2f-d2cf1d9b8822","https://assets.vipa.nexbetter.com/files/3/95/0b/950b9ad9-18d2-4262-99c3-f266cb8efe0a","https://assets.vipa.nexbetter.com/files/3/47/bb/47bb6b4d-c550-4160-b519-75ef5fb0d35b","no_data","2025-04-08T10:27:01.00Z","2025-05-29T09:05:33.00Z","1","6"
"10219","โลกนี้ไม่มีขยะ","https://vipa.me/th/watch/theworldwithoutwaste","https://assets.vipa.nexbetter.com/pictures/3/7f/db/7fdbeaab-5aff-4a94-b716-bb48f0471971","series","โลกนี้ไม่มีขยะ","Variety & LifeStyle","Reality Shows|Celebrity & Entertainment News","โลกนี้ไม่มีขยะ|รัศมีแข|เชียร์ ฑิฆัมพร|เชียร์ ฑิฆัมพร|ฑิฆัมพร ฤทธิ์ธาอภินันท์|รัศมีแข ฟ้าเกื้อล้น|แสตมป์ อภิวัชร์|ขยะ|สิ่งแวดล้อม|พิธีกร|อภิวัชร์ เอื้อถาวรสุข","2020","THA","5","5","1","no_data","true","https://assets.vipa.nexbetter.com/pictures/3/7f/db/7fdbeaab-5aff-4a94-b716-bb48f0471971","https://assets.vipa.nexbetter.com/pictures/3/7f/db/7fdbeaab-5aff-4a94-b716-bb48f0471971","https://assets.vipa.nexbetter.com/files/3/1e/91/1e9101d4-f0a4-437c-af7e-0d0599ba804a","no_data","2025-04-08T10:27:32.00Z","2025-06-23T08:14:07.00Z","1","20"
"10241","Junk Mail จดหมายที่ไม่ถูกเปิด","https://vipa.me/th/watch/junkmail","https://assets.vipa.nexbetter.com/files/3/36/6a/366a16c5-1f59-405f-b660-f9bda63d4d7a","series","Junk Mail จดหมายที่ไม่ถูกเปิด","Drama","people|entertainment|Social Drama","ความเหลื่อมล้ำ|แปลน รัฐวิทย์|ศิริพล ศิรินินาทกุล|junkmail จดหมายที่ไม่ถูกเปิด|เยาวชน|จดหมายที่ไม่ถูกเปิด|รายการออนไลน์|junk mail|รัฐวิทย์ กิจวรลักษณ์|กุ๊กไก่ ภาวดี|สะท้อนสังคม|ภาวดี คุ้มโชคไพศาล|พล ศิริพล|สังคม|เพื่อสังคม|junkmail|รายการ","2022","THA","5","5","2","sign-language|closed-caption|audio-description","true","https://assets.vipa.nexbetter.com/files/3/36/6a/366a16c5-1f59-405f-b660-f9bda63d4d7a","https://assets.vipa.nexbetter.com/files/3/36/6a/366a16c5-1f59-405f-b660-f9bda63d4d7a","https://assets.vipa.nexbetter.com/files/3/40/2c/402c3b46-61d5-4cb4-b076-03c16f952d2b","Siripon Sirininatthakul|Rathavit Kijworalak|Pavadee Komchokpaisan","2025-04-08T10:28:23.00Z","2025-08-18T03:24:36.00Z","1","20"
"10263","ณ ขณะเหงา The Broken Us (Big Sign)","https://vipa.me/th/watch/thebrokenus-bigsign","https://assets.vipa.nexbetter.com/files/3/fc/1f/fc1f03d7-2c00-4ced-b527-1ea9a2743b56","series","ณ ขณะเหงา The Broken Us (Big Sign)","Drama","entertainment|people|Social Drama","ณ ขณะเหงา|the broken us|เจนนิษฐ์ โอ่ประเสริฐ|ภูมิภัทร ถาวรศิริ|ณัฐพัชร์ นิมจิรวัฒน์|รัดเกล้า อามระดิษ|jennis bnk48|jennis oprasert|เอม ภูมิภัทร|แม็ค ณัฐพัชร์|ต๊งเหน่ง รัดเกล้า|ละคร|ละครไทยพีบีเอส|ละครไทย|asperger syndrome|tiny butterfly|ค้นหาตัวเอง|empathy|เห็นอกเห็นใจ|ร้านกาแฟ|ความสัมพันธ์|มิตรภาพ|จบชีวิต|ฆ่าตัวตาย|เดียวดาย|โดดเดี่ยว|เหงา|sign language|ภาษามือ|big sign","2022","THA","5","0","0","sign-language|closed-caption","true","https://assets.vipa.nexbetter.com/files/3/fc/1f/fc1f03d7-2c00-4ced-b527-1ea9a2743b56","https://assets.vipa.nexbetter.com/files/3/fc/1f/fc1f03d7-2c00-4ced-b527-1ea9a2743b56","https://assets.vipa.nexbetter.com/files/3/75/1e/751eea5d-1247-45c2-ad3b-38dffa7ae5fb","Bhumibhat Thavornsiri|Jennis Oprasert|Rudklao Amratisha|Nattapat Nimjirawat","2025-04-08T10:29:09.00Z","2025-07-24T08:23:43.00Z","1","12"
"10277","เด็กปั่นโลก","https://vipa.me/th/watch/dekpunlok","https://assets.vipa.nexbetter.com/pictures/3/c7/5e/c75e05d4-3d76-4365-b05b-6d6a0ead23cb","series","เด็กปั่นโลก","Kids & Family","kids|family|Adventure","เด็กปั่นโลก|จักรยาน|ปั่นจักรยาน|เด็ก|ครอบครัว|ปั่น|ผจญภัย|เยาวชน|ชุมชน|ชาวบ้าน","2022","THA","1","0","0","no_data","true","https://assets.vipa.nexbetter.com/pictures/3/c7/5e/c75e05d4-3d76-4365-b05b-6d6a0ead23cb","https://assets.vipa.nexbetter.com/pictures/3/c7/5e/c75e05d4-3d76-4365-b05b-6d6a0ead23cb","https://assets.vipa.nexbetter.com/pictures/3/46/3c/463c961b-87cd-49ea-b38f-b9ca69a32855","no_data","2025-04-08T10:29:39.00Z","2025-06-17T08:23:49.00Z","1","4"
"10283","จอห์นนี่เดินเยี่ยงไก่","https://vipa.me/th/watch/johnny","https://assets.vipa.nexbetter.com/files/3/88/27/8827a999-6eb3-4a91-bd19-65099bb7dd19","series","จอห์นนี่เดินเยี่ยงไก่","Drama","Social Drama","ณปรัชญ์ รัตนนิตย์|ฟาร์ม|ฟาร์มไก่|โรงงาน|ไก่|เลี้ยงไก่|พลอย ศรนรินทร์|สมชาย ศักดิกุล|อดิเรก วัฏลีลา|ชาวบ้าน|จอห์นนี่|อุตสาหกรรม|ต่อพงษ์ กุลอ่อน|จอห์นนี่เดินเยี่ยงไก่","2020","THA","5","5","1","sign-language|closed-caption|audio-description","true","https://assets.vipa.nexbetter.com/files/3/88/27/8827a999-6eb3-4a91-bd19-65099bb7dd19","https://assets.vipa.nexbetter.com/files/3/88/27/8827a999-6eb3-4a91-bd19-65099bb7dd19","https://assets.vipa.nexbetter.com/files/3/e8/f5/e8f51f20-f4ba-4243-a3a2-6b33ac8a4d78","Ploy Sornarin|Somchai Sakdikul|Adirek Wattaleela|Naprach Rattananit","2025-04-08T10:29:50.00Z","2025-07-24T08:48:57.00Z","1","4"
"10289","ชีวิตจริงยิ่งกว่าละคร","https://vipa.me/th/watch/real","https://assets.vipa.nexbetter.com/files/3/b6/69/b669220b-1c1d-4303-accd-e46821cfbb7e","series","ชีวิตจริงยิ่งกว่าละคร","News & Factural","Reality-based Factual Programs|Public Affairs Programs - politics, social issues, and policy debates","ชีวิตจริงยิ่งกว่าละคร|สังคม|เศรษฐกิจ|ชีวิต|ยิ่งกว่าละคร|สารคดี|ความเหลื่อมล้ำ","2017","THA","5","5","2","no_data","true","https://assets.vipa.nexbetter.com/files/3/b6/69/b669220b-1c1d-4303-accd-e46821cfbb7e","https://assets.vipa.nexbetter.com/files/3/b6/69/b669220b-1c1d-4303-accd-e46821cfbb7e","https://assets.vipa.nexbetter.com/files/3/96/9e/969ed5b4-8596-41db-aa81-2329e6442ac5","no_data","2025-04-08T10:30:03.00Z","2025-05-26T08:08:09.00Z","1","17"
"10308","​เธอ เขา เรา ใคร สำรวจคนไทยในแผ่นดิน","https://vipa.me/th/watch/therkaoraokrai","https://assets.vipa.nexbetter.com/files/3/8c/87/8c87a633-07a7-4f39-81f6-2cd2e75ee180","series","​เธอ เขา เรา ใคร สำรวจคนไทยในแผ่นดิน","Documentary","Investigative","​เธอ เขา เรา ใคร สำรวจคนไทยในแผ่นดิน|​เธอ เขา เรา ใคร|สำรวจคนไทยในแผ่นดิน|คนไทย|สารคดี|ประวัติศาสตร์|โบราณคดี|วัฒนธรรม|ภาษา|dna|พันธุกรรม","2019","THA","1","4","1","closed-caption|audio-description","true","https://assets.vipa.nexbetter.com/files/3/ee/18/ee180b03-d6d1-4611-afbd-7caeb0b3567d","https://assets.vipa.nexbetter.com/files/3/8c/87/8c87a633-07a7-4f39-81f6-2cd2e75ee180","https://assets.vipa.nexbetter.com/files/3/99/6b/996b7b9b-7e93-4a8a-8d84-81f047afa7b1","no_data","2025-04-08T10:30:42.00Z","2025-07-24T12:43:37.00Z","1","5"
"10315","พนักงานใหม่ หัวใจซน","https://vipa.me/th/watch/traineekids","https://assets.vipa.nexbetter.com/files/3/02/07/02075cf9-bc4d-4fc5-8223-5341096efd87","series","พนักงานใหม่ หัวใจซน","Kids & Family","inspiration|people","การทำงาน|ครอบครัว|พนักงานใหม่หัวใจซน|พนักงาน|ความชอบ|เยาวชน|ซาร่า|เรียน|เรียนรู้|kids|อาชีพ|งาน|เด็ก|ลิน โฮเลอร์|พนักงานใหม่|ทำงาน|หน้าที่|ประสบการณ์|หัวใจซน|สำรวจ","2022","THA","1","5","1","no_data","true","https://assets.vipa.nexbetter.com/files/3/02/07/02075cf9-bc4d-4fc5-8223-5341096efd87","https://assets.vipa.nexbetter.com/files/3/02/07/02075cf9-bc4d-4fc5-8223-5341096efd87","https://assets.vipa.nexbetter.com/files/3/f3/1e/f31efd27-da32-43aa-ae79-df2d7373a120","no_data","2025-04-08T10:30:56.00Z","2025-05-26T04:44:35.00Z","2","22"
"10340","14 ตุลา คลื่นแห่งการเปลี่ยนแปลง","https://vipa.me/th/watch/14october","https://assets.vipa.nexbetter.com/pictures/3/e0/fc/e0fc3f96-d42c-42c9-a7a8-f5a2698adfe4","series","14 ตุลา คลื่นแห่งการเปลี่ยนแปลง","Documentary","history|people|Historical|Social/Political","สัจจะวิถี 40 ปี 14 ตุลา|ประชาธิปไตย|จอมพลถนอม กิตติขจร|ถนนราชดำเนิน|นายกรัฐมนตรี|2516|หากไม่มีวันนั้น 14 ตุลา 2516|สารคดี|รัฐบาล|14 ตุลา|ตุลาคม|คลื่นแห่งการเปลี่ยนแปลง|วันมหาวิปโยค|ประวัติศาสตร์|ชุมนุม|วันมหาปิติ|นักศีกษา|ประท้วง|14 ตุลา คลื่นแห่งการเปลี่ยนแปลง|ชีวิต|สังคม|เหตุการณ์|พระบรมมหาราชวัง|การเมือง|ประชาชน","no_data","THA","5","5","4","no_data","true","https://assets.vipa.nexbetter.com/pictures/3/e0/fc/e0fc3f96-d42c-42c9-a7a8-f5a2698adfe4","https://assets.vipa.nexbetter.com/pictures/3/e0/fc/e0fc3f96-d42c-42c9-a7a8-f5a2698adfe4","https://assets.vipa.nexbetter.com/files/3/8c/d0/8cd0fd7f-7677-4552-b8bc-00daa639060b","no_data","2025-04-08T10:31:47.00Z","2025-08-14T04:45:36.00Z","2","8"
"10351","อะไรกันนากกันหนา?","https://vipa.me/th/watch/whatthenark","https://assets.vipa.nexbetter.com/files/3/18/4d/184defe7-85f5-40f5-bab9-53602fa5b50e","series","อะไรกันนากกันหนา?","Documentary","pets-animals|people|Nature/Environmental|Cultural|Social/Political","what the nark|อะไรกันนากกันหนา|นาก|nark|สัตว์|ธรรมชาติ|สัตว์ป่า|สิ่งแวดล้อม|สังคม|เมือง|วิถีชีวิต|ที่อยู่|ถิ่นอาศัย|ป่า|พฤติกรรม|วิทยาศาสตร์","2024","THA","1","5","1","sign-language|closed-caption|audio-description","true","https://assets.vipa.nexbetter.com/files/3/1c/4d/1c4d84d1-825d-44d5-b622-fccf14f7d631","https://assets.vipa.nexbetter.com/files/3/18/4d/184defe7-85f5-40f5-bab9-53602fa5b50e","https://assets.vipa.nexbetter.com/files/3/a6/c1/a6c1c923-9d72-4959-978a-ec86235e4106","no_data","2025-04-08T10:32:08.00Z","2026-05-28T05:17:05.00Z","1","4"
"10357","ปฏิบัติการ...จัดระเบียบบ้านในฝัน","https://vipa.me/th/watch/cleanitfixit","https://assets.vipa.nexbetter.com/pictures/3/38/f5/38f5ddf7-a3ce-4d54-b591-2f0f1dba34ee","series","ปฏิบัติการ...จัดระเบียบบ้านในฝัน","Variety & LifeStyle","people|inspiration|Lifestyle Tips|Hobbies & Crafts|Talk Shows","สารคดี|documentary|best documentary|best doc|tommy walsh|ทอมมี่ วอลช์|ช่าง|พิธีกร|บ้าน|รีโนเวท|ปรับปรุง|ที่อยู่อาศัย|ถิ่นที่อยู่|ชีวิต|วิถีชีวิต|ผู้คน|maxine dwyer|แม็กซีน ดิวเยอร์|asher edwards|แอชเชอร์ เอ็ดเวิร์ดส์|clean it|fix it|ปฏิบัติการ|จัดระเบียบบ้านในฝัน|จัดระเบียบ|จัดระเบียบบ้าน|รายการ|วาไรตี้|บันเทิง|ช่วยเหลือ","2021","THA","5","5","4","soundtrack","true","https://assets.vipa.nexbetter.com/pictures/3/54/cc/54ccdb07-4880-46ca-b1b0-4c3340c6f125","https://assets.vipa.nexbetter.com/pictures/3/38/f5/38f5ddf7-a3ce-4d54-b591-2f0f1dba34ee","https://assets.vipa.nexbetter.com/files/3/0b/84/0b84f603-f102-425c-bee7-066b52aed9a0","no_data","2025-04-08T10:32:19.00Z","2026-07-16T08:43:51.00Z","1","20"
"10395","สำรวจเอกภพ","https://vipa.me/th/watch/universe","https://assets.vipa.nexbetter.com/files/3/44/e7/44e787a4-bc2c-4776-aef3-4882e3c7c39b","series","สำรวจเอกภพ","documentary","nature-environment|science","สารคดี|documentary|best documentary|best doc|bbc|universe|สำรวจเอกภพ|เอกภพ|อวกาศ|โลก|ระบบสุริยะ|ท้องฟ้า|กาแลกซี่|ดาวเคราะห์|ดาว|ดาวฤกษ์|ดวงดาว|ท่องโลกกว้าง|วิทยาศาสตร์","2015","no_data","5","0","0","soundtrack","true","https://assets.vipa.nexbetter.com/files/3/72/a5/72a5e61e-b87b-48cc-bd0a-6767f16d762f","https://assets.vipa.nexbetter.com/files/3/44/e7/44e787a4-bc2c-4776-aef3-4882e3c7c39b","https://assets.vipa.nexbetter.com/files/3/e7/68/e768557b-5976-45cd-976a-790672c93ec9","no_data","2025-04-08T10:33:38.00Z","2025-05-30T05:28:42.00Z","1","5"
"10402","Super แม้น ยอดคนธรรมดา (Big Sign)","https://vipa.me/th/watch/superman-bigsign","https://assets.vipa.nexbetter.com/files/3/88/9d/889d8d7a-227c-4457-83c6-7356aa6514db","series","Super แม้น ยอดคนธรรมดา (Big Sign)","Drama","Social Drama","ซุปเปอร์ แม้น|ช่วยเหลือสังคม|ศุภศิษฏ์ จงชีวีวัฒน์|แม้น|ความดี|super แม้น|ภาลฎา ฐิตะวชิระ|ฑันท์ชิย์ บำรุงกิจ|ภาษามือ","2021","THA","5","0","0","sign-language|closed-caption","true","https://assets.vipa.nexbetter.com/files/3/88/9d/889d8d7a-227c-4457-83c6-7356aa6514db","https://assets.vipa.nexbetter.com/files/3/88/9d/889d8d7a-227c-4457-83c6-7356aa6514db","https://assets.vipa.nexbetter.com/files/3/bf/65/bf650b60-37f9-4dca-b677-74882436ff95","Suppasit Jongcheveevat|Parada Thitawachira|Tanshi Bumrungkit","2025-04-08T10:33:52.00Z","2025-07-24T08:26:27.00Z","1","2"
"10406","แก๊งเก๋าเขย่าครัว (Big Sign)","https://vipa.me/th/watch/gangkao-bigsign","https://assets.vipa.nexbetter.com/files/3/47/fd/47fd6ff5-6976-4c7b-ba48-06a377125f2f","series","แก๊งเก๋าเขย่าครัว (Big Sign)","Drama","Sitcom|Family Drama","แก๊งเก๋าเขย้าครัว|ละครแก๊งเก๋าเขย้าครัว|ภาษามือ|แก๊งเก๋าเขย้าครัว big sign|big sign|ครอบครัว|ทำอาหาร|ปอ อรรณพ","no_data","THA","5","5","1","sign-language","true","https://assets.vipa.nexbetter.com/files/3/47/fd/47fd6ff5-6976-4c7b-ba48-06a377125f2f","https://assets.vipa.nexbetter.com/files/3/47/fd/47fd6ff5-6976-4c7b-ba48-06a377125f2f","https://assets.vipa.nexbetter.com/files/3/8d/96/8d967905-169e-478a-8593-8078d3ff6562","no_data","2025-04-08T10:34:00.00Z","2025-07-24T08:31:36.00Z","1","13"
"10421","บริษัทบำบัดหนี้","https://vipa.me/th/watch/debttherapy","https://assets.vipa.nexbetter.com/pictures/3/5d/7a/5d7a98e3-30b0-4a13-a2b1-d89986495b08","series","บริษัทบำบัดหนี้","Drama","Social Drama","ครอบครัว|หนี้|บริษัทบำบัดหนี้|ณัฐพงศ์ รัตนเมธานนท์|เงินทอง|dept|เงิน|ปลดหนี้|สุทธาทิพย์ วุฒิชัยประดิษฐ์|เสฎฐวุฒิ อนุสิทธิ์|เขมิศรา พลเดช|ตั้ว เสฎวุฒิ|เจ้าหนี้|เบลล์ เขมิศรา|จีระศักดิ์ ปิ่นสุวรรณ|ทวงหนี้|การเงิน","2020","THA","5","0","0","sign-language|closed-caption|audio-description","true","https://assets.vipa.nexbetter.com/pictures/3/5d/7a/5d7a98e3-30b0-4a13-a2b1-d89986495b08","https://assets.vipa.nexbetter.com/pictures/3/5d/7a/5d7a98e3-30b0-4a13-a2b1-d89986495b08","https://assets.vipa.nexbetter.com/pictures/3/a7/18/a7181eb7-9c5a-4993-9302-9e21b962dbe8","Kemisara Paladesh|Sedthawut Anusit|Jeerasak Pinsuwan|Suttatip Wutchaipradit","2025-04-08T10:34:30.00Z","2025-07-24T08:49:03.00Z","1","4"
"10427","สำแดงศิลป์","https://vipa.me/th/watch/samdaengsilp","https://assets.vipa.nexbetter.com/pictures/3/dd/a0/dda07f46-0af2-47c6-a31b-9d0ea56b2f26","series","สำแดงศิลป์","Documentary","documentary|culture|people|Cultural","สำแดงศิลป์|วรรณสิงห์ ประเสริฐกุล","2014","THA","1","5","1","audio-description","true","https://assets.vipa.nexbetter.com/pictures/3/dd/a0/dda07f46-0af2-47c6-a31b-9d0ea56b2f26","https://assets.vipa.nexbetter.com/pictures/3/dd/a0/dda07f46-0af2-47c6-a31b-9d0ea56b2f26","https://assets.vipa.nexbetter.com/files/3/e1/3f/e13f2aba-129c-4e0e-9326-95aaecec5db8","no_data","2025-04-08T10:34:44.00Z","2025-07-24T12:47:32.00Z","1","9"
"10438","Super แม้น ยอดคนธรรมดา","https://vipa.me/th/watch/superman","https://assets.vipa.nexbetter.com/pictures/3/7b/95/7b95eb5b-f800-476c-9f35-0436f45f4a4e","series","Super แม้น ยอดคนธรรมดา","Drama","people|entertainment","super แม้น|ซุปเปอร์ แม้น|แม้น|ความดี|ช่วยเหลือสังคม|ศุภศิษฏ์ จงชีวีวัฒน์|ภาลฎา ฐิตะวชิระ|ฑันท์ชิย์ บำรุงกิจ","2021","THA","5","4","2","sign-language|closed-caption|audio-description","true","https://assets.vipa.nexbetter.com/pictures/3/7b/95/7b95eb5b-f800-476c-9f35-0436f45f4a4e","https://assets.vipa.nexbetter.com/pictures/3/7b/95/7b95eb5b-f800-476c-9f35-0436f45f4a4e","https://assets.vipa.nexbetter.com/files/3/a6/76/a676681e-d35d-477d-8f04-c510c9095e97","Suppasit Jongcheveevat|Parada Thitawachira|Tanshi Bumrungkit","2025-04-08T10:35:07.00Z","2025-07-26T10:29:11.00Z","1","2"
"10463","A Day In The Wild (Big Sign)","https://vipa.me/th/watch/adayinthewild-bigsign","https://assets.vipa.nexbetter.com/files/3/2a/04/2a04b938-925b-480e-b6f7-4ef6b3fcb322","series","A Day In The Wild (Big Sign)","Documentary","nature-environment|pets-animals|Nature/Environmental","a day in the wild|สารคดี|ธรรมชาติ|สัตว์|ป่าไม้|สัตว์ป่า|ต้นไม้|นก|ฝน|ป่า|นา|ระบบนิเวศ|สิ่งมีชีวิต|ฤดูกาล|sign language|ภาษามือ|big sign","2023","no_data","5","5","1","sign-language","true","https://assets.vipa.nexbetter.com/files/3/2a/04/2a04b938-925b-480e-b6f7-4ef6b3fcb322","https://assets.vipa.nexbetter.com/files/3/2a/04/2a04b938-925b-480e-b6f7-4ef6b3fcb322","https://assets.vipa.nexbetter.com/files/3/c9/f1/c9f1b5f6-e8a9-4b58-838f-3733868f434e","no_data","2025-04-08T10:35:54.00Z","2025-07-24T08:34:21.00Z","3","15"
"10482","ลิเก ๑๐๐ ล้าน (วิว) (Big Sign)","https://vipa.me/th/watch/likayhundredmillionviews-bigsign","https://assets.vipa.nexbetter.com/files/3/11/e9/11e9a2f1-86ca-48d4-83e0-67a90bf3d910","series","ลิเก ๑๐๐ ล้าน (วิว) (Big Sign)","Drama","Social Drama","นีโน่ สุดที่รัก|ลิเกร้อยล้านวิว|ลิเก ๑๐๐ ล้าน(วิว)|ลิเก|drama for all|คณะลิเก|แป้ง มิตรชัย|เสนาลิง|อุล ภาคภูมิ|ศรันฉัตร์ สมบูรณ์|ภาษามือ|ภาคภูมิ จงมั่นวัฒนา","2021","THA","5","4","2","sign-language|closed-caption","true","https://assets.vipa.nexbetter.com/files/3/11/e9/11e9a2f1-86ca-48d4-83e0-67a90bf3d910","https://assets.vipa.nexbetter.com/files/3/11/e9/11e9a2f1-86ca-48d4-83e0-67a90bf3d910","https://assets.vipa.nexbetter.com/files/3/8f/3a/8f3aae14-5660-4e89-8080-a2624b43f1a4","Prakpoom Jongmunwattana|ศรันฉัตร์ สมบูรณ์|กฤษฎิ์สพล สุทธิหิรัญดำรงค์","2025-04-08T10:36:31.00Z","2025-07-24T08:25:46.00Z","1","2"
"10486","ฤดูกาลแห่งรัก","https://vipa.me/th/watch/seasonsoflove","https://assets.vipa.nexbetter.com/pictures/3/2d/69/2d690a5f-0766-473c-9941-f78074dff65e","series","ฤดูกาลแห่งรัก","Drama","culture|people|Social Drama","นักเรียน|ครอบครัว|อริศรา วงษ์ชาลี|ฤดูผลิ|วริษฐา วชิรวงศ์|season|ฤดูฝน|ผิดพลาด|พ่อแม่|ละครไทยพีบีเอส|ทศพล หมายสุข|ดราม่า|วิทยา เจตะภัย|ตรีวรัตถ์ ชุติวัฒน์ขจรชัย|นีรนุช ปัทมสูต|ละคร|seasons of love|ฤดูกาล|บทเรียน|ฤดูหนาว|ธนายง ว่องตระกูล|อธิศาพัฒน์ วงศ์เงินยวง|โฟกัส จีระกุล|วัยเรียน|สุเมธ องอาจ|สังคมไทย|ความสัมพันธ์|ศิรชัช เจียรถาวร|ณัฐณเดชน์ ธรรมพันธ|นักศึกษา|รัก|บุศย์สิริ รัตนไพศาลสุข|สะท้อนสังคม|ปัทมวรรณ เค้ามูลคดี|ฤดูร้อน|ไทยพีบีเอส|thai pbs|ชีวิต|สังคม|ณัฐชา เจกะ|วัยรุ่น|วัยใส|ฤดูกาลแห่งรัก","2018","THA","5","3","4","closed-caption|audio-description","true","https://assets.vipa.nexbetter.com/pictures/3/2d/69/2d690a5f-0766-473c-9941-f78074dff65e","https://assets.vipa.nexbetter.com/pictures/3/2d/69/2d690a5f-0766-473c-9941-f78074dff65e","https://assets.vipa.nexbetter.com/pictures/3/04/dd/04ddd786-181a-42c5-8dcf-eacfb2191cc3","no_data","2025-04-08T10:36:38.00Z","2025-07-24T09:17:14.00Z","1","4"
"10492","ซีรีส์วิถีคน","https://vipa.me/th/watch/seriespeople","https://assets.vipa.nexbetter.com/files/3/90/d0/90d0e6fa-bb57-4008-8867-32cde3e1bfdb","series","ซีรีส์วิถีคน","Documentary","culture|people|Cultural","ซีรีส์วิถีคน|สารคดี|สารคดีไทย|สารคดีไทยพีบีเอส|documentary|ผู้คน|ชุมชน|ชีวิต|ประจำวัน|หมู่บ้าน|ชาวบ้าน|ซีรีส์|สังคม|พื้นบ้าน|ท้องถิ่น|วัฒนธรรม|วิถีชีวิต|พื้นเมือง|วิถีคน","2019","THA","1","4","2","closed-caption|audio-description","true","https://assets.vipa.nexbetter.com/files/3/3f/75/3f754b2c-cd00-4c50-9455-fc62156c07aa","https://assets.vipa.nexbetter.com/files/3/90/d0/90d0e6fa-bb57-4008-8867-32cde3e1bfdb","https://assets.vipa.nexbetter.com/files/3/07/ec/07ec2162-0eac-4e93-b65d-cbd0312b74e0","no_data","2025-04-08T10:36:51.00Z","2025-07-24T12:44:00.00Z","3","67"
"10548","It's ok to be 30 สามสิบกำลังดี","https://vipa.me/th/watch/itsoktobe","https://assets.vipa.nexbetter.com/files/3/e6/91/e6912ec9-3458-4df9-841a-318749d6d47f","series","It's ok to be 30 สามสิบกำลังดี","Drama","entertainment|people|Social Drama","it's ok to be 30 สามสิบกำลังดี|it's ok to be 30|สามสิบกำลังดี|ชีวิต|สังคม|วัย 30|อายุ 30|ปัญหา|หลงทาง|ความสัมพันธ์|ความรัก|การงาน|การเงิน|เพื่อน|มิตรภาพ|ฐาณิดาภัทฐ์ ติณสุทธินานนท์|มายด์ ฐาณิดาภัทฐ์|เปี่ยมชล ดำรงสุนทรชัย|ต้นน้ำ เปี่ยมชล|ปาลิน นารดาสิริ|ฝุ้น ปาลิน|ธนัชพร อุตสาหจิต|เบสท์ ธนัชพร|ศิวัช และเพื่อน|ต๊ะ ศิวัช|ศิวัช ศิริชัย|ธนบัตร งามกมลชัย|บอส ธนบัตร|dearis doll|เดียริส ดอลล์|เดียร์ สุภัทรภณ|สุภัทรภณ กสิกรรม|พิจิกา จิตตะปุตตะ|ลูกหว้า พิจิกา|ดวงใจ หิรัญศรี|เพียว ดวงใจ|อวิกา เปรมศิริไพศาล|น้ำขิง อวิกา|สาธิดา ศรีพรหมมา|ซินเซียร์ สาธิดา","2023","THA","5","0","0","closed-caption|audio-description","true","https://assets.vipa.nexbetter.com/files/3/e6/91/e6912ec9-3458-4df9-841a-318749d6d47f","https://assets.vipa.nexbetter.com/files/3/e6/91/e6912ec9-3458-4df9-841a-318749d6d47f","https://assets.vipa.nexbetter.com/files/3/3f/4f/3f4f2e20-fe20-4611-a918-207f286c8cc5","Thanidaphat Tinsutthinanon|Piamchon Damrongsunthornchai|Palin Naradasiri|Suppattarapon Kasikam|Thanabat Ngamkamolchai","2025-04-08T10:38:49.00Z","2026-02-18T03:24:00.00Z","1","12"
"10570","บันทึกการแข่งขัน Thai PBS Youth Sepak Takraw Men Series 2024","https://vipa.me/th/watch/1814865829837052727","https://assets.vipa.nexbetter.com/files/3/3d/4a/3d4aff62-fb6a-4a2d-ad11-98764c3117fe","series","บันทึกการแข่งขัน Thai PBS Youth Sepak Takraw Men Series 2024","variety-lifestyle","sports|people","กีฬา|sport|เซปักตะกร้อ|เยาวชน|บันทึกการแข่งขัน|thai pbs|sepak takraw|รุ่นอายุไม่เกิน 17 ปี|ตะกร้อ|แข่งขัน|2024|men|ชาย|youth sepak takraw men series 2024","2024","THA","5","0","0","no_data","true","https://assets.vipa.nexbetter.com/files/3/3d/4a/3d4aff62-fb6a-4a2d-ad11-98764c3117fe","https://assets.vipa.nexbetter.com/files/3/3d/4a/3d4aff62-fb6a-4a2d-ad11-98764c3117fe","https://assets.vipa.nexbetter.com/files/3/3d/4a/3d4aff62-fb6a-4a2d-ad11-98764c3117fe","no_data","2025-04-08T10:39:34.00Z","2025-05-30T04:32:22.00Z","2","16"
"10589","ใกล้ตาอาเซียน","https://vipa.me/th/watch/atouchofasean","https://assets.vipa.nexbetter.com/files/3/7f/83/7f830513-546e-4e74-ae81-ec51d529a877","series","ใกล้ตาอาเซียน","Documentary","Social/Political|Cultural","ใกล้ตาอาเซียน|วัฒนธรรมและสังคม|วัฒนธรรม|กระทรวงวัฒนธรรม|ไทยพีบีเอส|สารคดี|เมียนมา|myanmar","2014","THA","5","5","1","no_data","true","https://assets.vipa.nexbetter.com/files/3/7f/83/7f830513-546e-4e74-ae81-ec51d529a877","https://assets.vipa.nexbetter.com/files/3/7f/83/7f830513-546e-4e74-ae81-ec51d529a877","https://assets.vipa.nexbetter.com/files/3/6e/c1/6ec1e129-5d70-4319-a2cd-6865b32e2335","no_data","2025-04-08T10:40:12.00Z","2025-05-26T10:24:16.00Z","1","4"
"10595","ศิลป์สโมสร","https://vipa.me/th/watch/artclub","https://assets.vipa.nexbetter.com/files/3/ab/28/ab28307b-e528-491d-9ef4-939c57816a63","series","ศิลป์สโมสร","Education","Lecture-Based|Online Courses","ศิลป์สโมสร|ศิลปวัฒนธรรม|ภาพยนตร์|ศิลปะ|เพลง|เมียนมา","2013","THA","5","0","0","no_data","true","https://assets.vipa.nexbetter.com/files/3/ab/28/ab28307b-e528-491d-9ef4-939c57816a63","https://assets.vipa.nexbetter.com/files/3/ab/28/ab28307b-e528-491d-9ef4-939c57816a63","https://assets.vipa.nexbetter.com/files/3/ab/28/ab28307b-e528-491d-9ef4-939c57816a63","no_data","2025-04-08T10:40:24.00Z","2025-05-26T10:19:58.00Z","1","2"
"10599","วิชาภายใน","https://vipa.me/th/watch/vichapainai","https://assets.vipa.nexbetter.com/pictures/3/1c/07/1c075a8e-9834-41d4-9555-29f4584bca26","series","วิชาภายใน","Variety & LifeStyle","Cultural Programs","วิชาภายใน|พุทธศาสนา|ศาสนา|พุทธ|ธรรมะ|ธรรม|ความเชื่อ|ศรัทธา|สุขภาพ|สุขภาพจิต","2020","THA","5","0","0","no_data","true","https://assets.vipa.nexbetter.com/pictures/3/1c/07/1c075a8e-9834-41d4-9555-29f4584bca26","https://assets.vipa.nexbetter.com/pictures/3/1c/07/1c075a8e-9834-41d4-9555-29f4584bca26","https://assets.vipa.nexbetter.com/files/3/aa/82/aa82fdc3-04b4-4a22-8ec0-a03b53f4b678","no_data","2025-04-08T10:40:32.00Z","2025-06-27T08:18:08.00Z","1","13"
"10614","Tales from Journey to the West ผจญภัยไปกับไซอิ๋ว","https://vipa.me/th/watch/1793941802473952048","https://assets.vipa.nexbetter.com/files/3/a8/42/a8428f31-ac77-471c-96ac-6754d7a7083c","series","Tales from Journey to the West ผจญภัยไปกับไซอิ๋ว","kids-family","entertainment|kids","สารคดี|documentary|best documentary|best doc|tales from journey to the west|ผจญภัยไปกับไซอิ๋ว|ผจญภัย|ไซอิ๋ว|การ์ตูน|cartoon|animation|แอนิเมชัน|อนิเมชั่น|อนิเมชัน|แอนิเมชั่น|พระถั๋ง|ตือโป้ยก่าย|เด็ก|เยาวชน|ครอบครัว|มิตรภาพ|ความรัก|ลิง|ตำนาน|การเดินทาง","2016","no_data","5","0","0","soundtrack","true","https://assets.vipa.nexbetter.com/files/3/a8/42/a8428f31-ac77-471c-96ac-6754d7a7083c","https://assets.vipa.nexbetter.com/files/3/a8/42/a8428f31-ac77-471c-96ac-6754d7a7083c","https://assets.vipa.nexbetter.com/files/3/a8/42/a8428f31-ac77-471c-96ac-6754d7a7083c","no_data","2025-04-08T10:41:03.00Z","2025-05-30T04:23:48.00Z","1","52"
"10668","เดอะไดอารี่ บันทึกประวัติศาสตร์ชาติไทยกับสถาบันพระมหากษัตริย์","https://vipa.me/th/watch/thediary","https://assets.vipa.nexbetter.com/files/3/67/4f/674ffc26-7572-48f8-b626-6c93d556ed6a","series","เดอะไดอารี่ บันทึกประวัติศาสตร์ชาติไทยกับสถาบันพระมหากษัตริย์","Kids & Family","Historical|Animation","เดอะไดอารี่|บันทึกประวัติศาสตร์ชาติไทยกับสถาบันพระมหากษัตริย์|the diary|สถาบันพระมหากษัตริย์|ประวัติศาสตร์|ไทย|ชาติไทย","2021","THA","1","5","1","sign-language|closed-caption","true","https://assets.vipa.nexbetter.com/files/3/67/4f/674ffc26-7572-48f8-b626-6c93d556ed6a","https://assets.vipa.nexbetter.com/files/3/67/4f/674ffc26-7572-48f8-b626-6c93d556ed6a","https://assets.vipa.nexbetter.com/files/3/e6/91/e6916a79-ec85-4808-bb7f-e11117b400c4","no_data","2025-04-08T10:42:58.00Z","2025-06-23T09:27:45.00Z","1","68"
"10738","นายดาวเศร้า กับ สาวดาวศุกร์","https://vipa.me/th/watch/daosoa","https://assets.vipa.nexbetter.com/pictures/3/6b/86/6b86b8c6-43f1-466e-938e-fd85d9ef7767","series","นายดาวเศร้า กับ สาวดาวศุกร์","Drama","Medical Drama","นายดาวเศร้า กับ สาวดาวศุกร์|นายดาวเศร้า|สาวดาวศุกร์|โรคไบโพลาร์|โรคซึมเศร้า|ไบโพลาร์|ซึมเศร้า|สุขภาพ|สุขภาพจิต","2020","THA","5","5","1","no_data","true","https://assets.vipa.nexbetter.com/pictures/3/6b/86/6b86b8c6-43f1-466e-938e-fd85d9ef7767","https://assets.vipa.nexbetter.com/pictures/3/6b/86/6b86b8c6-43f1-466e-938e-fd85d9ef7767","https://assets.vipa.nexbetter.com/files/3/97/6d/976da8d5-246f-4fff-82b8-b86786da0d7b","no_data","2025-04-08T10:45:26.00Z","2025-07-26T10:37:08.00Z","1","10"
"10750","Beating Again ขยับหัวใจมาใส่จังหวะ (Big Sign)","https://vipa.me/th/watch/beatingagain-bigsign","https://assets.vipa.nexbetter.com/pictures/3/6f/8e/6f8e2883-0742-4b4d-8cd9-472098499ffd","series","Beating Again ขยับหัวใจมาใส่จังหวะ (Big Sign)","Drama","entertainment|people|Family Drama","sign language|ภาษามือ|big sign|beating again|ขยับหัวใจมาใส่จังหวะ|โอ อนุชิต|อนุชิต สพันธุ์พงษ์|กั้ง กรณ์|กรณ์ ศิริสรณ์|กั้ง the star|โซฟี อัปสรสิริ|อัปสรสิริ อินทรคูสิน|ก้าวหน้า กิตติภัทร|กิตติภัทร แก้วเจริญ|เอิร์ธ กัษมนณัฎฐ์|เอิร์ธ cooheart|cooheart|กัษมนณัฎฐ์ นามวิโรจน์|ต๊งเหน่ง รัดเกล้า|รัดเกล้า อามระดิษ|รัดเกล้า|เฟิร์ส วริทธิ์|วริทธิ์ เกษมณี|อาย กัลยวรรธน์|กัลยวรรธน์ สินรัตนภักดีกุล|เต้น|ความฝัน|นักเต้น|ความสัมพันธ์|มิตรภาพ|เพื่อน|ทีม|แดนซ์","2024","THA","5","5","1","sign-language|closed-caption|audio-description","true","https://assets.vipa.nexbetter.com/pictures/3/6f/8e/6f8e2883-0742-4b4d-8cd9-472098499ffd","https://assets.vipa.nexbetter.com/pictures/3/6f/8e/6f8e2883-0742-4b4d-8cd9-472098499ffd","https://assets.vipa.nexbetter.com/pictures/3/ac/c7/acc7c293-5c3b-458a-aa65-c11021193720","Anuchit Sapunpohng|Korn Sirisorn|Marguerite Indracusin|Kittipat Kaewcharoen|Rudklao Amratisha","2025-04-08T10:45:52.00Z","2026-05-06T04:36:43.00Z","1","4"
"10756","สีสันมหรสพ","https://vipa.me/th/watch/seesanmahorasob","https://assets.vipa.nexbetter.com/pictures/3/5a/cc/5acc9e9a-28fc-4354-947a-37dcf0f0d40d","series","สีสันมหรสพ","Documentary","culture|people|Social/Political","สีสันมหรสพ|ศิลปะ|วัฒนธรรม|ดนตรี|ศิลปะการแสดงลิเก|ดนตรีพื้นบ้านภาคใต้|หุ่นหมอลำกระติ๊บข้าว|มหรสพหุ่นเงาภาคอีสาน|อารยธรรมแดนใต้|ไทย|มหรสพ|แคนข้ามโขง","2021","THA","5","0","0","no_data","true","https://assets.vipa.nexbetter.com/pictures/3/5a/cc/5acc9e9a-28fc-4354-947a-37dcf0f0d40d","https://assets.vipa.nexbetter.com/pictures/3/5a/cc/5acc9e9a-28fc-4354-947a-37dcf0f0d40d","https://assets.vipa.nexbetter.com/files/3/b5/26/b526e0e0-d911-4f97-bae4-7f4dd8a525b0","no_data","2025-04-08T10:46:04.00Z","2025-07-24T16:08:09.00Z","1","13"
"10771","ลูกเหล็ก เด็กชอบยก (Big Sign)","https://vipa.me/th/watch/cleanandjerk-bigsign","https://assets.vipa.nexbetter.com/files/3/bf/0c/bf0ca535-809b-4368-9f22-884247fc6446","series","ลูกเหล็ก เด็กชอบยก (Big Sign)","Drama","Teen Drama","ยกน้ำหนัก|bnk48|ลูกเหล็ก|อรbnk|ละคร|พลวิชญ์ เกตุประภากร|ลูกเหล็ก เด็กชอบยก big sign|ลูกเหล็ก เด็กชอบยก|ปอนด์ พลวิชญ์|อร bnk48|ละครลูกเหล็ก เด็กชอบยก|กีฬา|ภาษามือ|big sign|อรอุ๋ง","no_data","THA","5","4","1","sign-language","true","https://assets.vipa.nexbetter.com/files/3/bf/0c/bf0ca535-809b-4368-9f22-884247fc6446","https://assets.vipa.nexbetter.com/files/3/bf/0c/bf0ca535-809b-4368-9f22-884247fc6446","https://assets.vipa.nexbetter.com/files/3/fe/93/fe930513-6416-433f-88ed-ad06ab629a40","Patchanan Jiajirachote|Ponlawit Ketprapakorn|Manipa Roopanya|Rachaya Tupkunanon|Nutchapon Rattanamongkol","2025-04-08T10:46:35.00Z","2025-07-24T08:26:42.00Z","1","13"
"10786","บันทึกการแข่งขัน Takraw Super Match by Thai PBS 2024","https://vipa.me/th/watch/1793308392094109086","https://assets.vipa.nexbetter.com/files/3/cc/26/cc267e98-d795-4f23-ac30-dd3c788b79ab","series","บันทึกการแข่งขัน Takraw Super Match by Thai PBS 2024","variety-lifestyle","sports|people","super match|2024|ตะกร้อ|สนามเซปักตะกร้อ|นักกีฬา|ตะกร้อชายเดี่ยว|นักตะกร้อ|takraw super match|ซุปเปอร์แมท|takraw|ตะกร้อเดี่ยว|กำแพงเพชร|เมือง|sport|บันทึกการแข่งขัน|กีฬา|ในเมือง|ตัวต่อตัว|ไทยพีบีเอส|thai pbs|one man show|ริมปิง|sports","2024","THA","5","1","1","no_data","true","https://assets.vipa.nexbetter.com/files/3/cc/26/cc267e98-d795-4f23-ac30-dd3c788b79ab","https://assets.vipa.nexbetter.com/files/3/cc/26/cc267e98-d795-4f23-ac30-dd3c788b79ab","https://assets.vipa.nexbetter.com/files/3/cc/26/cc267e98-d795-4f23-ac30-dd3c788b79ab","no_data","2025-04-08T10:47:06.00Z","2025-05-30T04:23:10.00Z","4","16"
"10807","จากเจ้าพระยาสู่อิรวดี","https://vipa.me/th/watch/irrawaddy","https://assets.vipa.nexbetter.com/pictures/3/e8/4a/e84a4575-215e-49a0-be71-61eba9edf350","series","จากเจ้าพระยาสู่อิรวดี","Drama","Historical Drama|Melodrama|Social Drama","โยเดีย|เพ็ญพักตร์ ศิริกุล|อยุธยา|นีน ตเว ยู ออง|จากเจ้า|ดวงใจ หิรัญศรี|พม่า|ประวัติศาสตร์|จากเจ้าพระยาสู่อิรวดี|จากเจ้าพระยา|ธนเวทย์ สิริวัฒน์ธนกุล|จิรายุ ตันตระกูล|ย้อนอดีต|เมียนมา|นัฐรุจี วิศวนารถ|4k","2021","THA","5","5","13","4k|closed-caption|audio-description","true","https://assets.vipa.nexbetter.com/pictures/3/e8/4a/e84a4575-215e-49a0-be71-61eba9edf350","https://assets.vipa.nexbetter.com/pictures/3/e8/4a/e84a4575-215e-49a0-be71-61eba9edf350","https://assets.vipa.nexbetter.com/pictures/3/1d/b6/1db66b38-40c7-4889-8aec-2e950171ba94","Nutrugee Wisawanart|Daung ဒေါင်|Jirayu Tantrakul|Hnin Thway Yu Aung Thway Yu Aung","2025-04-08T10:47:46.00Z","2026-05-29T03:26:28.00Z","3","15"
"10826","Wild Survival","https://vipa.me/th/watch/wildsurvival","https://assets.vipa.nexbetter.com/pictures/3/0c/af/0caf126c-81b5-424e-bbb4-92c3c404f4d0","series","Wild Survival","Documentary","nature-environment|people|Nature/Environmental","การเดินทาง|เอาตัวรอด|สารคดีไทย|ป่า|สารคดีไทยพีบีเอส|ป่าไม้|เรียนรู้|wild|สารคดี|ชีวิตรอด|ผจญภัย|ธรรมชาติ|ภาคิณ|สัตว์ป่า|เอาชีวิตรอด|เดินทาง|สัตว์|wild survival|ภาคิณ สุขขี|thai pbs|ชีวิต|สังคม|เหตุการณ์|survival","2024","THA","5","4","2","closed-caption|audio-description","true","https://assets.vipa.nexbetter.com/pictures/3/0c/af/0caf126c-81b5-424e-bbb4-92c3c404f4d0","https://assets.vipa.nexbetter.com/pictures/3/0c/af/0caf126c-81b5-424e-bbb4-92c3c404f4d0","https://assets.vipa.nexbetter.com/pictures/3/82/a9/82a9d4bc-876d-4e63-a863-130c195da239","Pakin Sukkee|Ting Sue","2025-04-08T10:48:23.00Z","2025-10-07T08:37:53.00Z","4","45"
"10848","ครอบครัวตัวละคร","https://vipa.me/th/watch/familytheater","https://assets.vipa.nexbetter.com/files/3/65/2c/652cf43d-5f33-4cb4-8531-54964728870e","series","ครอบครัวตัวละคร","Drama","Sitcom","ครอบครัวตัวละคร|โรงละคร|ครอบครัว|ละคร|พี่น้อง|พ่อลูก|ซิตคอม|ซิทคอม","2014","THA","1","0","0","no_data","true","https://assets.vipa.nexbetter.com/files/3/65/2c/652cf43d-5f33-4cb4-8531-54964728870e","https://assets.vipa.nexbetter.com/files/3/65/2c/652cf43d-5f33-4cb4-8531-54964728870e","https://assets.vipa.nexbetter.com/files/3/07/29/07293af3-9d75-4425-9aa9-746551e2cb26","no_data","2025-04-08T10:49:09.00Z","2025-07-24T09:18:17.00Z","1","13"
"10863","Song of Fame เพลงคู่สยาม","https://vipa.me/th/watch/songoffame","https://assets.vipa.nexbetter.com/files/3/ac/09/ac09be61-ca22-4be7-9f82-b7192d63d2e8","series","Song of Fame เพลงคู่สยาม","Variety & LifeStyle","arts|entertainment|Celebrity & Entertainment News","song of fame|เพลงคู่สยาม|เพลง|บทเพลง|ร้องเพลง|นักร้อง|ศิลปิน|รายการเพลง|ตำนาน|สยาม|ชรัส เฟื่องอารมย์|pink panther|พิ้งค์แพนเตอร์|royal sprites|รอยัลสไปรท์ส|แจ้ ดนุพล|ดนุพล แก้วกาญจน์|ตฤณ เรืองกิจรัตนกุล|ดีเจโก|โก ตฤณ|4k","2024","THA","1","0","0","4k","false","https://assets.vipa.nexbetter.com/files/3/ac/09/ac09be61-ca22-4be7-9f82-b7192d63d2e8","https://assets.vipa.nexbetter.com/files/3/ac/09/ac09be61-ca22-4be7-9f82-b7192d63d2e8","https://assets.vipa.nexbetter.com/files/3/24/fa/24fac7c1-7c63-4bd9-8240-f0221cc1862e","no_data","2025-04-08T10:49:40.00Z","2025-07-25T04:52:04.00Z","2","26"
"10892","เป็นหนึ่งเดียวกับโลกธรรมชาติ","https://vipa.me/th/watch/mindfulearth","https://assets.vipa.nexbetter.com/files/3/af/17/af17507e-5102-40d6-973e-d7ef6172a5ed","series","เป็นหนึ่งเดียวกับโลกธรรมชาติ","Documentary","nature-environment|pets-animals","สารคดี|documentary|best documentary|best doc|mindful earth|เป็นหนึ่งเดียวกับโลกธรรมชาติ|ธรรมชาติ|สัตว์|สัตว์โลก|สัตว์ป่า|สัตว์ทะเล|ทะเล|ธรรมชาติวิทย|bbc|ท่องโลกกว้าง|headspace|bbc studios","2021","THA","2","0","0","soundtrack","true","https://assets.vipa.nexbetter.com/files/3/0b/2c/0b2c6b6c-99c3-47a1-bc06-c9397c58d972","https://assets.vipa.nexbetter.com/files/3/af/17/af17507e-5102-40d6-973e-d7ef6172a5ed","https://assets.vipa.nexbetter.com/files/3/0b/2c/0b2c6b6c-99c3-47a1-bc06-c9397c58d972","no_data","2025-04-08T10:50:40.00Z","2026-07-13T08:47:21.00Z","1","4"
"10898","อาชญากล คน 5G (Big Sign)","https://vipa.me/th/watch/kongfiveg-bigsign","https://assets.vipa.nexbetter.com/files/3/fb/1e/fb1e6261-6c92-4a2e-a523-2e05065a64d5","series","อาชญากล คน 5G (Big Sign)","Drama","Social Drama|Crime Drama|Legal Drama","เบน ชลาทิศ ตันติวุฒิ|โกง|อาชญากรรม|เชน อัฒรุต คงราศรี|อาชญากล คน 5g|ปอนด์ พลวิชญ์ เกตุประภากร|เบสท์ ณัฐสิทธิ์ โกฏิมนัสวนิชย์|อาชญากล|drama for all|มิจฉาชีพ|หลอกลวง|ภาษามือ|ปันปัน สุทัตตา อุดมศิลป์|ต้มตุ๋น","2021","THA","5","4","1","sign-language|closed-caption","true","https://assets.vipa.nexbetter.com/files/3/fb/1e/fb1e6261-6c92-4a2e-a523-2e05065a64d5","https://assets.vipa.nexbetter.com/files/3/fb/1e/fb1e6261-6c92-4a2e-a523-2e05065a64d5","https://assets.vipa.nexbetter.com/files/3/b3/5f/b35fc7e6-4f4c-4c7e-bc71-7c0b9d709883","Ponlawit Ketprapakorn|Sutatta Udomsilp|Nathasit Kotimanuswanich|Chalatit Tantiwut|Attharut Kongrasri","2025-04-08T10:50:52.00Z","2025-07-24T08:26:06.00Z","1","2"
"10902","วิทยานิพนธ์สุดโต่ง","https://vipa.me/th/watch/thesiswar","https://assets.vipa.nexbetter.com/pictures/3/e2/67/e2673c43-a3ce-4f8e-b63d-93057478347c","series","วิทยานิพนธ์สุดโต่ง","Variety & LifeStyle","Celebrity & Entertainment News|Hobbies & Crafts","วิทยานิพนธ์สุดโต่ง|วิทยานิพนธ์|สมมติฐาน|ทดลอง|ท๊อป ณภัทร|ณภัทร โชคจินดาชัย|ท็อปแท็ป|วิทยานิพนธ์|วิทยาศาสตร์","2020","THA","1","0","0","no_data","true","https://assets.vipa.nexbetter.com/pictures/3/e2/67/e2673c43-a3ce-4f8e-b63d-93057478347c","https://assets.vipa.nexbetter.com/pictures/3/e2/67/e2673c43-a3ce-4f8e-b63d-93057478347c","https://assets.vipa.nexbetter.com/files/3/f1/25/f12557d6-14bd-4e8b-b6f8-8a37c0a5d6ce","no_data","2025-04-08T10:51:00.00Z","2025-06-23T07:41:53.00Z","1","13"
"10917","TEA BOX ชายชรากับหมาบ้า","https://vipa.me/th/watch/teabox","https://assets.vipa.nexbetter.com/files/3/d1/b0/d1b0a5c8-a7a3-44b3-bb09-3bdee36c2a0a","series","TEA BOX ชายชรากับหมาบ้า","Drama","drama|people|Melodrama","ครอบครัว|นิรุตติ์ ศิริจรรยา|หนิง นิรุตติ|ผู้สูงอายุ|ละคร|มิตรภาพ|ผู้สูงวัย|tea box ชายชรากับหมาบ้า|คุณค่าของชีวิต|เพื่อนบ้าน|ความสัมพันธ์|จี๋ สุทธิรักษ์|สุทธิรักษ์ ทรัพย์วิจิตร","2020","THA","5","5","2","sign-language|closed-caption|audio-description","true","https://assets.vipa.nexbetter.com/files/3/d1/b0/d1b0a5c8-a7a3-44b3-bb09-3bdee36c2a0a","https://assets.vipa.nexbetter.com/files/3/d1/b0/d1b0a5c8-a7a3-44b3-bb09-3bdee36c2a0a","https://assets.vipa.nexbetter.com/files/3/20/f0/20f09aa0-551c-4d85-96e9-7b884a38b436","Nirut Sirijanya|Sutthirak Subvijitra","2025-04-08T10:51:32.00Z","2025-07-24T08:49:08.00Z","1","4"
"10923","Navigator","https://vipa.me/th/watch/navigator","https://assets.vipa.nexbetter.com/files/3/db/a9/dba94521-7a1b-496c-8bde-a39a1478f0fb","series","Navigator","Food & Travel","nature-environment|people|Travel Documentaries|Adventure Travel|Cultural Travel|Solo Travel","navigator|เนวิเกเตอร์|พี่ติ๊ก|เจษฎาภรณ์ ผลดี|ติ๊ก เจษฎาภรณ์|ธรรมชาติ|สารคดี|สารคดีไทยพีบีเอส|สารคดีไทย|ป่า|ป่าไม้|ชีวิต|สิ่งมีชีวิต|สิ่งแวดล้อม|วิถีชีวิต|ชุมชน|proxie|นักแสดง|ท่องเที่ยว|เดินทาง|ผจญภัย|อาชีพ","2025","THA","5","5","3","sign-language","true","https://assets.vipa.nexbetter.com/files/3/68/6b/686b28ce-2e67-4684-8253-c26e31485e94","https://assets.vipa.nexbetter.com/files/3/db/a9/dba94521-7a1b-496c-8bde-a39a1478f0fb","https://assets.vipa.nexbetter.com/files/3/d9/b8/d9b87aba-f6e0-488f-99f1-6890d473683b","Jesdaporn Pholdee","2025-04-08T10:51:43.00Z","2025-08-21T08:00:45.00Z","2","24"
"10937","ปลายจวัก","https://vipa.me/th/watch/plaijawak","https://assets.vipa.nexbetter.com/files/3/42/b5/42b5f7f4-4121-4742-8d6f-16e3cd7e6c69","series","ปลายจวัก","Drama","Historical Drama","ปลายจวัก4k|ตำรับไทย|รัชกาลที่ 5|ระดับ 4k|วีระชัย ขวัญอำไพพันธุ์|ปลายจวัก|ละคร|ละครปลายจวัก4k|ประวัติศาสตร์|วิถีชีวิต|ละครปลายจวัก|4k|อาหารไทย|วัฒนธรรม|เศรษฐพงศ์ เพียงพอ|นิศาชล สิ่วไธสง|ความคมชัด|ธนันต์ธรญ์ นีระสิงห์|เต๋า เศรษฐพงศ์|ฟาง ธนันต์ธรญ์","2019","THA","5","4","8","sign-language|4k|closed-caption|audio-description","true","https://assets.vipa.nexbetter.com/files/3/42/b5/42b5f7f4-4121-4742-8d6f-16e3cd7e6c69","https://assets.vipa.nexbetter.com/files/3/42/b5/42b5f7f4-4121-4742-8d6f-16e3cd7e6c69","https://assets.vipa.nexbetter.com/files/3/ac/2c/ac2c1e30-c3e1-4644-ae30-b8fccf9c4736","Dhanantorn Neerasingh|Sattaphong Phiangphor|Nisachol Siwthaisong|Hemmawich Kwanamphaiphan","2025-04-08T10:52:12.00Z","2026-06-18T10:41:43.00Z","2","26"
"10966","แสงไฟที่ไม่เคยดับ ”สืบ นาคะเสถียร”","https://vipa.me/th/watch/seab","https://assets.vipa.nexbetter.com/files/3/fe/5c/fe5ca439-0963-4608-afe0-e1156eb237a2","series","แสงไฟที่ไม่เคยดับ ”สืบ นาคะเสถียร”","Documentary","biography|people|Biographical|Historical|Nature/Environmental|Social/Political","สืบ นาคะเสถียร|สารคดี|สารคดีไทย|สารคดีไทยพีบีเอส|thai pbs|อนุรักษ์|สิ่งแวดล้อม|ธรรมชาติ|ต้นไม้|ป่าไม้|แรงบันดาลใจ|รักษา|ป่า|สัตว์ป่า|ปลูก|แสงไฟที่ไม่เคยดับ|แสงไฟ|สืบ","2022","THA","5","5","1","closed-caption|sign-language|audio-description","true","https://assets.vipa.nexbetter.com/files/3/da/3a/da3afe3d-e8fd-4bff-bb7c-48379438db4f","https://assets.vipa.nexbetter.com/files/3/fe/5c/fe5ca439-0963-4608-afe0-e1156eb237a2","https://assets.vipa.nexbetter.com/files/3/38/cd/38cd490b-e56e-4066-ac68-031b9bd13bd9","no_data","2025-04-08T10:53:20.00Z","2025-09-11T10:36:05.00Z","1","3"
"10971","Sightseeing เที่ยวนอกทาง","https://vipa.me/th/watch/sightseeing","https://assets.vipa.nexbetter.com/pictures/3/de/d7/ded7adc3-ac23-4900-943e-f99e4a2cb775","series","Sightseeing เที่ยวนอกทาง","Variety & LifeStyle","Travel Shows","sightseeing  เที่ยวนอกทาง|sightseeing|เที่ยวนอกทาง|ท่องเที่ยว","2021","THA","5","0","0","no_data","true","https://assets.vipa.nexbetter.com/pictures/3/de/d7/ded7adc3-ac23-4900-943e-f99e4a2cb775","https://assets.vipa.nexbetter.com/pictures/3/de/d7/ded7adc3-ac23-4900-943e-f99e4a2cb775","https://assets.vipa.nexbetter.com/files/3/e2/57/e257f3f7-0b98-466a-9c85-46005c4d4183","no_data","2025-04-08T10:53:29.00Z","2025-06-23T07:55:36.00Z","1","20"
"10993","ภัยพิบัติทางธรรมชาติ (Big Sign)","https://vipa.me/th/watch/disasterbigsign","https://assets.vipa.nexbetter.com/pictures/3/f8/08/f808331d-cf0d-48d5-880b-3f4d0a7f1bac","series","ภัยพิบัติทางธรรมชาติ (Big Sign)","Kids & Family","kids|nature-environment|Educational","ภัยพิบัติทางธรรมชาติ|ภัยพิบัติ|ธรรมชาติ|การ์ตูน|2d|cartoon|animation|อนิเมชั่น|อนิเมชัน|แอนิเมชั่น|แอนิเมชัน|dltv|เพื่อน|เรียนรู้|มิตรภาพ|ความสัมพันธ์|ภัย|พิบัติ|sign language|ภาษามือ|big sign","2024","no_data","5","5","1","sign-language|closed-caption","true","https://assets.vipa.nexbetter.com/pictures/3/f8/08/f808331d-cf0d-48d5-880b-3f4d0a7f1bac","https://assets.vipa.nexbetter.com/pictures/3/f8/08/f808331d-cf0d-48d5-880b-3f4d0a7f1bac","https://assets.vipa.nexbetter.com/pictures/3/2f/dc/2fdccec0-63ed-4644-91e5-5839bc49837f","no_data","2025-04-08T10:54:18.00Z","2026-05-07T11:13:03.00Z","2","39"
"11035","มหัศจรรย์ธรรมชาติ (Big Sign)","https://vipa.me/th/watch/biodiversityinthailandbigsign","https://assets.vipa.nexbetter.com/files/3/9f/e5/9fe5564a-bee6-494e-ad15-2f699d36484f","series","มหัศจรรย์ธรรมชาติ (Big Sign)","Documentary","nature-environment|pets-animals|Nature/Environmental","biodiversity|thailand|biodiversity in thailand|มหัศจรรย์ธรรมชาติ|สารคดี|สารคดีไทย|สารคดีไทยพีบีเอส|tha pbs|ความหลากหลาย|ธรรมชาติ|สิ่งมีชีวิต|สัตว์|สัตว์ป่า|ขีวิต|ชีวภาพ|ภาพยนตร์|sign language|ภาษามือ|big sign","2024","no_data","5","0","0","sign-language","true","https://assets.vipa.nexbetter.com/files/3/9f/e5/9fe5564a-bee6-494e-ad15-2f699d36484f","https://assets.vipa.nexbetter.com/files/3/9f/e5/9fe5564a-bee6-494e-ad15-2f699d36484f","https://assets.vipa.nexbetter.com/files/3/ea/2a/ea2a61ab-c11d-48f7-9116-b8e5c420da82","no_data","2025-04-08T10:55:45.00Z","2026-05-06T04:32:22.00Z","1","3"
"11040","บุษบาลุยไฟ (Big Sign)","https://vipa.me/th/watch/budsabaluifire-bigsign","https://assets.vipa.nexbetter.com/files/3/fc/f0/fcf02e10-f3d2-422d-849d-452381d7a7db","series","บุษบาลุยไฟ (Big Sign)","Drama","history|culture|Historical Drama","ละคร|บุษบาลุยไฟ|บุษบา|ลุยไฟ|เฌอปราง อารีย์กุล|เฌอปราง bnk48|โทนี่ รากแก่น|ณัฏฐ์ เทพหัสดิน|ณัฏฐ์ เทพหัสดิน ณ อยุธยา|ฟาริดา วัลเลอร์|ณัฐพิมล นาฏยลักษณ์|ริด้า ฟาริด้า|ธีร์ อริยฤทธิ์วิกุล|น็อต ธีร์|น็อต อัครณัฐ|เต๋า สมชาย|สมชาย เข็มกลัด|ภัทรสุดา อนุมานราชธน|บัว ภัทรสุดา|พิจิกา จิตตะปุตตะ|ลูกหว้า พิจิกา|ภัทร นัตธนนท์|นัตธนนท์ ปิ่นโรจน์กีรติ|แพรว หัสสยา|หัสสยา อิสริยะ|พิม พิมพ์พรรณ|พิมพ์พรรณ ชลายนคุปต์|ลัทธ์กมล ปิ่นโรจน์กีรติ|พิม ลัทธ์กมล|จักรกฤต โยมพยอม|ครูทอม|มาชิดา สุทธิกุลพานิช|มากิ มาชิดา|กิก ดนัย|ดนัย จารุจินดา|พรเลิศ พิพัฒน์รุ่งเรือง|เอ็กซ์ พรเลิศ|เลอวิทย์ สังข์สิทธิ์|บิ๊ก ศรุต|ศรุต วิจิตรานนท์|สุนทรภู่|ลำจวน|ฮุน|ประวัติศาสตร์|สตรี|ผู้หญิง|สิทธิ|พระบาทสมเด็จพระนั่งเกล้าเจ้าอยู่หัว|ร.3|รัชกาลที่ 3|ความรัก|ความฝัน|เรียนหนังสือ|การศึกษา|ท้าทายขนบ|อี๊ด สุประวัติ|สุประวัติ ปัทมสูต|sign language|ภาษามือ|big sign","2023","THA","5","4","2","sign-language|closed-caption","true","https://assets.vipa.nexbetter.com/files/3/fc/f0/fcf02e10-f3d2-422d-849d-452381d7a7db","https://assets.vipa.nexbetter.com/files/3/fc/f0/fcf02e10-f3d2-422d-849d-452381d7a7db","https://assets.vipa.nexbetter.com/files/3/42/86/4286d567-c5f3-4071-88ec-2f38ffba6401","Cherprang Areekul|Toni Rakkaen|Nut Devahastin Na Ayutthaya|Somchai Khemklad","2025-04-08T10:55:55.00Z","2026-02-27T11:01:05.00Z","1","25"
"11067","Royal Celebration ”Madama Butterfly”","https://vipa.me/th/watch/madamabutterfly","https://assets.vipa.nexbetter.com/files/3/b5/9b/b59b810c-3473-4d1f-be0d-aeb2a85be409","series","Royal Celebration ”Madama Butterfly”","Variety & LifeStyle","entertainment|arts|Celebrity & Entertainment News","royal celebration|royal|madama butterfly|madama|butterfly|การแสดง|อุปรากร|เฉลิมพระเกียรติ|พระบาทสมเด็จพระเจ้าอยู่หัว|ในหลวง|เฉลิมพระชนมพรรษา","2024","THA","5","0","0","no_data","true","https://assets.vipa.nexbetter.com/files/3/b5/9b/b59b810c-3473-4d1f-be0d-aeb2a85be409","https://assets.vipa.nexbetter.com/files/3/b5/9b/b59b810c-3473-4d1f-be0d-aeb2a85be409","https://assets.vipa.nexbetter.com/files/3/99/28/9928e34f-ae14-4428-a4ed-3f5cab69e49d","no_data","2025-04-08T10:56:52.00Z","2026-03-09T07:44:05.00Z","1","2"
"11079","ชีวิตออกวิ่ง (Big Sign)","https://vipa.me/th/watch/runnerjourney-bigsign","https://assets.vipa.nexbetter.com/files/3/07/3c/073cde02-4036-476d-a219-e76de1b674e7","series","ชีวิตออกวิ่ง (Big Sign)","Variety & LifeStyle","Hobbies & Crafts","ความหมายชีวิต|ออกกำลังกาย|วิ่ง|ชีวิตออกวิ่ง big sign|การใช้ชีวิต|ชีวิตออกวิ่ง|นักวิ่ง|กีฬา|ภาษามือ|big sign","no_data","THA","5","0","0","sign-language","true","https://assets.vipa.nexbetter.com/files/3/07/3c/073cde02-4036-476d-a219-e76de1b674e7","https://assets.vipa.nexbetter.com/files/3/07/3c/073cde02-4036-476d-a219-e76de1b674e7","https://assets.vipa.nexbetter.com/files/3/e8/fe/e8fe19d0-804c-4f0d-837b-3295c2d5ae9d","no_data","2025-04-08T10:57:14.00Z","2025-07-24T08:41:51.00Z","1","13"
"11094","สอนศิลป์","https://vipa.me/th/watch/sornsilp","https://assets.vipa.nexbetter.com/files/3/7a/ba/7abadd7b-93f1-47f0-84f3-62b44c17876e","series","สอนศิลป์","Education","Workshop","ภาณุพล ธีรานพ|โจ ภาณุพล|สอนศิลป์|ศิลปะ|สร้างสรรค์|จินตนาการ|ประดิษฐ์|เด็ก|เด็กและครอบครัว","2021","THA","1","0","0","no_data","true","https://assets.vipa.nexbetter.com/files/3/7a/ba/7abadd7b-93f1-47f0-84f3-62b44c17876e","https://assets.vipa.nexbetter.com/files/3/7a/ba/7abadd7b-93f1-47f0-84f3-62b44c17876e","https://assets.vipa.nexbetter.com/files/3/7f/26/7f26e8e4-a495-495c-bde6-c84bc2b19283","no_data","2025-04-08T10:57:45.00Z","2025-05-26T02:15:27.00Z","1","26"
"11122","Mind Traveller ชีพจรไพร","https://vipa.me/th/watch/mindtraveller","https://assets.vipa.nexbetter.com/pictures/3/08/de/08de7b0a-cd66-40c6-b5e1-5c48f2205670","series","Mind Traveller ชีพจรไพร","Documentary","pets-animals|nature-environment|Nature/Environmental","การเดินทาง|สารคดีไทยพีบีเอส|หม่อมเชน|สารคดี|ผจญภัย|ปริญญากร  วรวรรณ|ธรรมชาติ|mind traveller|สัตว์ป่า|สัตว์|มนุษย์|ชีพจรไพร|ไทยพีบีเอส|สิ่งแวดล้อม|ป่า|4k","2024","THA","1","5","1","4k|closed-caption","true","https://assets.vipa.nexbetter.com/pictures/3/08/de/08de7b0a-cd66-40c6-b5e1-5c48f2205670","https://assets.vipa.nexbetter.com/pictures/3/08/de/08de7b0a-cd66-40c6-b5e1-5c48f2205670","https://assets.vipa.nexbetter.com/files/3/03/73/03731487-3a1b-46cc-8c9c-e3428883d0fb","no_data","2025-04-08T10:58:45.00Z","2025-08-07T04:31:05.00Z","4","22"
"11149","ซีรีส์วิถีคน (Big Sign)","https://vipa.me/th/watch/seriespeople-bigsign","https://assets.vipa.nexbetter.com/files/3/bd/58/bd584de1-7204-42c1-998f-cb1985de5ef5","series","ซีรีส์วิถีคน (Big Sign)","Documentary","culture|people|Cultural","sign language|ภาษามือ|big sign|ซีรีส์วิถีคน|สารคดี|สารคดีไทย|สารคดีไทยพีบีเอส|documentary|ผู้คน|ชุมชน|ชีวิต|ประจำวัน|หมู่บ้าน|ชาวบ้าน|ซีรีส์|สังคม|พื้นบ้าน|ท้องถิ่น|วัฒนธรรม|วิถีชีวิต|พื้นเมือง|วิถีคน","2019","THA","5","5","1","sign-language|closed-caption","true","https://assets.vipa.nexbetter.com/files/3/bd/58/bd584de1-7204-42c1-998f-cb1985de5ef5","https://assets.vipa.nexbetter.com/files/3/bd/58/bd584de1-7204-42c1-998f-cb1985de5ef5","https://assets.vipa.nexbetter.com/files/3/cf/e7/cfe7f924-039c-446f-a273-92e903370f6e","no_data","2025-04-08T10:59:38.00Z","2025-07-24T08:35:13.00Z","1","27"
"11178","เปเป้เป็ดน้อย","https://vipa.me/th/watch/pepepednoi","https://assets.vipa.nexbetter.com/files/3/2a/97/2a9776a6-4fde-403c-94f4-d13a8abc2928","series","เปเป้เป็ดน้อย","Kids & Family","kids|family|Animation","เปเป้เป็ดน้อย|อนิเมชั่น|ครอบครัว|หัวเราะ|family|animation|เยาวชน|เป็ด|อนิเมชัน|มิตรภาพ|kids|เป็ดน้อย|cartoon|เด็ก|การ์ตูน|เพื่อน","2024","THA","1","5","2","no_data","true","https://assets.vipa.nexbetter.com/files/3/2a/97/2a9776a6-4fde-403c-94f4-d13a8abc2928","https://assets.vipa.nexbetter.com/files/3/2a/97/2a9776a6-4fde-403c-94f4-d13a8abc2928","https://assets.vipa.nexbetter.com/files/3/7d/4d/7d4d88e1-9740-4ac0-8e03-6b05302af36d","no_data","2025-04-08T11:00:39.00Z","2025-05-26T07:38:29.00Z","1","26"
"11206","ถนน คน ชีวิต A Life On The Road","https://vipa.me/th/watch/alifeontheroad","https://assets.vipa.nexbetter.com/pictures/3/64/7b/647b7707-5a1f-4ff9-9b1f-bfc94ea511c3","series","ถนน คน ชีวิต A Life On The Road","Variety & LifeStyle","people|inspiration|Travel Shows","ถนนคนชีวิต|a life on the road|ท่องเที่ยว|ต่างประเทศ|วิถีชีวิต|สารคดี|รัฐวรรณ กิจรังษีวิบูลย์","2020","THA","5","4","1","closed-caption","true","https://assets.vipa.nexbetter.com/pictures/3/64/7b/647b7707-5a1f-4ff9-9b1f-bfc94ea511c3","https://assets.vipa.nexbetter.com/pictures/3/64/7b/647b7707-5a1f-4ff9-9b1f-bfc94ea511c3","https://assets.vipa.nexbetter.com/files/3/83/74/83745569-ea0f-4dfc-8bcd-3ec97f0b8e5f","no_data","2025-04-08T11:01:38.00Z","2025-07-24T16:50:10.00Z","6","87"
"11300","คน จน เมือง","https://vipa.me/th/watch/urbanpoordoc","https://assets.vipa.nexbetter.com/pictures/3/40/81/4081b39a-a7ac-4ced-8f90-8d8d3d02aa27","series","คน จน เมือง","Documentary","culture|people|Social/Political","คนจนเมือง|สารคดี|คน จน เมือง|คนจน|ความจน|ความเหลื่อมล้ำ|นักสู้|ชีวิต|สังคม|สังคมไทย|วิถีชีวิต|ดิ้นรน|ต่อสู้|หาเช้ากินค่ำ|อาชีพ|สวัสดิการของรัฐ|สวัสดิการ|มนุษย์|ความไม่เท่าเทียม","2025","THA","5","5","7","closed-caption|sign-language|audio-description","true","https://assets.vipa.nexbetter.com/pictures/3/40/81/4081b39a-a7ac-4ced-8f90-8d8d3d02aa27","https://assets.vipa.nexbetter.com/pictures/3/40/81/4081b39a-a7ac-4ced-8f90-8d8d3d02aa27","https://assets.vipa.nexbetter.com/pictures/3/72/bf/72bfb35c-634a-4c24-b95b-5e130f5aeaf4","no_data","2025-04-08T11:04:58.00Z","2026-05-29T03:25:55.00Z","6","32"
"11333","Junk Mail จดหมายที่ไม่ถูกเปิด (Big Sign)","https://vipa.me/th/watch/junkmail-bigsign","https://assets.vipa.nexbetter.com/files/3/b3/3b/b33b4880-502b-4a40-b7c6-a8194daa36c3","series","Junk Mail จดหมายที่ไม่ถูกเปิด (Big Sign)","Drama","people|entertainment|Social Drama","ความเหลื่อมล้ำ|แปลน รัฐวิทย์|ศิริพล ศิรินินาทกุล|junkmail จดหมายที่ไม่ถูกเปิด|เยาวชน|จดหมายที่ไม่ถูกเปิด|รายการออนไลน์|junk mail|รัฐวิทย์ กิจวรลักษณ์|กุ๊กไก่ ภาวดี|สะท้อนสังคม|ภาวดี คุ้มโชคไพศาล|พล ศิริพล|สังคม|เพื่อสังคม|junkmail|รายการ","2022","THA","5","0","0","sign-language|closed-caption","true","https://assets.vipa.nexbetter.com/files/3/b3/3b/b33b4880-502b-4a40-b7c6-a8194daa36c3","https://assets.vipa.nexbetter.com/files/3/b3/3b/b33b4880-502b-4a40-b7c6-a8194daa36c3","https://assets.vipa.nexbetter.com/files/3/13/b4/13b4a504-b1a2-404e-b0ae-25a22fe8ba70","Siripon Sirininatthakul|Rathavit Kijworalak|Pavadee Komchokpaisan","2025-04-08T11:06:02.00Z","2025-07-24T08:29:41.00Z","1","20"
"11355","Sweet Sensory เรื่องรัก หลากรส (Big Sign)","https://vipa.me/th/watch/sweetsensory-bigsign","https://assets.vipa.nexbetter.com/files/3/45/4b/454bde38-3fb6-4501-9540-9d9e3dbbc080","series","Sweet Sensory เรื่องรัก หลากรส (Big Sign)","Drama","entertainment|people|Social Drama|Social Drama","พีค ภีมพล|นักเรียน|พลอย ภัชธร|ความรัก|ผู้พิการทางการมองเห็น|ตาบอด|คนพิการ|โรงเรียนสอนทำอาหาร|เรื่องรัก หลากรส|นฤภรกมล ฉายแสง|รสชาติ|sweet sensory|ผู้พิการ|ภีมพล พาณิชย์ธำรง|กานต์พิชชา พัฒนศักดิ์|จี๋ สุทธิรักษ์|โรส กานต์พิชชา|ครัว|เชฟ|อาหาร|พ่อครัว|แพรว นฤภรกมล|สุทธิรักษ์ ทรัพย์วิจิตร|กนกลดา สีหะเสน|โสภณ ทับกลอง|ครู|ทำอาหาร|ผู้พิการทางสายตา|ภัชธร ธนวัฒน์|sign language|ภาษามือ|big sign|นัทธวัชร์ แก้วบัวสาย|เค้ก นัทธวัชร์|ซัน รังสิ|รังสิ สานกิ่งทอง|ตั้ว ประดิษฐ|ประดิษฐ ประสาททอง|แม่กลอง|สมุทรสงคราม","2024","THA","1","4","1","sign-language|closed-caption","true","https://assets.vipa.nexbetter.com/files/3/45/4b/454bde38-3fb6-4501-9540-9d9e3dbbc080","https://assets.vipa.nexbetter.com/files/3/45/4b/454bde38-3fb6-4501-9540-9d9e3dbbc080","https://assets.vipa.nexbetter.com/files/3/bd/c2/bdc25551-62f6-437e-865f-baa146908bad","Phatchatorn Thanawat|Sutthirak Subvijitra|Nattavat Kaewbuasai|Rungsi Sarnkingthong|Pradit Prasartthong","2025-04-08T11:06:48.00Z","2025-07-24T08:24:42.00Z","2","16"
"11374","นักสืบสายรุ้ง","https://vipa.me/th/watch/rainbowkids","https://assets.vipa.nexbetter.com/pictures/3/82/6b/826b18ba-9490-4dc1-a544-318a40bf372b","series","นักสืบสายรุ้ง","Kids & Family","kids|family","น้ำหวาน พิมรา|นักเรียน|ครอบครัว|โรงเรียน|พิมรา เจริญภักดี|ความไม่เท่าเทียม|นักสืบ|เยาวชน|นักสืบสายรุ้ง|เรียน|เรียนรู้|ความเท่าเทียม|ละคร|เด็ก|ครูฟ้า|เรียนหนังสือ|ละครเด็ก|ครู|คุณครู|เท่าเทียม|เด็กและครอบครัว","2022","THA","1","0","0","no_data","true","https://assets.vipa.nexbetter.com/pictures/3/82/6b/826b18ba-9490-4dc1-a544-318a40bf372b","https://assets.vipa.nexbetter.com/pictures/3/82/6b/826b18ba-9490-4dc1-a544-318a40bf372b","https://assets.vipa.nexbetter.com/pictures/3/d7/7c/d77c9bb8-4fa4-433a-a94a-17bdadce2cc9","no_data","2025-04-08T11:07:27.00Z","2025-07-24T09:46:12.00Z","1","5"
"11385","หนังพาไป ซีซัน 4","https://vipa.me/th/watch/moviepapai4","https://assets.vipa.nexbetter.com/pictures/3/43/e4/43e4940a-993b-42da-8d95-4e630663134a","series","หนังพาไป ซีซัน 4","Food & Travel","Travel Shows|Travel Documentaries|Adventure Travel|Travel Guides","หนังพาไป|หนังพาไป ซีซั่น 4|ซีซัน 4|บอลยอด|ทายาท เดชเสถียร|พิศาล แสงจันทร์|ยอด พิศาล|บอล ทายาท|เดินทาง|การเดินทาง|ผจญภัย|ท่องเที่ยว|เที่ยว|ต่างประเทศ|ภาษา|วัฒนธรรม","2018","THA","5","4","1","sign-language","true","https://assets.vipa.nexbetter.com/pictures/3/43/e4/43e4940a-993b-42da-8d95-4e630663134a","https://assets.vipa.nexbetter.com/pictures/3/43/e4/43e4940a-993b-42da-8d95-4e630663134a","https://assets.vipa.nexbetter.com/files/3/d6/1d/d61d9a40-a576-4019-a96c-57bfb89effb6","Taryart Datsathean|Phisan Sangjan","2025-04-08T11:07:48.00Z","2026-05-18T08:59:08.00Z","1","26"
"11413","Spirit of Asia","https://vipa.me/th/watch/spiritofasia","https://assets.vipa.nexbetter.com/pictures/3/32/c0/32c098a2-32a9-484d-96fa-c8b4333b1742","series","Spirit of Asia","Documentary","documentary|travel|Historical|Nature/Environmental|Social/Political|Cultural","spirit of asia|spirit of asia|spirit|asia|ท่องเที่ยว|สารคดี|เอเขีย|คน|ผู้คน|คนเอเชีย|วิถีชีวิต|สถานที่|ประเพณี|วัฒนธรรม|มรดก|ต่างประเทศ|สารคดีไทย|เดินทาง|ผจญภัย|จิตวิญญาณ|วิญญาณ|ความเชื่อ|ศรัทธา","2017","THA","5","5","1","soundtrack","true","https://assets.vipa.nexbetter.com/pictures/3/32/c0/32c098a2-32a9-484d-96fa-c8b4333b1742","https://assets.vipa.nexbetter.com/pictures/3/32/c0/32c098a2-32a9-484d-96fa-c8b4333b1742","https://assets.vipa.nexbetter.com/files/3/f7/9e/f79e39f7-87aa-46fc-982c-24084e3e2a54","no_data","2025-04-08T11:08:51.00Z","2025-10-15T09:40:48.00Z","2","55"
"11445","เรื่องบ้านบ้าน","https://vipa.me/th/watch/househomestory","https://assets.vipa.nexbetter.com/pictures/3/29/78/2978fa3f-32a7-441b-88e4-a643df8c1266","series","เรื่องบ้านบ้าน","Food & Travel","culture|people|Travel Documentaries|Adventure Travel|Cultural Travel","เรื่องบ้านบ้าน|บอล ทายาท|ทายาท เดชเสถียร|ไหนพาปัง|หนังพาไป|ยอด พิศาล|พิศาล แสงจันทร์|บ้าน|รายการ|สารคดี|เดินทาง|ผจญภัย|ต่างประเทศ|สถาปัตยกรรม|เมือง|สำรวจ","2025","THA","5","4","9","sign-language|closed-caption|audio-description","true","https://assets.vipa.nexbetter.com/pictures/3/29/78/2978fa3f-32a7-441b-88e4-a643df8c1266","https://assets.vipa.nexbetter.com/pictures/3/29/78/2978fa3f-32a7-441b-88e4-a643df8c1266","https://assets.vipa.nexbetter.com/files/3/8d/48/8d48928b-46e9-4da5-ad59-4b31e04c1b75","Taryart Datsathean|Phisan Sangjan","2025-04-08T11:09:58.00Z","2026-04-30T11:26:34.00Z","1","5"
"11452","ฝันให้สุด Dream Teen","https://vipa.me/th/watch/dreamteen","https://assets.vipa.nexbetter.com/pictures/3/54/13/5413bc4a-763b-48b4-b652-02fadd42bd46","series","ฝันให้สุด Dream Teen","Drama","Teen Drama","พีค ภีมพล|ละครฝันให้สุด|นักเรียน|dream teen 4k|ละครdream teen|โรงเรียน|ระดับ 4k|ระบบการเรียนการสอน|ญานนีน ภารวี ไวเกล|การศึกษา|ละคร|พีค|ฝันให้สุด 4k|พลอยชมพู|จินตนัดดา อัตถวิบูลย์|ภีมพล พาณิชย์ธำรง|นิธิดล ป้อมสุวรรณ|สถาบันอาชีวะ|อาชีวะไทย|การเรียน|4k|นักเรียนอาชีวะ|อาชีวะ|สถาบัน|ความคมชัด|วัยรุ่น","2018","THA","5","0","0","sign-language|4k|closed-caption|audio-description","true","https://assets.vipa.nexbetter.com/pictures/3/54/13/5413bc4a-763b-48b4-b652-02fadd42bd46","https://assets.vipa.nexbetter.com/pictures/3/54/13/5413bc4a-763b-48b4-b652-02fadd42bd46","https://assets.vipa.nexbetter.com/files/3/d8/cf/d8cf9606-8412-4dc1-8bb5-ae4e0708e21c","Peemapol Panichtamrong|Jannine Weigel|Nitidon Pomsuwan|Jintanadda Attawibool","2025-04-08T11:10:12.00Z","2025-07-24T09:16:06.00Z","1","16"
"11470","The Rhythm Of Life จังหวะชีวิต...ลิขิตฝัน","https://vipa.me/th/watch/therhythmoflife","https://assets.vipa.nexbetter.com/pictures/3/ad/0f/ad0f0bc9-ac17-4d21-8aaa-bb3b62b4971a","series","The Rhythm Of Life จังหวะชีวิต...ลิขิตฝัน","Drama","people|inspiration|Teen Drama","the rhythm of life|จังหวะชีวิตลิขิตฝัน|ต้นหน ตันติเวชกุล|ภีมพล พาณิชย์ธำรง|พิมรภัส ผดุงวัฒนะโชค|ความฝัน|วัยรุ่น|ตน ต้นหน|พีค ภีมพล|โมบายล์|mobile bnk48|ธนัชญา ตรีสิริเกษม|วิธวัฒน์ สิงห์ลำพอง|ชุติมา ทีปะนาถ|แดน พฤกษ์พยุง|ยุวทิพย์ อาระยานิมิตสกุล|วงโยธวาทิต|โรงเรียน|ดนตรี","2022","THA","5","5","1","sign-language|closed-caption|audio-description","true","https://assets.vipa.nexbetter.com/pictures/3/ad/0f/ad0f0bc9-ac17-4d21-8aaa-bb3b62b4971a","https://assets.vipa.nexbetter.com/pictures/3/ad/0f/ad0f0bc9-ac17-4d21-8aaa-bb3b62b4971a","https://assets.vipa.nexbetter.com/pictures/3/9f/38/9f38bca2-d294-426c-9df7-9ed9361c600a","Tonhon Tantivejakul|Peemapol Panichtamrong|Pimrapat Phadungwatanachok|Thanutchaya  Treesirikasem","2025-04-08T11:10:49.00Z","2025-07-24T08:41:18.00Z","1","16"
"11488","นางฟ้าไร้นาม","https://vipa.me/th/watch/namelessangel","https://assets.vipa.nexbetter.com/files/3/c6/7b/c67b89ed-703a-4ea0-a7dc-503a7568c388","series","นางฟ้าไร้นาม","Drama","biography|people|Historical Drama|Melodrama|Social Drama","ละคร|นางฟ้าไร้นาม|นิศาชล สิ่วไธสง|เนสท์ นิศาชล|แปลน รัฐวิทย์|รัฐวิทย์ กิจวรลักษณ์|ณัฏฐ์ เทพหัสดิน ณ อยุธยา|สืบ บุญส่ง|บุญส่ง นาคภู่|พีค ภีมพล|ภีมพล พาณิชย์ธำรง|ต๊อป ณพล|ณพล พรมสุวรรณ|หมอ|แพทย์|แพทย์หญิง|กามโรค|แพทย์สตรี|รักษา|โสเภณี|ซ่อง|แม่พระ|ผู้หญิง|การต่อสู้|บทพิสูจน์|มหาวิทยาลัยปารีส|ปารีส|คุณเพียร เวชบุล|ดร.คุณเพียร เวชบุล|หมอเพียร|ฝรั่งเศส|บางขุนพรหม|บ้านสีฟ้า|ซิฟิลิซ|ร้อยโทนิกร|โกเหลียง|สว่าง|สังคม|ย้อนยุค|พีเรียด|พีระยานุเคราะห์|พีระยานุเคราะห์มูลนิธิ|บ้านเกร็ดตระการ|สะท้อนสังคม|ปัญหาสังคม|ชีวิต|ดราม่า","2023","THA","5","5","1","sign-language|closed-caption|audio-description","true","https://assets.vipa.nexbetter.com/files/3/c6/7b/c67b89ed-703a-4ea0-a7dc-503a7568c388","https://assets.vipa.nexbetter.com/files/3/c6/7b/c67b89ed-703a-4ea0-a7dc-503a7568c388","https://assets.vipa.nexbetter.com/files/3/d2/29/d2290831-2c44-433e-8edb-dba2503c9f25","Nisachol Siwthaisong|Rathavit Kijworalak|Nut Devahastin Na Ayutthaya|Naphon Phromsuwan|Peemapol Panichtamrong","2025-04-08T11:11:26.00Z","2026-05-21T07:06:11.00Z","2","9"
"11500","ยินดีที่ได้รู้จัก UNCUT (Big Sign)","https://vipa.me/th/watch/nicetomeetyou-bigsign","https://assets.vipa.nexbetter.com/pictures/3/13/66/1366ba8d-5d04-4a99-9855-62b598f2a9dc","series","ยินดีที่ได้รู้จัก UNCUT (Big Sign)","Variety & LifeStyle","Talk Shows|Hobbies & Crafts","ภาษามือ","no_data","THA","5","4","6","sign-language","true","https://assets.vipa.nexbetter.com/pictures/3/13/66/1366ba8d-5d04-4a99-9855-62b598f2a9dc","https://assets.vipa.nexbetter.com/pictures/3/13/66/1366ba8d-5d04-4a99-9855-62b598f2a9dc","https://assets.vipa.nexbetter.com/files/3/11/d9/11d91c57-5f60-43af-8580-7e1d4b7f451c","Suvikrom Amaranand","2025-04-08T11:11:49.00Z","2026-05-06T06:50:39.00Z","3","37"
"11515","โนราภูมิปัญญาแห่งแผ่นดิน","https://vipa.me/th/watch/nora","https://assets.vipa.nexbetter.com/pictures/3/75/0c/750c3190-e515-465a-835c-2a7629f1212e","series","โนราภูมิปัญญาแห่งแผ่นดิน","documentary","people|culture","โนราภูมิปัญญาแห่งแผ่นดิน|โนรา|ภูมิปัญญาแห่งแผ่นดิน|ภูมิปัญญา|ศิลปะ|วัฒนธรรม|การแสดง|บันเทิง|ภาคใต้|โนราโรงครู|พิธีกรรม|บูชาค|ความเชื่อ|วัดพระบรมธาตุเจดีย์เขียนบางแก้ว|เขาชัยสน|พัทลุง|เวียงกลางบางแก้ว|ท้องถิ่น","2023","THA","1","4","2","audio-description","true","https://assets.vipa.nexbetter.com/pictures/3/75/0c/750c3190-e515-465a-835c-2a7629f1212e","https://assets.vipa.nexbetter.com/pictures/3/75/0c/750c3190-e515-465a-835c-2a7629f1212e","https://assets.vipa.nexbetter.com/files/3/84/40/8440bab3-e590-41ec-872f-87ab344a3bfe","no_data","2025-04-08T11:12:21.00Z","2025-07-24T12:29:03.00Z","2","3"
"11521","สภาวะสุญญากาศ","https://vipa.me/th/watch/jobless","https://assets.vipa.nexbetter.com/files/3/db/05/db05d92c-9e3d-43b3-bc76-72af64acfe90","series","สภาวะสุญญากาศ","Documentary","documentary|people|Social/Political","สภาวะสุญญากาศ|อาชีพ|เทคโนโลยี|สังคม|เศรษฐกิจ|งาน|อนาคต|สารคดี","2018","THA","5","5","1","no_data","true","https://assets.vipa.nexbetter.com/files/3/d1/6a/d16a73fd-5d11-495c-a95b-8d62dcfc8584","https://assets.vipa.nexbetter.com/files/3/db/05/db05d92c-9e3d-43b3-bc76-72af64acfe90","https://assets.vipa.nexbetter.com/files/3/1c/65/1c65185d-5579-4a1e-a887-da40ea885567","no_data","2025-04-08T11:12:30.00Z","2025-07-24T16:08:23.00Z","1","4"
"11527","ตะลุยไม่รู้โรย","https://vipa.me/th/watch/lui","https://assets.vipa.nexbetter.com/pictures/3/7a/77/7a7789cc-31f8-416c-bb03-bb5af37b38cc","series","ตะลุยไม่รู้โรย","Variety & LifeStyle","Travel Shows","ตลุยไม่รู้โรย|ตะลุย|ตะลุยไม่รู้โรย|ผู้สูงวัย|ผู้สูงอายุ|ท่องเที่ยว|สถานที่ท่องเที่ยว|เดินทาง|การเดินทาง|ผจญภัย|เกษียณ|เที่ยว|ชีวิต","2020","THA","5","0","0","no_data","true","https://assets.vipa.nexbetter.com/pictures/3/7a/77/7a7789cc-31f8-416c-bb03-bb5af37b38cc","https://assets.vipa.nexbetter.com/pictures/3/7a/77/7a7789cc-31f8-416c-bb03-bb5af37b38cc","https://assets.vipa.nexbetter.com/files/3/0e/f7/0ef7b69d-19cb-43d2-a389-0db975ca9665","no_data","2025-04-08T11:12:42.00Z","2025-07-25T05:27:59.00Z","1","10"
"11539","สัตว์อัจฉริยะระดับไอน์สไตน์","https://vipa.me/th/watch/animaleinsteins","https://assets.vipa.nexbetter.com/files/3/68/47/6847fe93-2ab3-4bfe-aee0-9b932353107e","series","สัตว์อัจฉริยะระดับไอน์สไตน์","Documentary","nature-environment|pets-animals|Nature/Environmental","bbc|ป่า|ท่องโลกกว้าง|ป่าไม้|สารคดี|documentary|ธรรมชาติ|animal einsteins|best documentary|สัตว์ป่า|ไอน์สไตน์|การเอาตัวรอด|chris packham|สัตว์|einsteins|สัตว์อัจฉริยะระดับไอน์สไตน์|ปรับตัว|best doc|animal|ชีวิต|สิ่งแวดล้อม","2021","USA","1","0","0","soundtrack","true","https://assets.vipa.nexbetter.com/files/3/7d/22/7d229e65-d11d-4779-ac3a-338f8a13d38c","https://assets.vipa.nexbetter.com/files/3/68/47/6847fe93-2ab3-4bfe-aee0-9b932353107e","https://assets.vipa.nexbetter.com/files/3/ea/da/eada5302-92c6-4345-820e-325354826ec7","no_data","2025-04-08T11:13:07.00Z","2025-07-25T05:27:42.00Z","1","6"
"11547","ภาคภูมิไทย","https://vipa.me/th/watch/prideofthailand","https://assets.vipa.nexbetter.com/pictures/3/80/bf/80bff5c5-f462-4122-b2eb-b8811eb663f3","series","ภาคภูมิไทย","Food & Travel","people|food|Cultural|Food Documentaries|Food and Culture|Food Travel Shows","สารคดีไทย|สารคดี|ไทย|วิถีความเป็นอยู่|เอกลักษณ์ความเป็นไทย|ความเป็นไทย|ภูมิปัญญา|วิถีชีวิต|ภาคภูมิไทย|การกิน|อาหาร|4k|อาหารไทย|วัฒนธรรม|สังคม|ภาคภูมิ|thai pbs|ไทยพีบีเอส|ทำอาหาร","2026","THA","5","4","4","sign-language|4k|audio-description","true","https://assets.vipa.nexbetter.com/pictures/3/80/bf/80bff5c5-f462-4122-b2eb-b8811eb663f3","https://assets.vipa.nexbetter.com/pictures/3/80/bf/80bff5c5-f462-4122-b2eb-b8811eb663f3","https://assets.vipa.nexbetter.com/pictures/3/a8/19/a8198193-7618-4d55-a369-e9a4106e4082","no_data","2025-04-08T11:13:22.00Z","2026-07-21T07:23:49.00Z","3","12"
"11560","เรื่องเล่ารัตนโกสินทร์","https://vipa.me/th/watch/rattanakosin","https://assets.vipa.nexbetter.com/pictures/3/ea/ec/eaec918f-4562-499d-8359-9922bff130dc","series","เรื่องเล่ารัตนโกสินทร์","Documentary","Documentary|Historical|Social/Political|Cultural","เรื่องเล่ารัตนโกสินทร์|รัตนโกสินทร์|สารคดี|ประวัติศาสตร์|ความเป็นไทย|วัฒนธรรม|อดีต","2018","THA","1","4","4","no_data","true","https://assets.vipa.nexbetter.com/pictures/3/ea/ec/eaec918f-4562-499d-8359-9922bff130dc","https://assets.vipa.nexbetter.com/pictures/3/ea/ec/eaec918f-4562-499d-8359-9922bff130dc","https://assets.vipa.nexbetter.com/files/3/b0/b7/b0b74599-4240-45c6-9806-3ded094b2286","no_data","2025-04-08T11:13:47.00Z","2025-07-24T16:07:15.00Z","1","7"
"11569","สาบควายลายคน","https://vipa.me/th/watch/sabkwailaikon","https://assets.vipa.nexbetter.com/files/3/8f/bc/8fbc0c67-09bc-48f5-8ed0-913d2e07e916","series","สาบควายลายคน","Drama","Social Drama","สาบควายลายคน|ละคร|ละครไทย|ละครไทยพีบีเอส|ไทยพีบีเอส|thai pbs|ชาวไทย|สังคม|ชาวนา|ชุมชน|ชาวบ้าน|ความเป็นไทย|ท้องนา|คันนา|เกษตรกร|เกษตรกรรม|ควาย|กระบือ","2015","THA","5","0","0","no_data","true","https://assets.vipa.nexbetter.com/files/3/8f/bc/8fbc0c67-09bc-48f5-8ed0-913d2e07e916","https://assets.vipa.nexbetter.com/files/3/8f/bc/8fbc0c67-09bc-48f5-8ed0-913d2e07e916","https://assets.vipa.nexbetter.com/files/3/5e/69/5e694f42-6cea-4189-a0f3-b949ffb4b42f","no_data","2025-04-08T11:14:05.00Z","2025-07-24T09:18:21.00Z","1","12"
"11583","วิสเปอร์...หนูน้อยมหัศจรรย์","https://vipa.me/th/watch/wissper","https://assets.vipa.nexbetter.com/pictures/3/ed/b0/edb019e8-ed22-435b-a98d-0da726d24663","series","วิสเปอร์...หนูน้อยมหัศจรรย์","Kids & Family","kids|family","สารคดี|documentary|best documentary|best doc|wissper|วิสเปอร์|หนูน้อยมหัศจรรย์|การ์ตูน|cartoon|animation|อนิเมชั่น|แอนิเมชั่น|เด็ก|ครอบครัว|เยาวชน","2018","no_data","1","4","5","soundtrack","true","https://assets.vipa.nexbetter.com/pictures/3/7b/9c/7b9c4944-3321-40cc-9d27-1f821cca5d0d","https://assets.vipa.nexbetter.com/pictures/3/ed/b0/edb019e8-ed22-435b-a98d-0da726d24663","https://assets.vipa.nexbetter.com/files/3/10/8e/108e4b5b-a413-41b6-b47c-dffed51c5592","no_data","2025-04-08T11:14:37.00Z","2026-02-20T04:45:46.00Z","1","52"
"11637","นักปั่นตะลุยญี่ปุ่น","https://vipa.me/th/watch/cycle-around-japan","https://assets.vipa.nexbetter.com/pictures/3/6f/6f/6f6fd2e9-0423-4c3c-9751-837bdc3f7d17","series","นักปั่นตะลุยญี่ปุ่น","Documentary","culture|people|Cultural","สารคดี|documentary|best documentary|best doc|cycle around japan|นักปั่นตะลุยญี่ปุ่น|นักปั่นจักรยาน|ปั่นจักรยาน|การปั่นจักรยาน|ออกกำลังกาย|กีฬา|นักกีฬา|ญี่ปุ่น|จักรยาน|วัฒนธรรม|ประเพณี|ความเชื่อ|วิถีชีวิต|ชีวิต","2024","THA","5","5","5","soundtrack","true","https://assets.vipa.nexbetter.com/pictures/3/6f/6f/6f6fd2e9-0423-4c3c-9751-837bdc3f7d17","https://assets.vipa.nexbetter.com/pictures/3/6f/6f/6f6fd2e9-0423-4c3c-9751-837bdc3f7d17","https://assets.vipa.nexbetter.com/pictures/3/29/ef/29ef987d-47a8-4cbf-956c-979574ec7ae5","no_data","2025-04-08T11:16:30.00Z","2026-08-19T07:12:04.00Z","1","11"
"11661","รี เวดดิ้ง : แต่งอีกครั้ง..ยังเป็นเธอ","https://vipa.me/th/watch/rewedding","https://assets.vipa.nexbetter.com/files/3/b5/43/b5434b8b-06b5-48d6-8a61-fea6a4792d6c","series","รี เวดดิ้ง : แต่งอีกครั้ง..ยังเป็นเธอ","Variety & LifeStyle","people|entertainment|Reality Shows","รี เวดดิ้ง|แต่งอีกครั้ง|ยังเป็นเธอ|แต่งงาน|คู่ชีวิต|คู่ครอง|แสตมป์ อภิวัชร์|อภิวัชร์ เอื้อถาวรสุข|อี๊ด สุประวัติ|สุประวัติ ปัทมสูต","2016","THA","5","0","0","no_data","true","https://assets.vipa.nexbetter.com/files/3/b5/43/b5434b8b-06b5-48d6-8a61-fea6a4792d6c","https://assets.vipa.nexbetter.com/files/3/b5/43/b5434b8b-06b5-48d6-8a61-fea6a4792d6c","https://assets.vipa.nexbetter.com/files/3/6b/33/6b3394cb-468f-4aef-bb40-e47183cf2f60","no_data","2025-04-08T11:17:18.00Z","2025-07-25T05:25:22.00Z","1","25"
"11688","วันเด็กแห่งชาติ","https://vipa.me/th/watch/kidsday","https://assets.vipa.nexbetter.com/pictures/3/03/a9/03a9580c-03fc-4435-87ab-ae360b5d897e","series","วันเด็กแห่งชาติ","Kids & Family","kids|people|Game Shows","วันเด็กแห่งชาติ|เปิ้ล นาคร|เด็ก|เด็กและครอบครัว|ครอบครัว","2016","THA","1","5","1","no_data","true","https://assets.vipa.nexbetter.com/pictures/3/03/a9/03a9580c-03fc-4435-87ab-ae360b5d897e","https://assets.vipa.nexbetter.com/pictures/3/03/a9/03a9580c-03fc-4435-87ab-ae360b5d897e","https://assets.vipa.nexbetter.com/pictures/3/d0/0a/d00aa709-bb48-4425-b94c-f43573b9f56e","no_data","2025-04-08T11:18:14.00Z","2025-07-25T05:25:10.00Z","1","25"
"11715","เมล็ดข้าวเล่าเรื่อง","https://vipa.me/th/watch/thetaleofthericegrains","https://assets.vipa.nexbetter.com/pictures/3/09/d3/09d314c5-5720-4713-9d5a-5c72fd40483a","series","เมล็ดข้าวเล่าเรื่อง","Documentary","documentary|people|culture|Social/Political","พันธุ์ข้าว|เมล็ดข้าวเล่าเรื่อง|สารคดี|เมล็ดข้าว|the tale of the rice grains|เกษตรกรรม|ชาวนา|เกษตรกร|ข้าว","2021","THA","5","4","2","no_data","true","https://assets.vipa.nexbetter.com/pictures/3/09/d3/09d314c5-5720-4713-9d5a-5c72fd40483a","https://assets.vipa.nexbetter.com/pictures/3/09/d3/09d314c5-5720-4713-9d5a-5c72fd40483a","https://assets.vipa.nexbetter.com/files/3/fa/17/fa177579-e5cc-48e3-a729-effd33e45fe2","no_data","2025-04-08T11:19:11.00Z","2025-07-24T16:08:02.00Z","1","13"
"11730","อาเซียนสุดจัด","https://vipa.me/th/watch/aseansudjud","https://assets.vipa.nexbetter.com/pictures/3/a3/01/a301502a-10a9-460f-97fd-e110a442ea93","series","อาเซียนสุดจัด","Variety & LifeStyle","Travel Shows","อาเซียนสุดจัด|อาเซียน|เพื่อนบ้าน|asean|ประเทศ|ต่างประเทศ","2020","THA","5","5","1","no_data","true","https://assets.vipa.nexbetter.com/pictures/3/a3/01/a301502a-10a9-460f-97fd-e110a442ea93","https://assets.vipa.nexbetter.com/pictures/3/a3/01/a301502a-10a9-460f-97fd-e110a442ea93","https://assets.vipa.nexbetter.com/files/3/1d/20/1d20e12f-8cea-4445-802b-29c7f1c35342","no_data","2025-04-08T11:19:41.00Z","2025-06-27T08:17:05.00Z","1","2"
"11734","ภัตตาคารบ้านทุ่ง","https://vipa.me/th/watch/bantung","https://assets.vipa.nexbetter.com/pictures/3/69/ef/69efd06e-415c-4046-a117-c4b6f5102afd","series","ภัตตาคารบ้านทุ่ง","Food & Travel","Food Documentaries|Food Travel Shows|Food and Culture","ภัตตาคารบ้านทุ่ง|พื้นบ้าน|ภัตตาคาร|วัตถุดิบ|อาหาร|ทำอาหาร|สตังค์|ชาวบ้าน|ท้องถิ่น|อาหารไทย|เชฟ|พ่อครัว|ครัว|เข้าครัว","2025","THA","5","5","1","no_data","true","https://assets.vipa.nexbetter.com/pictures/3/69/ef/69efd06e-415c-4046-a117-c4b6f5102afd","https://assets.vipa.nexbetter.com/pictures/3/69/ef/69efd06e-415c-4046-a117-c4b6f5102afd","https://assets.vipa.nexbetter.com/pictures/3/ea/72/ea721301-2f80-42a2-998e-cf8428ceedba","จรงค์ศักดิ์ รองเดช","2025-04-08T11:19:48.00Z","2025-08-07T08:14:04.00Z","3","34"
"11742","โยเดีย ที่คิด(ไม่)ถึง","https://vipa.me/th/watch/yodia","https://assets.vipa.nexbetter.com/pictures/3/35/aa/35aa953a-9c6b-47f7-be08-7b8c4158e944","series","โยเดีย ที่คิด(ไม่)ถึง","Documentary","documentary|people|culture|Cultural","โยเดีย|สารคดี|พรมแดนแลสายเลือด|ศิลปะ|ไทย|ประวัติศาสตร์|ความเป็นไทย|สายเลือดไทย|โยเดีย ที่คิดไม่ถึง|โยเดียที่คิดไม่ถึง|วัฒนธรรม|โยเดีย ที่คิด(ไม่)ถึง","2018","THA","5","5","2","closed-caption|audio-description","true","https://assets.vipa.nexbetter.com/pictures/3/35/aa/35aa953a-9c6b-47f7-be08-7b8c4158e944","https://assets.vipa.nexbetter.com/pictures/3/35/aa/35aa953a-9c6b-47f7-be08-7b8c4158e944","https://assets.vipa.nexbetter.com/files/3/76/12/76126ae6-2df5-460f-ba8e-47ff9dcec15e","no_data","2025-04-08T11:20:04.00Z","2025-07-24T08:50:57.00Z","3","14"
"11760","ก๊วนสืบหลังเลิกเรียน","https://vipa.me/th/watch/kuansueb","https://assets.vipa.nexbetter.com/pictures/3/07/05/0705ffab-4554-4cd1-8807-ffe3ef517315","series","ก๊วนสืบหลังเลิกเรียน","Drama","education|Teen Drama|Family Drama","ก๊วนสืบหลังเลิกเรียน|เด็ก|เยาวชน|นักเรียน|ครอบครัว|โรงเรียน|ธีร์ อริยฤทธิ์วิกุล|พัทธ์ธีรา ศรุติพงศ์โภคิน|ดารณีนุช ปสุตนาวิน|เกรียงศักดิ์ เหรียญทอง|กันณ์ทรงพล อนันตวุฒิ|นรเสฏฐ์ หัตถดล|ณัฏฐณิชา แหล่งป่า|คุณครู|ครู","2018","THA","1","0","0","closed-caption|audio-description","true","https://assets.vipa.nexbetter.com/pictures/3/7c/b8/7cb8fad4-149b-4a8e-94f7-8299ac96078d","https://assets.vipa.nexbetter.com/pictures/3/07/05/0705ffab-4554-4cd1-8807-ffe3ef517315","https://assets.vipa.nexbetter.com/files/3/e6/92/e6925107-27d8-486c-80d2-9a60f011805b","no_data","2025-04-08T11:20:38.00Z","2025-07-24T08:48:06.00Z","1","13"
"11775","JIGSAW ต่อพลังคิด","https://vipa.me/th/watch/jigsaw","https://assets.vipa.nexbetter.com/files/3/1b/65/1b65e076-90a6-4881-a1c5-7002585bf1b7","series","JIGSAW ต่อพลังคิด","kids-family","kids|people","jigsaw|ต่อพลังคิด|kids|เด็ก|เยาวชน|ครอบครัว|จิ๊กซอว์|พลัง|สร้างพลัง|คุณค่า|รู้คุณค่า|วิถีชีวิต|ชีวิต","2022","THA","1","0","0","no_data","true","https://assets.vipa.nexbetter.com/files/3/1b/65/1b65e076-90a6-4881-a1c5-7002585bf1b7","https://assets.vipa.nexbetter.com/files/3/1b/65/1b65e076-90a6-4881-a1c5-7002585bf1b7","https://assets.vipa.nexbetter.com/files/3/29/6a/296a0e5a-9f69-4213-9119-85de0bf2b984","no_data","2025-04-08T11:21:08.00Z","2025-07-24T08:50:42.00Z","1","11"
"11796","I'm plastic รู้จักฉันดีแค่ไหน (Big Sign)","https://vipa.me/th/watch/implastic-bigsign","https://assets.vipa.nexbetter.com/files/3/c1/79/c1793c08-f267-4f97-8356-ecd899a0b495","series","I'm plastic รู้จักฉันดีแค่ไหน (Big Sign)","Drama","nature-environment|entertainment|Social Drama","i'm plastic รู้จักฉันดีแค่ไหน|i'm plastic|รู้จักฉันดีแค่ไหน|พลาสติก|ขยะ|โลกร้อน|sign language|ภาษามือ|big sign","2020","THA","5","0","0","sign-language","true","https://assets.vipa.nexbetter.com/files/3/c1/79/c1793c08-f267-4f97-8356-ecd899a0b495","https://assets.vipa.nexbetter.com/files/3/c1/79/c1793c08-f267-4f97-8356-ecd899a0b495","https://assets.vipa.nexbetter.com/files/3/8a/e0/8ae023ea-a468-4374-82e7-727e8cc40afd","no_data","2025-04-08T11:21:50.00Z","2025-07-24T08:32:48.00Z","1","20"
"11818","1500 แมกนิจูด อาสาสุดหัวใจ","https://vipa.me/th/watch/magnitude","https://assets.vipa.nexbetter.com/files/3/76/4c/764c83c8-460d-473f-ad4f-8fa78ec41071","series","1500 แมกนิจูด อาสาสุดหัวใจ","Documentary","documentary|people|history|Historical|Social/Political|Nature/Environmental","แผ่นดินไหว|สารคดี|1500 แมกนิจูด อาสาสุดหัวใจ|อาสา|อาสาสมัคร|เนปาล|เดินทาง|ช่วยเหลือ|frontlineth|โต้ง รัฐภูมิ 1500 ไมล์|รัฐภูมิ อยู่พร้อม","2016","THA","5","5","1","no_data","true","https://assets.vipa.nexbetter.com/files/3/95/5a/955aa94c-f93b-40d9-b8ae-04e681d1e9fc","https://assets.vipa.nexbetter.com/files/3/76/4c/764c83c8-460d-473f-ad4f-8fa78ec41071","https://assets.vipa.nexbetter.com/files/3/38/ac/38ac4fa7-22b1-4dc2-8ddd-b1b7537ba005","no_data","2025-04-08T11:22:36.00Z","2025-07-24T08:49:45.00Z","1","5"
"11825","ยินดีที่ได้รู้จัก UNCUT","https://vipa.me/th/watch/nicetomeetyou-uncut","https://assets.vipa.nexbetter.com/pictures/3/13/66/1366ba8d-5d04-4a99-9855-62b598f2a9dc","series","ยินดีที่ได้รู้จัก UNCUT","Variety & LifeStyle","people|inspiration|Talk Shows|Travel Shows","ยินดีที่ได้รู้จัก big sign|ผู้คน|ยินดีที่ได้รู้จัก uncut|วิถีชีวิต|ทำความรู้จัก|พูดคุย|ยินดีที่ได้รู้จัก uncut big sign|เปอร์|ภาษามือ|ยินดีที่ได้รู้จัก|big sign|ชีวิต|เปอร์ สุวิกรม","2023","THA","5","4","18","sign-language","true","https://assets.vipa.nexbetter.com/pictures/3/13/66/1366ba8d-5d04-4a99-9855-62b598f2a9dc","https://assets.vipa.nexbetter.com/pictures/3/13/66/1366ba8d-5d04-4a99-9855-62b598f2a9dc","https://assets.vipa.nexbetter.com/files/3/11/d9/11d91c57-5f60-43af-8580-7e1d4b7f451c","Suvikrom Amaranand","2025-04-08T11:22:49.00Z","2026-04-16T09:20:50.00Z","20","314"
"12108","ไม้เท้าขาวกับเก้าอี้เข็น","https://vipa.me/th/watch/maitao","https://assets.vipa.nexbetter.com/files/3/47/f3/47f3a482-6fc3-48b5-8cf9-21bef2ed0d48","series","ไม้เท้าขาวกับเก้าอี้เข็น","Drama","Melodrama|Psychological Drama","โรงเรียนตาบอด|คนพิการ|สฤณรัตน์ ชนะชัยชน|ไม้เท้าขาวกับเก้าอี้เข็น|ภาธร ชำนาญนพ|คนตาบอด|พิรวรรณ สโรบล|ผู้พิการ|อภิญญา สกุลเจริญสุข|อภิญญา รุ่งพิทักษ์มานะ|พิการ","2014","THA","5","0","0","closed-caption|audio-description","true","https://assets.vipa.nexbetter.com/files/3/47/f3/47f3a482-6fc3-48b5-8cf9-21bef2ed0d48","https://assets.vipa.nexbetter.com/files/3/47/f3/47f3a482-6fc3-48b5-8cf9-21bef2ed0d48","https://assets.vipa.nexbetter.com/files/3/88/41/8841c653-0225-4778-aec4-c928e930370b","no_data","2025-04-08T11:55:32.00Z","2025-07-24T08:49:27.00Z","1","6"
"12116","โต้คลื่นอนาคต","https://vipa.me/th/watch/futureisallaround","https://assets.vipa.nexbetter.com/pictures/3/73/66/7366a679-9894-47ec-9a4a-b423005bd664","series","โต้คลื่นอนาคต","Education","Documentary|Edutainment|Documentary Series","โต้คลื่นอนาคต","2020","THA","1","5","1","no_data","true","https://assets.vipa.nexbetter.com/pictures/3/73/66/7366a679-9894-47ec-9a4a-b423005bd664","https://assets.vipa.nexbetter.com/pictures/3/73/66/7366a679-9894-47ec-9a4a-b423005bd664","https://assets.vipa.nexbetter.com/files/3/c8/84/c8841fa7-b458-46d3-90c4-7d8a56fbfb2c","no_data","2025-04-08T11:55:49.00Z","2025-07-24T08:49:18.00Z","2","26"
"12145","บริษัทบำบัดหนี้ (Big Sign)","https://vipa.me/th/watch/debttherapy-bigsign","https://assets.vipa.nexbetter.com/files/3/2c/84/2c841eba-4324-4723-8eaf-15374bdb3c87","series","บริษัทบำบัดหนี้ (Big Sign)","Drama","people|family|Family Drama","ครอบครัว|หนี้|บริษัทบำบัดหนี้|ณัฐพงศ์ รัตนเมธานนท์|เงินทอง|dept|เงิน|ปลดหนี้|สุทธาทิพย์ วุฒิชัยประดิษฐ์|เสฎฐวุฒิ อนุสิทธิ์|เขมิศรา พลเดช|ตั้ว เสฎวุฒิ|เจ้าหนี้|เบลล์ เขมิศรา|จีระศักดิ์ ปิ่นสุวรรณ|ทวงหนี้|การเงิน|sign language|ภาษามือ|big sign","2020","THA","5","0","0","sign-language|closed-caption","true","https://assets.vipa.nexbetter.com/files/3/2c/84/2c841eba-4324-4723-8eaf-15374bdb3c87","https://assets.vipa.nexbetter.com/files/3/2c/84/2c841eba-4324-4723-8eaf-15374bdb3c87","https://assets.vipa.nexbetter.com/files/3/7f/19/7f19235d-0016-40a7-b9e3-f9bf6cb20bcd","Kemisara Paladesh|Sedthawut Anusit|Jeerasak Pinsuwan|Suttatip Wutchaipradit","2025-04-08T11:56:49.00Z","2025-07-24T08:29:21.00Z","1","4"
"12151","PETS PLAN แผนครองโลก","https://vipa.me/th/watch/petsplan","https://assets.vipa.nexbetter.com/files/3/b0/59/b0596404-2281-4aa7-9ab2-f703b15fbbd9","series","PETS PLAN แผนครองโลก","Kids & Family","Adventure","แผนครองโลก|แมว|plan|สัตว์เลี้ยง|pets plan แผนครองโลก|สัตว์|pets|สุนัข|หมา|pet","2020","THA","1","4","3","no_data","true","https://assets.vipa.nexbetter.com/files/3/b0/59/b0596404-2281-4aa7-9ab2-f703b15fbbd9","https://assets.vipa.nexbetter.com/files/3/b0/59/b0596404-2281-4aa7-9ab2-f703b15fbbd9","https://assets.vipa.nexbetter.com/files/3/b0/59/b0596404-2281-4aa7-9ab2-f703b15fbbd9","no_data","2025-04-08T11:57:01.00Z","2025-07-24T08:48:43.00Z","1","13"
"12166","ปังปอนด์ เพื่อนใหม่จากป่าลึก","https://vipa.me/th/watch/pangpond","https://assets.vipa.nexbetter.com/pictures/3/0c/4d/0c4d282e-74c8-4886-8b7e-4322322cc3d8","series","ปังปอนด์ เพื่อนใหม่จากป่าลึก","Kids & Family","kids|family","ปังปอนด์|เด็ก|เยาวชน|ครอบครัว|การ์ตูน|cartoon|เพื่อนใหม่จากป่าลึก|เพื่อน|animation|อนิเมชั่น|อนิเมชัน|แอนิเมชัน|แอฟริกา|ผจญภัย","2023","THA","1","5","2","no_data","true","https://assets.vipa.nexbetter.com/pictures/3/0c/4d/0c4d282e-74c8-4886-8b7e-4322322cc3d8","https://assets.vipa.nexbetter.com/pictures/3/0c/4d/0c4d282e-74c8-4886-8b7e-4322322cc3d8","https://assets.vipa.nexbetter.com/pictures/3/2e/2b/2e2bc6b6-7b4d-454c-ab3f-23498ae82981","no_data","2025-04-08T11:57:32.00Z","2025-07-24T08:47:49.00Z","1","13"
"12181","English Mission","https://vipa.me/th/watch/englishmission","https://assets.vipa.nexbetter.com/files/3/d0/39/d0391826-bacc-4dc3-b938-97b27a609f96","series","English Mission","Kids & Family","Educational","english mission|english|mission|ภาษาอังกฤษ|ภารกิจ|ภาษา|การศึกษา|education|เยาวชน|เด็ก|ฝึกฝน","2013","THA","1","5","1","no_data","true","https://assets.vipa.nexbetter.com/files/3/d0/39/d0391826-bacc-4dc3-b938-97b27a609f96","https://assets.vipa.nexbetter.com/files/3/d0/39/d0391826-bacc-4dc3-b938-97b27a609f96","https://assets.vipa.nexbetter.com/files/3/d0/39/d0391826-bacc-4dc3-b938-97b27a609f96","no_data","2025-04-08T11:58:03.00Z","2025-07-24T08:46:11.00Z","1","13"
"12196","พาย สายน้ำแห่งความฝัน (Big Sign)","https://vipa.me/th/watch/pai-bigsign","https://assets.vipa.nexbetter.com/files/3/b0/6f/b06fdc6f-ed30-4d57-b901-4bb2429151be","series","พาย สายน้ำแห่งความฝัน (Big Sign)","Drama","people|inspiration|Teen Drama","พาย สายน้ำแห่งความฝัน|พาย|สายน้ำแห่งความฝัน|ณัฐพล ดิลกนวฤทธิ์|นฤภรกมล ฉายแสง|กิตติภัทร แก้วเจริญ|ปาลิน นารดาสิริ|กันต์ชนุตม์ เก่งการค้า|แม็กซ์ ณัฐพล|แพรว นฤภรกมล|ก้าวหน้า กิตติภัทร|ฝุ้น ปาลิน|กันต์ กันต์ชนุตม์|ความฝัน|พายเรือ|พายเรือยาว|พายเรือแคนู|กีฬา|มิตรภาพ|เพื่อน|แข่งเรือยาว|ความรัก|ครอบครัว|sign language|ภาษามือ|big sign","2022","THA","5","5","1","sign-language|closed-caption","true","https://assets.vipa.nexbetter.com/files/3/b0/6f/b06fdc6f-ed30-4d57-b901-4bb2429151be","https://assets.vipa.nexbetter.com/files/3/b0/6f/b06fdc6f-ed30-4d57-b901-4bb2429151be","https://assets.vipa.nexbetter.com/files/3/71/d6/71d6f5d8-2536-46a3-8189-1088a7536317","Nattapol Diloknawarit|Narupornkamo Chaisang|Kittipat Kaewcharoen|Palin Naradasiri|Kunchanuj Kengkarnka","2025-04-08T11:58:33.00Z","2025-07-24T08:28:58.00Z","1","12"
"12210","EAT am ARE (English Version)","https://vipa.me/th/watch/eatamare","https://assets.vipa.nexbetter.com/pictures/3/aa/bf/aabf3a17-54c5-48c6-8151-53d7a0f5dcb4","series","EAT am ARE (English Version)","Variety & LifeStyle","Cooking Shows","eat am are|อาหาร|food|เมนู|กิน อยู่ คือ|อาหารไทย","2020","THA","5","0","0","no_data","true","https://assets.vipa.nexbetter.com/pictures/3/aa/bf/aabf3a17-54c5-48c6-8151-53d7a0f5dcb4","https://assets.vipa.nexbetter.com/pictures/3/aa/bf/aabf3a17-54c5-48c6-8151-53d7a0f5dcb4","https://assets.vipa.nexbetter.com/files/3/26/92/2692d4e4-308c-4ded-baad-1640ed4f8fa0","no_data","2025-04-08T11:59:02.00Z","2025-07-24T08:45:58.00Z","1","40"
"12252","iSci ไอซายน์ ฉลาดยกกำลังสอง","https://vipa.me/th/watch/isci","https://assets.vipa.nexbetter.com/pictures/3/11/53/11531f40-706b-4f2f-84fa-0d643f3295ee","series","iSci ไอซายน์ ฉลาดยกกำลังสอง","Kids & Family","Educational","isci ไอซายน์ ฉลาดยกกำลังสอง|การทดสอบ|คณิตศาสตร์|การทดลอง|ตัวเลข|ไอซายน์ ฉลาดยกกำลังสอง|คำนวณ|วิทยาศาสตร์|experiment","2017","THA","1","5","1","no_data","true","https://assets.vipa.nexbetter.com/pictures/3/11/53/11531f40-706b-4f2f-84fa-0d643f3295ee","https://assets.vipa.nexbetter.com/pictures/3/11/53/11531f40-706b-4f2f-84fa-0d643f3295ee","https://assets.vipa.nexbetter.com/pictures/3/3b/7f/3b7f7ca3-d07b-4cd2-8947-9d89027d5e01","no_data","2025-04-08T12:00:32.00Z","2025-07-24T08:45:44.00Z","1","66"
"12320","ละครชุด คนบันดาลใจ เรื่อง ลมหายใจใต้น้ำ","https://vipa.me/th/watch/breathoflife","https://assets.vipa.nexbetter.com/files/3/54/e4/54e4da4d-29ad-4b59-af6c-3fb1277f2108","series","ละครชุด คนบันดาลใจ เรื่อง ลมหายใจใต้น้ำ","Drama","Sports Drama|Family Drama","คนบันดาลใจ|ลมหายใจใต้น้ำ|breath of life|น้องเดี่ยว|ภูชิต อิงชัยภูมิ|นรินทร์โชติ วชิรธรนิยมกุล|ครูฟ้าลั่น","2015","THA","5","0","0","no_data","true","https://assets.vipa.nexbetter.com/files/3/54/e4/54e4da4d-29ad-4b59-af6c-3fb1277f2108","https://assets.vipa.nexbetter.com/files/3/54/e4/54e4da4d-29ad-4b59-af6c-3fb1277f2108","https://assets.vipa.nexbetter.com/files/3/9e/36/9e361976-6cbf-4ca1-a59d-ca695703a3b5","Narinchot Wachirathonniyomkul|ภูชิต อิงชัยภูมิ","2025-04-08T12:03:08.00Z","2025-07-24T08:45:34.00Z","1","2"
"12324","ดูให้รู้ (Big Sign)","https://vipa.me/th/watch/dohiru-bigsign","https://assets.vipa.nexbetter.com/files/3/4a/b7/4ab7bdd6-f4bb-4e9a-b98a-8c58a22589ae","series","ดูให้รู้ (Big Sign)","Variety & LifeStyle","Travel Shows","ภาษามือ|ดูให้รู้|ญี่ปุ่น|sign language|ภาษามือ|big sign|วัฒนธรรม|ท่องเที่ยว|เที่ยว|ฟูจิ|ฟูจิ ฟูจิซากิ|ฟูจิ เซนเซ","no_data","THA","5","0","0","sign-language","true","https://assets.vipa.nexbetter.com/files/3/4a/b7/4ab7bdd6-f4bb-4e9a-b98a-8c58a22589ae","https://assets.vipa.nexbetter.com/files/3/4a/b7/4ab7bdd6-f4bb-4e9a-b98a-8c58a22589ae","https://assets.vipa.nexbetter.com/files/3/be/4e/be4e2bd5-2250-4643-a195-cdd3cb1e00d0","no_data","2025-04-08T12:03:15.00Z","2025-08-08T04:54:17.00Z","1","22"
"12348","The Rhythm Of Life จังหวะชีวิต...ลิขิตฝัน (Big Sign)","https://vipa.me/th/watch/therhythmoflife-bigsign","https://assets.vipa.nexbetter.com/files/3/7d/b7/7db78e54-f3ce-4563-99d7-ae4372623271","series","The Rhythm Of Life จังหวะชีวิต...ลิขิตฝัน (Big Sign)","Drama","people|inspiration|Teen Drama","sign language|ภาษามือ|big sign|the rhythm of life|จังหวะชีวิตลิขิตฝัน|ต้นหน ตันติเวชกุล|ภีมพล พาณิชย์ธำรง|พิมรภัส ผดุงวัฒนะโชค|ความฝัน|วัยรุ่น|ตน ต้นหน|พีค ภีมพล|โมบายล์|mobile bnk48|ธนัชญา ตรีสิริเกษม|วิธวัฒน์ สิงห์ลำพอง|ชุติมา ทีปะนาถ|แดน พฤกษ์พยุง|ยุวทิพย์ อาระยานิมิตสกุล|วงโยธวาทิต|โรงเรียน|ดนตรี","2022","THA","5","0","0","sign-language|closed-caption|audio-description","true","https://assets.vipa.nexbetter.com/files/3/7d/b7/7db78e54-f3ce-4563-99d7-ae4372623271","https://assets.vipa.nexbetter.com/files/3/7d/b7/7db78e54-f3ce-4563-99d7-ae4372623271","https://assets.vipa.nexbetter.com/files/3/06/ce/06ce5e90-fb1b-42a7-8d88-6ce40a68012a","Tonhon Tantivejakul|Peemapol Panichtamrong|Pimrapat Phadungwatanachok|Thanutchaya  Treesirikasem","2025-04-08T12:04:03.00Z","2025-07-24T08:24:02.00Z","1","16"
"12366","We Are the Zs","https://vipa.me/th/watch/wearethezs","https://assets.vipa.nexbetter.com/pictures/3/ad/22/ad221923-c461-45a6-89c7-c5378057f151","series","We Are the Zs","documentary","culture|people","we are the zs|สารคดี|สารคดีไทยพีบีเอส|ไทยพีบีเอส|อาเซียน|ภาคีในภูมิภาคอาเซียน|ภาพยนตร์สารคดี|ภาพยนตร์|ประเทศ|6 ประเทศ|แรงบันดาลใจ|มาเลเซีย|กัมพูชา|ลาว|เวียดนาม|อินโดนีเซีย|ไทย|4k|เยาวชน|คนรุ่นใหม่|วัฒนธรรม|ศิลปะ|ธรรมเนียม|ประเพณี","2023","no_data","5","5","1","4k|closed-caption","true","https://assets.vipa.nexbetter.com/pictures/3/ad/22/ad221923-c461-45a6-89c7-c5378057f151","https://assets.vipa.nexbetter.com/pictures/3/ad/22/ad221923-c461-45a6-89c7-c5378057f151","https://assets.vipa.nexbetter.com/files/3/b6/56/b656d4b8-735e-46ab-9f0c-1e90055ef099","no_data","2025-04-08T12:04:46.00Z","2025-07-24T08:44:48.00Z","1","6"
"12374","Thailand Fantastic","https://vipa.me/th/watch/thailandfantastic","https://assets.vipa.nexbetter.com/pictures/3/a1/bb/a1bb3b2a-cca9-4851-acf8-6437b14c76ec","series","Thailand Fantastic","Documentary","documentary|people|travel|Cultural","thailand fantastic|สารคดี","2021","THA","5","4","2","no_data","true","https://assets.vipa.nexbetter.com/pictures/3/a1/bb/a1bb3b2a-cca9-4851-acf8-6437b14c76ec","https://assets.vipa.nexbetter.com/pictures/3/a1/bb/a1bb3b2a-cca9-4851-acf8-6437b14c76ec","https://assets.vipa.nexbetter.com/files/3/c1/63/c163fdbc-fe7c-4663-a5cc-b2a89f4d9d2e","no_data","2025-04-08T12:05:01.00Z","2025-08-08T04:32:30.00Z","1","4"
"12380","The Aged คิด(ส์) ก่อน แก่","https://vipa.me/th/watch/theaged","https://assets.vipa.nexbetter.com/pictures/3/a0/bc/a0bc3ec5-259d-44a1-a3bb-1fb003e5a9ac","series","The Aged คิด(ส์) ก่อน แก่","Documentary","people|health","สูงวัย|ความเป็นอยู่|คิด|คิดส์|สิงค์โปร์|ผู้สูงอายุ|แก่|ผู้สูงวัย|ไทย|คุณภาพชีวิต|ความยากจน|สังคมไทย|ก่อน|สูงอายุ|the aged|คิด ก่อน แก่|คิด(ส์) ก่อน แก่|ความเหลื่อล้ำ|สวัสดิการ|สังคม","2023","THA","5","0","0","audio-description|closed-caption","true","https://assets.vipa.nexbetter.com/pictures/3/a0/bc/a0bc3ec5-259d-44a1-a3bb-1fb003e5a9ac","https://assets.vipa.nexbetter.com/pictures/3/a0/bc/a0bc3ec5-259d-44a1-a3bb-1fb003e5a9ac","https://assets.vipa.nexbetter.com/files/3/6d/6f/6d6f6bd7-b876-49eb-b7a5-da11b3b86882","no_data","2025-04-08T12:05:13.00Z","2026-05-28T05:12:49.00Z","1","3"
"12385","Wheel Packer","https://vipa.me/th/watch/wheelpacker","https://assets.vipa.nexbetter.com/pictures/3/f7/38/f7387922-5312-4b84-beb7-695b2ddb9acd","series","Wheel Packer","Variety & LifeStyle","Travel Shows","wheel packer","2021","THA","5","5","1","no_data","true","https://assets.vipa.nexbetter.com/pictures/3/f7/38/f7387922-5312-4b84-beb7-695b2ddb9acd","https://assets.vipa.nexbetter.com/pictures/3/f7/38/f7387922-5312-4b84-beb7-695b2ddb9acd","https://assets.vipa.nexbetter.com/files/3/8b/e8/8be8949f-4492-46b7-a20a-266d4265680b","no_data","2025-04-08T12:05:21.00Z","2025-07-24T08:44:14.00Z","1","13"
"12400","Reunion เรียนอยู่นี่ (Big Sign)","https://vipa.me/th/watch/reunion-bigsign","https://assets.vipa.nexbetter.com/files/3/a2/b7/a2b74791-2714-415d-b6cc-ada9aafd0eff","series","Reunion เรียนอยู่นี่ (Big Sign)","Drama","entertainment|people|Family Drama","reunion|เรียนอยู่นี่|reunion เรียนอยู่นี่|มิตรภาพ|เพื่อน|ความสัมพันธ์|ผู้สูงอายุ|ผู้สูงวัย|ครอบครัว|ทนงศักดิ์ ศุภการ|ไพบูลย์เกียรติ เขียวแก้ว|วิยะดา อุมารินทร์|รอง เค้ามูลคดี|อุทุมพร ศิลาพันธ์|ปนัดดา โกมารทัต|สมชาย ศักดิกุล|ธนบัตร งามกมลชัย|มณีรัตน์ คําอ้วน|big sign|ภาษามือ|sign language","2021","THA","5","0","0","sign-language","true","https://assets.vipa.nexbetter.com/files/3/a2/b7/a2b74791-2714-415d-b6cc-ada9aafd0eff","https://assets.vipa.nexbetter.com/files/3/a2/b7/a2b74791-2714-415d-b6cc-ada9aafd0eff","https://assets.vipa.nexbetter.com/files/3/88/7c/887c46c2-9561-4ceb-91be-44d67f86c6ff","Rong Kaomulkadee|Paibuljkiat Kheokao|Thanongsak  Suphakan|Uthumporn Silaphan|Viyada Umarin","2025-04-08T12:05:51.00Z","2025-07-24T12:24:14.00Z","1","12"
"12414","ท่องโลกเรียนรู้กับสารานุกรมไทยสำหรับเยาวชนฯ","https://vipa.me/th/watch/tongloksaranukromthai","https://assets.vipa.nexbetter.com/files/3/3b/ce/3bce714f-809e-42d6-89f7-1ce1c8c1ebec","series","ท่องโลกเรียนรู้กับสารานุกรมไทยสำหรับเยาวชนฯ","Kids & Family","Educational","ความรู้|หนังสือสารานุกรมไทย|ท่องโลกเรียนรู้กับสารานุกรมไทยสำหรับเยาวชน|เด็กและการศึกษา|สารานุกรม|เยาวชนไทย|เรียนรู้|การศึกษา|ชนัญญา เตชจักรเสมา|เด็ก|ท่องโลก|สารานุกรมไทยสำหรับเยาวชน|ธนภัทร ศุภวรรณาวิวัฒน์|ศภิษฐ์สกร โชติธนฤทธิ์|ฐกร พรหมสถิตกุล|การเรียนรู้|point of view","2022","THA","1","5","1","closed-caption","true","https://assets.vipa.nexbetter.com/files/3/3b/ce/3bce714f-809e-42d6-89f7-1ce1c8c1ebec","https://assets.vipa.nexbetter.com/files/3/3b/ce/3bce714f-809e-42d6-89f7-1ce1c8c1ebec","https://assets.vipa.nexbetter.com/files/3/2a/ed/2aedb42b-327b-4bd4-8600-b664c948051d","no_data","2025-04-08T12:06:20.00Z","2025-07-24T08:44:04.00Z","1","10"
"12426","ฝันของฉัน คือฟันดาบ","https://vipa.me/th/watch/mydreamisfencing","https://assets.vipa.nexbetter.com/files/3/d7/ec/d7ecf109-b804-4573-be14-fd43356a913c","series","ฝันของฉัน คือฟันดาบ","Drama","people|sports|Sports Drama","ฝันของฉัน คือฟันดาบ|พีค ภีมพล|ภีมพล พาณิชย์ธำรง|แพรวา สุธรรมพงษ์|มิวสิค แพรวา|มอส ภาณุวัฒน์|ภาณุวัฒน์ โสประดิษฐ|ครีมมี่ พลอยปภัส|พลอยปภัส อิสระพงศ์พร|พีท ทองเจือ|ความฝัน|ฟันดาบ|ต่อสู้|แข่งขัน|เยาวชน|กีฬา|นักกีฬา|วัยรุ่น|ดาบ|ดาบไทย|เซเบอร์|อาทมาฏ|สากล|มหาวิทยาลัย|เวฬา|ซัน|อาทิตย์|ทาม|ทราย|ความรัก|แอบชอบ","2025","THA","5","5","2","closed-caption|audio-description","true","https://assets.vipa.nexbetter.com/files/3/d7/ec/d7ecf109-b804-4573-be14-fd43356a913c","https://assets.vipa.nexbetter.com/files/3/d7/ec/d7ecf109-b804-4573-be14-fd43356a913c","https://assets.vipa.nexbetter.com/files/3/d0/dc/d0dc3fda-ec76-4077-a9ee-f1f8da7fe0f9","Peemapol Panichtamrong|Praewa Suthamphong|Panuwat Sopradit|Ploypapas Isarapongporn|Pete Thongchua","2025-04-08T12:06:44.00Z","2026-09-15T10:25:13.00Z","1","16"
"12444","8 ยอดมนุษย์ธรรมดา Eightraordinary (Big Sign)","https://vipa.me/th/watch/eightraordinary-bigsign","https://assets.vipa.nexbetter.com/files/3/49/0f/490fcd6a-b2a2-472a-9ec7-4b2378aad551","series","8 ยอดมนุษย์ธรรมดา Eightraordinary (Big Sign)","Drama","people|entertainment|Melodrama","ละคร|thai pbs|ละครไทย|ละครไทบพีบีเอส|8 ยอดมนุษย์ธรรมดา|ยอดมนุษย์|ยอดมนุษย์ธรรมดา|eightraordinary|ธรรมดา|ชีวิต|มนุษย์|คน|ประจำวัน|วิถีชีวิต|สังคม|ความสัมพันธ์|เจนนิษฐ์ โอ่ประเสริฐ|jennis oprasert|จตุรงค์ โพธาราม|จตุรงค์ พลบูรณ์|จตุรงค์ มกจ๊ก|มิ้ม รัตนวดี|รัตนวดี วงศ์ทอง|mim rattanawadee|mahidol_pj|พีเจ มหิดล|มหิดล พิบูลสงคราม|zorzonatha|ซอโซ่ ชนม์ชญาน์|ชนม์ชญาน์ อัครกิจวัฒนากุล|ซอโซ่ นัทธ์หฤทัย|นัทธ์หฤทัย อัครกิจวัฒนากุล|supanattina|ติ๊นา ศุภนาฏ|ศุภนาฏ จิตตลีลา|spritebababi|สไปรท์บะบะบิ|พัชร์ธีรัตน์ แหลมหลวง|กุณกนิช คุ้มครอง|sign language|ภาษามือ|big sign","2024","THA","5","5","1","sign-language|closed-caption|audio-description","true","https://assets.vipa.nexbetter.com/files/3/49/0f/490fcd6a-b2a2-472a-9ec7-4b2378aad551","https://assets.vipa.nexbetter.com/files/3/49/0f/490fcd6a-b2a2-472a-9ec7-4b2378aad551","https://assets.vipa.nexbetter.com/files/3/84/c1/84c136d3-9221-4909-b938-e5bd46b78d68","Jennis Oprasert|Jaturong Mokjok|Patteerat Laemluang|Nathanan Akkharakitwattanakul|Suppanad Jittaleela","2025-04-08T12:07:21.00Z","2026-02-17T09:44:19.00Z","1","16"
"12462","8 ยอดมนุษย์ธรรมดา","https://vipa.me/th/watch/eightraordinary","https://assets.vipa.nexbetter.com/pictures/3/d8/93/d89361ef-8861-4bcc-a11f-ad9e9f68fd85","series","8 ยอดมนุษย์ธรรมดา","Drama","people|entertainment|Social Drama","ละคร|thai pbs|ละครไทย|ละครไทบพีบีเอส|8 ยอดมนุษย์ธรรมดา|ยอดมนุษย์|ยอดมนุษย์ธรรมดา|eightraordinary|ธรรมดา|ชีวิต|มนุษย์|คน|ประจำวัน|วิถีชีวิต|สังคม|ความสัมพันธ์|เจนนิษฐ์ โอ่ประเสริฐ|jennis oprasert|จตุรงค์ โพธาราม|จตุรงค์ พลบูรณ์|จตุรงค์ มกจ๊ก|มิ้ม รัตนวดี|รัตนวดี วงศ์ทอง|mim rattanawadee|mahidol_pj|พีเจ มหิดล|มหิดล พิบูลสงคราม|zorzonatha|ซอโซ่ ชนม์ชญาน์|ชนม์ชญาน์ อัครกิจวัฒนากุล|ซอโซ่ นัทธ์หฤทัย|นัทธ์หฤทัย อัครกิจวัฒนากุล|supanattina|ติ๊นา ศุภนาฏ|ศุภนาฏ จิตตลีลา|spritebababi|สไปรท์บะบะบิ|พัชร์ธีรัตน์ แหลมหลวง|กุณกนิช คุ้มครอง","2024","THA","5","5","2","sign-language|closed-caption|audio-description","true","https://assets.vipa.nexbetter.com/pictures/3/d8/93/d89361ef-8861-4bcc-a11f-ad9e9f68fd85","https://assets.vipa.nexbetter.com/pictures/3/d8/93/d89361ef-8861-4bcc-a11f-ad9e9f68fd85","https://assets.vipa.nexbetter.com/pictures/3/22/24/222407ad-6f47-4868-82fd-0745e1301287","Jennis Oprasert|Jaturong Mokjok|Patteerat Laemluang|Nathanan Akkharakitwattanakul|Suppanad Jittaleela","2025-04-08T12:07:57.00Z","2026-02-17T09:14:37.00Z","1","16"
"12480","อวสานมนุษย์เงินเดือน Goodbye Salary","https://vipa.me/th/watch/goodbyesalary","https://assets.vipa.nexbetter.com/files/3/01/d9/01d9999a-b349-4f12-9fb6-0fde72d0043a","series","อวสานมนุษย์เงินเดือน Goodbye Salary","Drama","Sitcom|Social Drama","สมชาย เข็มกลัด|ครอบครัว|ตกงาน|covid 19|โควิด 19|เงินเดือน|หางาน|มิตรภาพ|เงิน|มนุษย์เงินเดือน|ปราโมทย์ แสงศร|ความสัมพันธ์|ธุรกิจ|อวสานมนุษย์เงินเดือน|goodbye salary|เพื่อน|โมทย์ แสงศร|เจมส์ เรืองศักดิ์|เรืองศักดิ์ ลอยชูศักดิ์|เต๋า สมชาย","2020","THA","5","1","1","sign-language|closed-caption|audio-description","true","https://assets.vipa.nexbetter.com/files/3/01/d9/01d9999a-b349-4f12-9fb6-0fde72d0043a","https://assets.vipa.nexbetter.com/files/3/01/d9/01d9999a-b349-4f12-9fb6-0fde72d0043a","https://assets.vipa.nexbetter.com/files/3/fe/99/fe99cc00-8251-4940-a023-a1e9e9cad299","Ruangsak Loychusak|Pramote Seangsorn|Somchai Khemklad","2025-04-08T12:08:34.00Z","2025-07-24T08:43:36.00Z","1","4"
"12486","นักล่าประวัติศาสตร์รุ่นเยาว์","https://vipa.me/th/watch/historyhunters","https://assets.vipa.nexbetter.com/files/3/13/9b/139ba973-e7da-4302-a835-0d5c0235e873","series","นักล่าประวัติศาสตร์รุ่นเยาว์","kids-family","history|kids","สารคดี|documentary|best documentary|best doc|history hunters|history|hunters|hunter|ประวัติศาสตร์|เด็ก|เยาวชน|ครอบครัว|อาณาจักร|ชนเผ่า|อินเดีย|ไวกิ้ง|วิถีชีวิต|วัฒนธรรม|ความเชื่อ|ภาษา|ท่องโลกกว้าง|เรียนรู้","no_data","no_data","1","0","0","soundtrack","false","https://assets.vipa.nexbetter.com/files/3/3b/84/3b845023-917e-45ac-a1f7-4b80fcad029f","https://assets.vipa.nexbetter.com/files/3/13/9b/139ba973-e7da-4302-a835-0d5c0235e873","https://assets.vipa.nexbetter.com/files/3/c0/9c/c09c5ecc-9b75-4bf4-9df5-011c88559f58","no_data","2025-04-08T12:08:46.00Z","2025-07-24T08:43:21.00Z","1","26"
"12518","กล้าทะเล","https://vipa.me/th/watch/klatalay","https://assets.vipa.nexbetter.com/files/3/d2/c7/d2c7b636-0fcb-492d-ba6c-ea4fc777e5e3","series","กล้าทะเล","Drama","culture|people|Melodrama|Teen Drama","กล้าทะเล|ภีม ณัฐภัทร|ณัฐภัทร ประภานนท์|เจน กุลจิราณัฐ|กุลจิราณัฐ วรรักษา|ซัน ร้อยพินิจ|ร้อยพินิจ ควนศิริ|เจแดน|แดน พฤกษ์พยุง|พีพี รัชพล|รัชพล พรพินิต|ชลัฏ ณ สงขลา|บิว ธนัชญา|ธนัชญา ตรีสิริเกษม|พอล วิสุทธิ์|วิสุทธิ์ แครี่|กนิษฐรินทร์ พัชรภักดีโชติ|สาโรจน์ แจ่มศรีใส|แพรว หัสสยา|หัสสยา อิสริยะเสรีกุล|รุ่งรัตน์ ดวงขวัญ|พิชญ์พงษ์ นาคะยืนยงสุข|ทะเล|หมู่เกาะ|สุรินทร์|หมู่เกาะสุรินทร์|ภาคใต้|กลุ่มชาติพันธุ์|ชาติพันธุ๋|มอแกน|ชุมชน|ชาวบ้าน|วัยรุ่น|ความลับ","2024","THA","5","5","2","closed-caption|sign-language|audio-description","true","https://assets.vipa.nexbetter.com/files/3/d2/c7/d2c7b636-0fcb-492d-ba6c-ea4fc777e5e3","https://assets.vipa.nexbetter.com/files/3/d2/c7/d2c7b636-0fcb-492d-ba6c-ea4fc777e5e3","https://assets.vipa.nexbetter.com/files/3/fe/47/fe476c86-8196-4fb2-99f5-4328d0d80cbb","Nathapat Prabhananda|Kunjiranut Intarasin|Dan Pruekpayoong|Roipinit Khuansiri|Radchapon Phornpinit","2025-04-08T12:09:51.00Z","2026-05-26T09:32:13.00Z","1","12"
"12532","ปาตานีที่รัก","https://vipa.me/th/watch/pataniinlove","https://assets.vipa.nexbetter.com/pictures/3/d5/d7/d5d7e478-9242-4077-a9ca-0c89d53cf596","series","ปาตานีที่รัก","Drama","culture|people|Social Drama|Teen Drama","ปาตานีที่รัก|patani in love|patani|ภาคใต้|ปาตานี|จังหวัด|ปัตตานี|ยะลา|นราธิวาส|เพื่อน|มิตรภาพ|ละคร|ละครไทย|ละครไทยพีบีเอส|thai pbs|ความสัมพันธ์|ปัญหา|ธรรมชาติ|รถไฟ|เดินทาง|การเดินทาง|การผจญภัย|ผจญภัย|ประวัติศาสตร์|ชายแดน|ชายแดนใต้|วิถีชีวิต|สังคม|ผู้คน|ชีวิต|ประเพณี|วัฒนธรรม|ภาษา|เชื้อชาติ|ฟาริดา วัลเลอร์|วิภาส ศรีสุคนธ์|ธนวัต หัชลีฬหา|วรัญญู สุวรรณ|ณรัก ธรรมสุขีโย|สุพัฒนภา ปาลกวงศ์ ณ อยุธยา|สุนาถ บุญเป็ง","no_data","THA","5","5","2","no_data","true","https://assets.vipa.nexbetter.com/pictures/3/d5/d7/d5d7e478-9242-4077-a9ca-0c89d53cf596","https://assets.vipa.nexbetter.com/pictures/3/d5/d7/d5d7e478-9242-4077-a9ca-0c89d53cf596","https://assets.vipa.nexbetter.com/pictures/3/8e/ab/8eab1baf-ac74-47de-9f7e-184d9c17ef97","Farida Waller|Tanawat Hudchaleelaha|วิภาส ศรีสุคนธ์","2025-04-08T12:10:19.00Z","2025-07-24T08:26:03.00Z","1","7"
"12541","Homeland อัศจรรย์สตูล","https://vipa.me/th/watch/homeland","https://assets.vipa.nexbetter.com/files/3/af/c0/afc00f70-6944-45eb-8aaa-f00f43939421","series","Homeland อัศจรรย์สตูล","Documentary","people|culture","homeland|อัศจรรย์สตูล|สตูล|ภาคใต้|home land|กฤตานนท์ ทศกูล|กั้ม|กั้ม กฤตานนท์|ปู|บ้านเกิด|ทรัพยากรธรรมชาติ|มันนิ|นักล่า|โฮมแลนด์|คน|ถ้ำ|ทะเล","2023","THA","5","0","0","sign-language|closed-caption|audio-description","true","https://assets.vipa.nexbetter.com/files/3/54/ec/54eca13d-4a18-47a5-bb4f-0bb881cfa605","https://assets.vipa.nexbetter.com/files/3/af/c0/afc00f70-6944-45eb-8aaa-f00f43939421","https://assets.vipa.nexbetter.com/files/3/8a/3b/8a3b7748-9bee-4ba0-9d12-b474fe6bc33e","Krittanon Thotsagool","2025-04-08T12:10:37.00Z","2026-05-28T05:10:56.00Z","1","3"
"12553","หน้ากาก (Big Sign)","https://vipa.me/th/watch/themask-bigsign","https://assets.vipa.nexbetter.com/files/3/74/ff/74ff6527-1277-4285-8135-e282fa1ba0bf","series","หน้ากาก (Big Sign)","Drama","entertainment|culture|Social Drama","ธนเวทย์ สิริวัฒน์ธนกุล|แก๊ป ธนเวทย์|กรณ์นภัส เศรษฐรัตนพงศ์|ออม กรณ์นภัส|เนสท์ นิศาชล|นิศาชล สิ่วไธสง|ดวงใจ หิรัญศรี|อนุกูล หมอกชัย|วชร กัณหา|เลย|ผีตาโขน|หน้ากาก|ด่านซ้าย|ละคร|ละครไทย|ละครไทยพีบีเอส|ประเพณี|วัฒนธรรม|เทศกาล|big sign|ภาษามือ|sign language","2023","THA","5","0","0","sign-language|closed-caption","true","https://assets.vipa.nexbetter.com/files/3/74/ff/74ff6527-1277-4285-8135-e282fa1ba0bf","https://assets.vipa.nexbetter.com/files/3/74/ff/74ff6527-1277-4285-8135-e282fa1ba0bf","https://assets.vipa.nexbetter.com/files/3/49/bf/49bf515c-e201-4a93-9590-dcaf6ab38af8","Thanavate Siriwattanagul|Kornnaphat Sethratanapong|Nisachol Siwthaisong","2025-04-08T12:10:59.00Z","2025-07-24T08:26:57.00Z","1","2"
"12557","หนังพาไป ซีซัน 3","https://vipa.me/th/watch/moviepapai3","https://assets.vipa.nexbetter.com/pictures/3/52/bb/52bbc0fb-d0bb-4a46-afe3-a1ac5932161c","series","หนังพาไป ซีซัน 3","Food & Travel","Travel Shows|Travel Guides|Adventure Travel|Travel Documentaries","หนังพาไป ซีซั่น 3|หนังพาไป|ซีซัน 3|บอลยอด|พิศาล แสงจันทร์|ยอด พิศาล|ทายาท เดชเสถียร|บอล ทาบาท|การเดินทาง|เดินทาง|ผจญภัย|เที่ยว|ท่องเที่ยว|ภาษา|วัฒนธรรม","2015","THA","5","4","2","no_data","true","https://assets.vipa.nexbetter.com/pictures/3/52/bb/52bbc0fb-d0bb-4a46-afe3-a1ac5932161c","https://assets.vipa.nexbetter.com/pictures/3/52/bb/52bbc0fb-d0bb-4a46-afe3-a1ac5932161c","https://assets.vipa.nexbetter.com/files/3/8d/a3/8da3e6d8-13b1-4622-abe0-b694e2b48724","Taryart Datsathean|Phisan Sangjan","2025-04-08T12:11:06.00Z","2026-05-18T08:58:33.00Z","1","25"
"12584","รู้จักพี่ยาใจไหม ?","https://vipa.me/th/watch/yajai","https://assets.vipa.nexbetter.com/pictures/3/c9/8b/c98b14eb-0647-4ccd-b408-5ab2136f77d5","series","รู้จักพี่ยาใจไหม ?","Drama","drama|people|Family Drama","รู้จักพี่ยาใจไหม|นิศาชล สิ่วไธสง|เนสท์ นิศาชล|nest nisachol|โอ อนุชิต|อนุชิต สพันธุ์พงษ์|คิมม่อน วโรดม|วโรดม เข็มมณฑา|ขุณขิมมอญ|โมกิของคิมม่อน|โย ทัศน์วรรณ|ทัศน์วรรณ เสนีย์วงศ์ ณ อยุธยา|ทัศน์วรรณ เสนีย์วงศ์|มิ้ม รัตนวดี|รัตนวดี วงค์ทอง|mim rattanawadee|ลิฟท์ สุพจน์|สุพจน์ จันทร์เจริญ|โอนีล ฐิตินันท์|ฐิตินันท์ คลังเพชร|หมอนวด|หมอ|นวด|สุขภาพ|ชีวิต|ตลก|ละคร|ละครไทยพีบีเอส|thaipbs|thai pbs|แฟนตาซี|หัตถ์เทวดา|ยาใจ|ยาใจหัตถ์เทพ|อาชีพ|คอเมดี้","2024","THA","1","5","1","sign-language|closed-caption|audio-description","true","https://assets.vipa.nexbetter.com/pictures/3/c9/8b/c98b14eb-0647-4ccd-b408-5ab2136f77d5","https://assets.vipa.nexbetter.com/pictures/3/c9/8b/c98b14eb-0647-4ccd-b408-5ab2136f77d5","https://assets.vipa.nexbetter.com/pictures/3/81/fa/81fa9bd3-1a98-4354-b6d8-bb40879134cc","Nisachol Siwthaisong|Anuchit Sapunpohng|Warodom Khemmonta|Rattanawadee Wongthong|Supoj Janjareon","2025-04-08T12:12:05.00Z","2026-05-21T11:08:45.00Z","1","16"
"12602","ลูกเหล็ก เด็กชอบยก","https://vipa.me/th/watch/cleanandjerk","https://assets.vipa.nexbetter.com/files/3/4a/d8/4ad8d39d-0bc9-4d0d-9de1-34fc50c90e38","series","ลูกเหล็ก เด็กชอบยก","Drama","Family Drama","ยกน้ำหนัก|bnk48|ลูกเหล็ก|อรbnk|ละคร|พลวิชญ์ เกตุประภากร|ลูกเหล็ก เด็กชอบยก big sign|ลูกเหล็ก เด็กชอบยก|ปอนด์ พลวิชญ์|อร bnk48|ละครลูกเหล็ก เด็กชอบยก|กีฬา|ภาษามือ|big sign|อรอุ๋ง","2020","THA","5","0","0","sign-language|audio-description","true","https://assets.vipa.nexbetter.com/files/3/4a/d8/4ad8d39d-0bc9-4d0d-9de1-34fc50c90e38","https://assets.vipa.nexbetter.com/files/3/4a/d8/4ad8d39d-0bc9-4d0d-9de1-34fc50c90e38","https://assets.vipa.nexbetter.com/files/3/f7/f9/f7f91823-baa9-4e61-ba7c-68f127bbee77","Patchanan Jiajirachote|Ponlawit Ketprapakorn|Manipa Roopanya|Rachaya Tupkunanon|Nutchapon Rattanamongkol","2025-04-08T12:12:42.00Z","2025-07-24T08:40:42.00Z","1","13"
"12617","คนชายขอบ","https://vipa.me/th/watch/tribalcrossroads","https://assets.vipa.nexbetter.com/files/3/32/4d/324dd724-2507-4a22-ace7-f6eeb913ecdc","series","คนชายขอบ","Documentary","culture|people","ผู้คน|ความเหลื่อมล้ำ|ชุมชน|สารคดีไทยพีบีเอส|ประเพณี|คนชายขอบ|สารคดี|ชาติพันธุ์|documentary|วิถีชีวิต|สังคมไทย|ชนเผ่า|วัฒนธรรม|กลุ่มชาติพันธุ์|ชีวิต|สังคม","2024","THA","1","5","1","sign-language|audio-description","true","https://assets.vipa.nexbetter.com/files/3/ab/66/ab66b801-caaf-4ad4-a8d7-80a8ed3e4ac8","https://assets.vipa.nexbetter.com/files/3/32/4d/324dd724-2507-4a22-ace7-f6eeb913ecdc","https://assets.vipa.nexbetter.com/files/3/8f/44/8f449d32-efae-4acf-ad81-e897ebc26381","no_data","2025-04-08T12:13:12.00Z","2026-05-28T06:52:33.00Z","2","6"
"12626","สี่จิ๋วนักก่อสร้าง","https://vipa.me/th/watch/forklifter","https://assets.vipa.nexbetter.com/pictures/3/fe/80/fe80ea5e-8c60-421b-94ce-b013dae7154c","series","สี่จิ๋วนักก่อสร้าง","Kids & Family","Adventure","การ์ตูน|cartoon|animation|แอนิเมชัน|อนิเมชัน|ผจญภัย|รถยนต์|สี่จิ๋วนักก่อสร้าง|the fork lifter","2020","THA","1","0","0","closed-caption","true","https://assets.vipa.nexbetter.com/pictures/3/fe/80/fe80ea5e-8c60-421b-94ce-b013dae7154c","https://assets.vipa.nexbetter.com/pictures/3/fe/80/fe80ea5e-8c60-421b-94ce-b013dae7154c","https://assets.vipa.nexbetter.com/files/3/bb/fd/bbfdbd25-9b0c-47b0-b7c5-85cb19461976","no_data","2025-04-08T12:13:29.00Z","2025-12-03T10:48:18.00Z","1","26"
"12654","สวัสดีความสุข (Big Sign)","https://vipa.me/th/watch/hellohappy-bigsign","https://assets.vipa.nexbetter.com/files/3/0a/98/0a980cb5-1023-4c2a-a1c4-76e2384fe169","series","สวัสดีความสุข (Big Sign)","Drama","culture|people|Family Drama","ละคร|ละครไทย|ละครไทยพีบีเอส|สวัสดีความสุข|hello happy|พรอยมน|manasaproyy|ปกวรร์ฉัตร ชาญเฉลิมวรนันท์|tae darvid|ดาวิชญ์ กรีพลฤกษ์|เต้ ดาวิชญ์|หนู สุรศักดิ์|สุรศักดิ์ ชัยอรรถ|สืบ บุญส่ง|บุญส่ง นาคภู่|พิชญาภา นาถา|น้ำใส bnk48|น้ำใส พิชญาภา|โอ๊ต ภคพงศ์|ภคพงศ์ เทียนทอง|หมู่บ้าน|ชุมชน|บ้านเกิด|เพชบุรี|ความสุข|ครอบครัว|มิตรภาพ|ความสัมพันธ์|หมู่บ้านควันหลง|ทิวเขา|จอมนรี|เจนนี่|เจี๊ยบ|ชาวบ้าน|sign language|ภาษามือ|big sign","2023","THA","5","5","1","sign-language|closed-caption","true","https://assets.vipa.nexbetter.com/files/3/0a/98/0a980cb5-1023-4c2a-a1c4-76e2384fe169","https://assets.vipa.nexbetter.com/files/3/0a/98/0a980cb5-1023-4c2a-a1c4-76e2384fe169","https://assets.vipa.nexbetter.com/files/3/1f/45/1f45d024-fdcb-4cb2-b80d-0cfaa0bbfe60","Pokvorachat Chanchalermvoranun|Darvid Kreepolrerk|Surasak Chaiat|Pichayapa Natha|Boonsong Nakphoo","2025-04-08T12:14:27.00Z","2025-07-24T08:22:39.00Z","1","12"
"12668","ชีวิตใครใช้ซะ","https://vipa.me/th/watch/liveyourlife","https://assets.vipa.nexbetter.com/pictures/3/4c/b2/4cb2b133-f26d-4fd1-965b-35587fc0ba7c","series","ชีวิตใครใช้ซะ","Variety & LifeStyle","Travel Shows","ชีวิตใครใช้ซะ","2020","THA","5","0","0","no_data","true","https://assets.vipa.nexbetter.com/pictures/3/4c/b2/4cb2b133-f26d-4fd1-965b-35587fc0ba7c","https://assets.vipa.nexbetter.com/pictures/3/4c/b2/4cb2b133-f26d-4fd1-965b-35587fc0ba7c","https://assets.vipa.nexbetter.com/files/3/fd/5f/fd5f2b70-ae4f-4a69-b02c-cc867850a660","no_data","2025-04-08T12:14:56.00Z","2025-07-24T08:39:55.00Z","1","10"
"12680","TEA BOX ชายชรากับหมาบ้า (Big Sign)","https://vipa.me/th/watch/teabox-bigsign","https://assets.vipa.nexbetter.com/files/3/f8/bc/f8bc5715-030a-4b36-a433-127d605c79c3","series","TEA BOX ชายชรากับหมาบ้า (Big Sign)","Drama","drama|people|Melodrama|Family Drama","ครอบครัว|นิรุตติ์ ศิริจรรยา|หนิง นิรุตติ|ผู้สูงอายุ|ละคร|มิตรภาพ|ผู้สูงวัย|tea box ชายชรากับหมาบ้า|คุณค่าของชีวิต|เพื่อนบ้าน|ความสัมพันธ์|จี๋ สุทธิรักษ์|สุทธิรักษ์ ทรัพย์วิจิตร|sign language|ภาษามือ|big sign","2020","THA","5","5","1","sign-language","true","https://assets.vipa.nexbetter.com/files/3/f8/bc/f8bc5715-030a-4b36-a433-127d605c79c3","https://assets.vipa.nexbetter.com/files/3/f8/bc/f8bc5715-030a-4b36-a433-127d605c79c3","https://assets.vipa.nexbetter.com/files/3/80/98/8098c5db-44a1-4921-bb21-2fc376aa4f77","Nirut Sirijanya|Sutthirak Subvijitra","2025-04-08T12:15:20.00Z","2025-07-24T08:32:34.00Z","1","4"
"12686","หม้อข้าวหม้อแกง","https://vipa.me/th/watch/mhokhaomhogang","https://assets.vipa.nexbetter.com/pictures/3/12/54/125456aa-a341-4500-8548-4f9d4ec57de3","series","หม้อข้าวหม้อแกง","Kids & Family","Food Documentaries","หม้อข้าวหม้อแกง","2016","THA","1","4","2","no_data","true","https://assets.vipa.nexbetter.com/pictures/3/12/54/125456aa-a341-4500-8548-4f9d4ec57de3","https://assets.vipa.nexbetter.com/pictures/3/12/54/125456aa-a341-4500-8548-4f9d4ec57de3","https://assets.vipa.nexbetter.com/files/3/36/22/3622a095-99cb-4381-b66e-517984178160","no_data","2025-04-08T12:15:31.00Z","2025-07-24T08:39:36.00Z","1","12"
"12700","เด็กหลุดขอบ","https://vipa.me/th/watch/childrenfromcovid","https://assets.vipa.nexbetter.com/pictures/3/c8/bd/c8bd07a5-9dba-4bbb-97a1-f110643cc5be","series","เด็กหลุดขอบ","documentary","people|education","ครอบครัว|ยากจน|ความเหลื่อมล้ำ|covid 19|โควิด 19|ความเป็นอยู่|เยาวชน|การศึกษา|สารคดี|เด็กหลุดขอบ|โรคระบาด|เด็ก|covid-19|โควิด-19|วิถีชีวิต|ความรุนแรง|สังคม|ปัญหา|ปัญหาสังคม","2022","THA","5","5","1","no_data","true","https://assets.vipa.nexbetter.com/pictures/3/c8/bd/c8bd07a5-9dba-4bbb-97a1-f110643cc5be","https://assets.vipa.nexbetter.com/pictures/3/c8/bd/c8bd07a5-9dba-4bbb-97a1-f110643cc5be","https://assets.vipa.nexbetter.com/files/3/a9/f7/a9f7b1c9-2764-4419-a241-7182a264c605","no_data","2025-04-08T12:16:02.00Z","2025-07-24T08:39:25.00Z","1","4"
"12706","Made My Day วันนี้ดีที่สุด","https://vipa.me/th/watch/mademyday","https://assets.vipa.nexbetter.com/files/3/fb/63/fb639859-bb2c-4be9-b999-897e1fbbfa88","series","Made My Day วันนี้ดีที่สุด","Variety & LifeStyle","biography|people|Talk Shows","made my day|วันนี้ดีที่สุด|รายการ|ไทยพีบีเอส|thai pbs|สัมภาษณ์|บทสัมภาษณ์|แรงบันดาลใจ|พูดคุย|แลกเปลี่ยน|การใช้ชีวิต|ชีวิต|มุมมอง|แง่คิด|ข้อคิด|คุณค่า|การมีชีวิตอยู่|ใช้ชีวิต|สังคม|ทัศนคติ|บันเทิง|ศิลปิน|ดารา|นักร้อง|นักกีฬา","2024","THA","5","0","0","no_data","true","https://assets.vipa.nexbetter.com/files/3/fb/63/fb639859-bb2c-4be9-b999-897e1fbbfa88","https://assets.vipa.nexbetter.com/files/3/fb/63/fb639859-bb2c-4be9-b999-897e1fbbfa88","https://assets.vipa.nexbetter.com/files/3/a8/86/a886e1ff-8662-4b99-b64e-7ecf8732400d","no_data","2025-04-08T12:16:13.00Z","2025-07-24T08:39:15.00Z","1","51"
"12759","Koyori หลอมรวม สืบสาน งานหัตถศิลป์","https://vipa.me/th/watch/koyori","https://assets.vipa.nexbetter.com/pictures/3/90/f6/90f69b47-43dd-4547-b189-900456726080","series","Koyori หลอมรวม สืบสาน งานหัตถศิลป์","Variety & LifeStyle","documentary|culture|Cultural Programs|Hobbies & Crafts","koyori|หลอมรวม|สืบสาน|งานหัตถศิลป์|หัตถศิลป์|สารคดี|ผลิตภัณฑ์|นวัตกรรม|ออกแบบ|ภาคเหนือ|หัตถกรรม","2026","THA","5","4","1","closed-caption","true","https://assets.vipa.nexbetter.com/pictures/3/90/f6/90f69b47-43dd-4547-b189-900456726080","https://assets.vipa.nexbetter.com/pictures/3/90/f6/90f69b47-43dd-4547-b189-900456726080","https://assets.vipa.nexbetter.com/pictures/3/07/68/07686b35-f9ee-4748-8b67-db591882cf2c","no_data","2025-04-08T12:18:06.00Z","2026-04-03T10:45:48.00Z","4","41"
"12776","ทีมเพื่อน","https://vipa.me/th/watch/friendteam","https://assets.vipa.nexbetter.com/pictures/3/da/f2/daf2317c-dda4-494c-bc33-a6109a5cd53e","series","ทีมเพื่อน","Variety & LifeStyle","Reality Shows","ทีมเพื่อน|เพื่อน|รายการ|เดินทาง|ภาณุพรรณ จันทนะวงษ์|เจแปน ภาณุพรรณ","2020","THA","5","0","0","no_data","true","https://assets.vipa.nexbetter.com/pictures/3/da/f2/daf2317c-dda4-494c-bc33-a6109a5cd53e","https://assets.vipa.nexbetter.com/pictures/3/da/f2/daf2317c-dda4-494c-bc33-a6109a5cd53e","https://assets.vipa.nexbetter.com/files/3/f4/73/f473f1ae-dd33-4526-93b4-e771896bc79d","no_data","2025-04-08T12:18:40.00Z","2025-07-24T08:38:41.00Z","1","13"
"12791","หน้ากาก","https://vipa.me/th/watch/themask","https://assets.vipa.nexbetter.com/files/3/43/f1/43f15d0c-78d1-47ea-9104-17348c27990d","series","หน้ากาก","Drama","entertainment|culture|Social Drama","ธนเวทย์ สิริวัฒน์ธนกุล|แก๊ป ธนเวทย์|กรณ์นภัส เศรษฐรัตนพงศ์|ออม กรณ์นภัส|เนสท์ นิศาชล|นิศาชล สิ่วไธสง|ดวงใจ หิรัญศรี|อนุกูล หมอกชัย|วชร กัณหา|เลย|ผีตาโขน|หน้ากาก|ด่านซ้าย|ละคร|ละครไทย|ละครไทยพีบีเอส|ประเพณี|วัฒนธรรม|เทศกาล","2023","THA","1","0","0","sign-language|closed-caption|audio-description","true","https://assets.vipa.nexbetter.com/files/3/43/f1/43f15d0c-78d1-47ea-9104-17348c27990d","https://assets.vipa.nexbetter.com/files/3/43/f1/43f15d0c-78d1-47ea-9104-17348c27990d","https://assets.vipa.nexbetter.com/files/3/84/fd/84fd7218-96fa-4a9c-af8b-063fe3ffa8f1","Thanavate Siriwattanagul|Kornnaphat Sethratanapong|Nisachol Siwthaisong","2025-04-08T12:19:11.00Z","2025-07-24T08:38:41.00Z","1","2"
"12795","เจาะลึก...โลกนินจา","https://vipa.me/th/watch/ninja-trust","https://assets.vipa.nexbetter.com/pictures/3/d6/1c/d61ccea0-7b08-4bc2-b8ed-a62c43d06238","series","เจาะลึก...โลกนินจา","Documentary","culture|people|Cultural","สารคดี|documentary|best documentary|best doc|ninja truth|เจาะลึก โลกนินจา|นินจา|ญี่ปุ่น|ความจริง|เรื่องจริง|วัฒนธรรม|ว่าว|ต่อสู้|นินจา|ninja|truth","2018","THA","5","4","3","soundtrack","true","https://assets.vipa.nexbetter.com/pictures/3/d6/1c/d61ccea0-7b08-4bc2-b8ed-a62c43d06238","https://assets.vipa.nexbetter.com/pictures/3/d6/1c/d61ccea0-7b08-4bc2-b8ed-a62c43d06238","https://assets.vipa.nexbetter.com/pictures/3/b8/84/b884d75f-6870-42ec-889c-3242917d47c7","no_data","2025-04-08T12:19:19.00Z","2025-07-24T08:38:22.00Z","3","19"
"12808","ในรอยรส","https://vipa.me/th/watch/tastedetective","https://assets.vipa.nexbetter.com/files/3/31/8e/318ebae0-d2a7-454e-a96b-1c4cce268a3c","series","ในรอยรส","documentary","culture|food","ในรอยรส|taste detective|taste|detective|ในรอย|รส|รสชาติ|อาหาร|วัฒนธรรม|ประวัติศาสตร์|อาหารไทย|ศิลปะ|ผู้คน|เรื่องราว|ชีวิต|อาหารการกิน|ของกิน","2024","THA","1","3","8","no_data","true","https://assets.vipa.nexbetter.com/files/3/31/8e/318ebae0-d2a7-454e-a96b-1c4cce268a3c","https://assets.vipa.nexbetter.com/files/3/31/8e/318ebae0-d2a7-454e-a96b-1c4cce268a3c","https://assets.vipa.nexbetter.com/files/3/ed/71/ed71b90c-81ba-44c3-a5d8-87ece40aaf90","no_data","2025-04-08T12:19:44.00Z","2025-07-24T08:38:10.00Z","1","10"
"12820","7 อัคนี พิทักษ์จักรวาล","https://vipa.me/th/watch/theagni","https://assets.vipa.nexbetter.com/files/3/2d/4e/2d4ece38-437d-42c6-9ea7-d6783ba3ff63","series","7 อัคนี พิทักษ์จักรวาล","Drama","kids|family|Fantasy Drama|Fantasy Drama","7 อัคนี พิทักษ์จักรวาล|7 อัคนี|พิทักษ์จักรวาล|altv|เด็ก|ครอบครัว|kids|family|เจ้าหญิง|อัคนี|จักรวาล|ปีศาจ|ครอบงำ|มืดมิด|หิน|พลัง|ความชั่วร้าย","2023","THA","1","5","1","audio-description","true","https://assets.vipa.nexbetter.com/files/3/80/24/802448bc-4001-4924-ba30-37c2a00e527d","https://assets.vipa.nexbetter.com/files/3/2d/4e/2d4ece38-437d-42c6-9ea7-d6783ba3ff63","https://assets.vipa.nexbetter.com/files/3/7d/0d/7d0d70aa-51ef-46ed-86f6-f5aef1cd0fff","no_data","2025-04-08T12:20:07.00Z","2026-05-28T07:15:43.00Z","1","10"
"12832","สะพานแสงดาว","https://vipa.me/th/watch/sapansangdao","https://assets.vipa.nexbetter.com/pictures/3/1b/f4/1bf4f6d5-85f5-4e1d-ab99-f03c00400a43","series","สะพานแสงดาว","Drama","family|Family Drama|Social Drama","สะพานแสงดาว|ศุภณัฐ เฉลิมชัยเจริญกิจ|ธนบัตร งามกมลชัย|ปาณิสรา ปริญญารักษ์|กาญจน์ปพน เล่าลือเกียรติ|วรฤทธิ์ เฟื่องอารมย์|ละคร|ครอบครัว|ความสัมพันธ์|สะพาน|ทหาร|น้ำท่วม|เชียงใหม่|มิตรภาพ|อ๊อฟ ศุภณัฐ|บอส ธนบัตร|น็อต วรฤทธิ์","2022","THA","5","0","0","no_data","true","https://assets.vipa.nexbetter.com/pictures/3/1b/f4/1bf4f6d5-85f5-4e1d-ab99-f03c00400a43","https://assets.vipa.nexbetter.com/pictures/3/1b/f4/1bf4f6d5-85f5-4e1d-ab99-f03c00400a43","https://assets.vipa.nexbetter.com/files/3/fb/0a/fb0a8177-034d-4b73-8605-73ba09ed3dad","Supanat Chalermchaichareonkij|Thanabat Ngamkamolchai|Vorarit Fuangarome|Panisara Prinyarux","2025-04-08T12:20:31.00Z","2025-10-29T10:23:03.00Z","1","2"
"12836","ถ้ำหลวง","https://vipa.me/th/watch/thaicaverescue","https://assets.vipa.nexbetter.com/files/3/c3/f1/c3f13a5b-7a21-4adb-bcdb-21cd10f8d5f3","series","ถ้ำหลวง","Documentary","Social/Political|Expository","สารคดี ถ้ำหลวง|ถ้ำหลวง|สารคดี|สารคดีไทย|สารคดีไทยพีบีเอส|ภารกิจ|ค้นหา|13 หมูป่า","no_data","THA","5","4","1","sign-language","true","https://assets.vipa.nexbetter.com/files/3/a8/1b/a81b1349-8204-4a2a-aed5-d55bf18d0e8d","https://assets.vipa.nexbetter.com/files/3/c3/f1/c3f13a5b-7a21-4adb-bcdb-21cd10f8d5f3","https://assets.vipa.nexbetter.com/files/3/11/6f/116f7838-a874-4d9f-9c8d-97d200711ad2","no_data","2025-04-08T12:20:39.00Z","2025-07-24T08:37:44.00Z","2","6"
"12845","English Breakfast","https://vipa.me/th/watch/englishbreakfast","https://assets.vipa.nexbetter.com/pictures/3/f3/c2/f3c23d42-2330-4e5e-b698-ac5d98d00b44","series","English Breakfast","Education","Edutainment","english breakfast|english|breakfast","2020","THA","1","0","0","no_data","true","https://assets.vipa.nexbetter.com/pictures/3/f3/c2/f3c23d42-2330-4e5e-b698-ac5d98d00b44","https://assets.vipa.nexbetter.com/pictures/3/f3/c2/f3c23d42-2330-4e5e-b698-ac5d98d00b44","https://assets.vipa.nexbetter.com/files/3/17/b6/17b6e4a2-b4cd-40e0-81fe-ca5785de7e1e","no_data","2025-04-08T12:20:55.00Z","2025-07-24T08:37:23.00Z","1","16"
"12863","The Interns หมอ มือ ใหม่","https://vipa.me/th/watch/theinterns","https://assets.vipa.nexbetter.com/pictures/3/da/33/da334735-f839-4595-9e9e-3466bf73b9e3","series","The Interns หมอ มือ ใหม่","Drama","entertainment|people|Medical Drama","the interns|หมอ มือ ใหม่|หมอ|นักเรียนแพทย์|แพทย์|interns|วิชาชีพ|ปกวรร์ฉัตร ชาญเฉลิมวรนันท์|วโรดม เข็มมณฑา|นฤภรกมล ฉายแสง|พลวิชญ์ เกตุประภากร|รินรดา ธุระพันธ์|พรอยมน|คิมม่อน วโรดม|แพรว นฤภรกมล|ปอนด์ พลวิชญ์|โยชิ รินรดา","2023","THA","5","5","1","sign-language|closed-caption|audio-description","true","https://assets.vipa.nexbetter.com/pictures/3/da/33/da334735-f839-4595-9e9e-3466bf73b9e3","https://assets.vipa.nexbetter.com/pictures/3/da/33/da334735-f839-4595-9e9e-3466bf73b9e3","https://assets.vipa.nexbetter.com/pictures/3/e4/4d/e44d801b-97ec-4faf-bff2-03149c359c8f","Pokvorachat Chanchalermvoranun|Warodom Khemmonta|Ponlawit Ketprapakorn|Rinrada Thurapan|Narupornkamo Chaisang","2025-04-08T12:21:33.00Z","2026-06-11T07:52:18.00Z","1","16"
"12882","ลิตเติ้ล โพนี่...มหัศจรรย์แห่งมิตรภาพ","https://vipa.me/th/watch/littlepony","https://assets.vipa.nexbetter.com/pictures/3/13/97/13973e6e-ea4d-49a2-a6db-bac0ca922fb9","series","ลิตเติ้ล โพนี่...มหัศจรรย์แห่งมิตรภาพ","Kids & Family","kids|family|Animation|Fantasy","my little pony|pony|friendship|magic|friendship is magic|ลิตเติ้ล โพนี่|ลิตเติ้ล|โพนี่|มิตรภาพ|เพื่อน|ผจญภัย|มหัศจรรย์แห่งมิตรภาพ|ทไวไลท์ สปาร์คเคิล|สไปค์|เวทมนตร์|การ์ตูน|อนิเมชั่น|แอนิเมชั่น|cartoon|animation","2012","THA","2","4","4","soundtrack","true","https://assets.vipa.nexbetter.com/pictures/3/cf/59/cf599214-ac47-43ac-ac79-05f159048a07","https://assets.vipa.nexbetter.com/pictures/3/13/97/13973e6e-ea4d-49a2-a6db-bac0ca922fb9","https://assets.vipa.nexbetter.com/files/3/42/c1/42c1c691-c475-4624-b53b-4068013b6496","no_data","2025-04-08T12:22:12.00Z","2026-05-18T05:02:00.00Z","2","39"
"12910","อัศจรรย์ปลายักษ์ฝูงสุดท้าย","https://vipa.me/th/watch/lastofthegiants","https://assets.vipa.nexbetter.com/pictures/3/1d/22/1d226db4-79d7-42c1-bbca-da16dcee095d","series","อัศจรรย์ปลายักษ์ฝูงสุดท้าย","Documentary","nature-environment|pets-animals|Nature/Environmental","สารคดี|documentary|best documentary|best doc|last of the giants|อัศจรรย์ปลายักษ์ฝูงสุดท้าย|ปลายักษ์|ปลา|สัตว์|สัตว์น้ำ|ทะเล|แม่น้ำ|คลอง|ทะเลสาบ|giant|น้ำ|นักล่าปลา|แคนาดา|ปลาสเตอร์เจียนยักษ์|canada|fish|ไซริล โชเกต์|สำรวจ|ผจญภัย","2023","THA","1","4","3","soundtrack","true","https://assets.vipa.nexbetter.com/pictures/3/5c/aa/5caa789f-e08e-41b7-9d93-8ccd85775ae8","https://assets.vipa.nexbetter.com/pictures/3/1d/22/1d226db4-79d7-42c1-bbca-da16dcee095d","https://assets.vipa.nexbetter.com/files/3/22/fb/22fb9116-f7b0-48f5-bf50-d7fd5b070531","no_data","2025-04-08T12:23:09.00Z","2026-07-25T06:57:43.00Z","1","8"
"12920","มันนี่ที่รัก","https://vipa.me/th/watch/moneyhoney","https://assets.vipa.nexbetter.com/files/3/59/09/5909057e-5736-4ac1-b184-7161adf2eec6","series","มันนี่ที่รัก","Drama","Sitcom|Family Drama","พีค ภีมพล|ชุมชน|money ที่รัก|ซิตคอม|มันนี่ที่รัก|ถูกลอตเตอรี่|บิ๊ก ทองภูมิ|เบลล์ เขมิศรา|เอ๋ มณีรัตน์|ตลาดสด|ของขวัญ","2020","THA","5","4","1","closed-caption","true","https://assets.vipa.nexbetter.com/files/3/59/09/5909057e-5736-4ac1-b184-7161adf2eec6","https://assets.vipa.nexbetter.com/files/3/59/09/5909057e-5736-4ac1-b184-7161adf2eec6","https://assets.vipa.nexbetter.com/files/3/59/09/5909057e-5736-4ac1-b184-7161adf2eec6","Kemisara Paladesh|Peemapol Panichtamrong|Klot Atthaseri Atthaseri|Prima Ratchata|Sukhapat Lohwacharin","2025-04-08T12:23:29.00Z","2025-07-24T08:36:46.00Z","7","130"
"13058","ธรรมชาติ...มาโชว์","https://vipa.me/th/watch/naturalmashow","https://assets.vipa.nexbetter.com/pictures/3/28/3b/283b4ecd-c7e4-4a08-8185-c1c1291826d4","series","ธรรมชาติ...มาโชว์","Kids & Family","family|kids","สิ่งมีชีวิต|ครอบครัว|ธรรมชาติวิทยา|เรียนรู้|สารคดี|ธรรมชาติมาโชว์|เด็ก|ธรรมชาติ|ระบบนิเวศ|สิ่งแวดล้อม|รายการ","2021","THA","1","0","0","no_data","true","https://assets.vipa.nexbetter.com/pictures/3/28/3b/283b4ecd-c7e4-4a08-8185-c1c1291826d4","https://assets.vipa.nexbetter.com/pictures/3/28/3b/283b4ecd-c7e4-4a08-8185-c1c1291826d4","https://assets.vipa.nexbetter.com/files/3/11/50/11506271-a4dc-4256-bb99-0fbccd3bc31d","no_data","2025-04-08T12:28:50.00Z","2025-07-24T08:36:37.00Z","2","30"
"13091","Reunion เรียนอยู่นี่","https://vipa.me/th/watch/reunion","https://assets.vipa.nexbetter.com/files/3/e1/5f/e15f4851-e393-4698-9514-d468c0b119a7","series","Reunion เรียนอยู่นี่","Drama","entertainment|people|Social Drama","reunion|เรียนอยู่นี่|reunion เรียนอยู่นี่|มิตรภาพ|เพื่อน|ความสัมพันธ์|ผู้สูงอายุ|ผู้สูงวัย|ครอบครัว|ทนงศักดิ์ ศุภการ|ไพบูลย์เกียรติ เขียวแก้ว|วิยะดา อุมารินทร์|รอง เค้ามูลคดี|อุทุมพร ศิลาพันธ์|ปนัดดา โกมารทัต|สมชาย ศักดิกุล|ธนบัตร งามกมลชัย|มณีรัตน์ คําอ้วน","2021","THA","5","4","1","sign-language|closed-caption|audio-description","true","https://assets.vipa.nexbetter.com/files/3/e1/5f/e15f4851-e393-4698-9514-d468c0b119a7","https://assets.vipa.nexbetter.com/files/3/e1/5f/e15f4851-e393-4698-9514-d468c0b119a7","https://assets.vipa.nexbetter.com/files/3/a2/b8/a2b81490-07dd-415f-8207-31e4947456e7","Rong Kaomulkadee|Paibuljkiat Kheokao|Thanongsak  Suphakan|Uthumporn Silaphan|Viyada Umarin","2025-04-08T12:29:57.00Z","2025-07-24T08:36:21.00Z","1","12"
"13105","อนุบาลคืออนาคต","https://vipa.me/th/watch/elementaryisfuture","https://assets.vipa.nexbetter.com/pictures/3/4b/7e/4b7e4482-ccf6-41ff-838d-c2518c90b08a","series","อนุบาลคืออนาคต","Kids & Family","family","นักเรียน|อนุบาล|ครอบครัว|โรงเรียน|learning loss|เรียลลิตี้|เรียน|เรียนรู้|การศึกษา|สารคดี|ปฐมวัย|เด็ก|สอน|อนาคต|ครู|คุณครู|การเรียนรู้|อนุบาลคืออนาคต|ปัญหา|เด็กและครอบครัว","2023","THA","1","0","0","no_data","true","https://assets.vipa.nexbetter.com/pictures/3/4b/7e/4b7e4482-ccf6-41ff-838d-c2518c90b08a","https://assets.vipa.nexbetter.com/pictures/3/4b/7e/4b7e4482-ccf6-41ff-838d-c2518c90b08a","https://assets.vipa.nexbetter.com/files/3/1e/f8/1ef8dd6a-ae14-4c5b-b465-c03396189d94","no_data","2025-04-08T12:30:28.00Z","2025-07-24T08:36:02.00Z","1","4"
"13111","ขยะวิทยา 101","https://vipa.me/th/watch/garbage","https://assets.vipa.nexbetter.com/pictures/3/a2/3e/a23e7596-177a-4d0e-8579-724b7656f748","series","ขยะวิทยา 101","Variety & LifeStyle","documentary|education|Reality Shows|Lifestyle Tips|Cultural Programs","ขยะวิทยา 101|กตัญญู สว่างศรี|ขยะ|ขยะวิทยา|สิ่งแวดล้อม|สภาพแวดล้อม|สังคม","2017","THA","5","0","0","closed-caption","true","https://assets.vipa.nexbetter.com/pictures/3/a2/3e/a23e7596-177a-4d0e-8579-724b7656f748","https://assets.vipa.nexbetter.com/pictures/3/a2/3e/a23e7596-177a-4d0e-8579-724b7656f748","https://assets.vipa.nexbetter.com/files/3/3b/e5/3be5353e-d30c-46b0-990b-3d727877fa50","no_data","2025-04-08T12:30:39.00Z","2025-07-24T08:35:54.00Z","1","4"
"13117","วงแหวนใต้สำนึก","https://vipa.me/th/watch/wongwaen","https://assets.vipa.nexbetter.com/pictures/3/32/ea/32ea082a-e571-4707-b793-3bcd6f4a5fd4","series","วงแหวนใต้สำนึก","News & Factural","documentary|people|health|Reality-based Factual Programs","วงแหวนใต้สำนึก|วงแหวน|ใต้สำนึก|ภาพยนตร์|สารคดี|หนัง|thai pbs|เรื่องสั้น|โรคจิตเวช|จิตเวช|สุขภาพจิต|สุขภาพ|ใจ|จิต|โรคจิต|บ้า|สังคม|ชีวิต|สะท้อนสังคม|สังคมไทย","2020","THA","5","5","1","closed-caption|audio-description","true","https://assets.vipa.nexbetter.com/pictures/3/32/ea/32ea082a-e571-4707-b793-3bcd6f4a5fd4","https://assets.vipa.nexbetter.com/pictures/3/32/ea/32ea082a-e571-4707-b793-3bcd6f4a5fd4","https://assets.vipa.nexbetter.com/files/3/7c/4d/7c4da246-bfc3-4d2f-b9d8-26fa36f86a41","no_data","2025-04-08T12:30:50.00Z","2025-07-24T08:35:44.00Z","1","6"
"13125","รากสุวรรณภูมิ","https://vipa.me/th/watch/raksuvarnabhumi","https://assets.vipa.nexbetter.com/pictures/3/3c/5d/3c5d68e5-a6e1-4dfe-b907-fddd891841c5","series","รากสุวรรณภูมิ","Documentary","history|culture|Historical","รากสุวรรณภูมิ|สารคดี|โบราณคดี|นักโบราณคดี|วัฒนธรรม|วิถีชีวิต|อดีต|ประวัติศาสตร์|ไทย|ความเป็นไทย","2023","THA","5","4","4","audio-description","true","https://assets.vipa.nexbetter.com/pictures/3/3c/5d/3c5d68e5-a6e1-4dfe-b907-fddd891841c5","https://assets.vipa.nexbetter.com/pictures/3/3c/5d/3c5d68e5-a6e1-4dfe-b907-fddd891841c5","https://assets.vipa.nexbetter.com/files/3/c9/74/c974b66e-bba3-4e25-9c63-f95042c74988","no_data","2025-04-08T12:31:06.00Z","2026-03-24T08:30:16.00Z","2","13"
"13153","Olympic Focus 2020","https://vipa.me/th/watch/1706692985923478900","https://assets.vipa.nexbetter.com/files/3/f8/0e/f80edb16-4a3e-4c83-9db4-1fb038c6f071","series","Olympic Focus 2020","Documentary","Expository","สารคดี|olympic focus 2020|documentary|olympics|olympics 2020|โอลิมปิกเกมส์|ญี่ปุ่น|olympic|มหกรรมกีฬา|กีฬา|แข่งขัน|เจ้าภาพ|พาราลิมปิก|พาราลิมปิกเกมส์|paralympic|paralympics","2021","THA","5","5","1","no_data","true","https://assets.vipa.nexbetter.com/files/3/f8/0e/f80edb16-4a3e-4c83-9db4-1fb038c6f071","https://assets.vipa.nexbetter.com/files/3/f8/0e/f80edb16-4a3e-4c83-9db4-1fb038c6f071","https://assets.vipa.nexbetter.com/files/3/f8/0e/f80edb16-4a3e-4c83-9db4-1fb038c6f071","no_data","2025-04-08T12:32:01.00Z","2025-07-24T08:35:12.00Z","1","2"
"13157","Letter From The Sun ครั้งนั้น…ไม่เคยลืม (Big Sign)","https://vipa.me/th/watch/letterfromthesun-bigsign","https://assets.vipa.nexbetter.com/files/3/6b/4a/6b4adadc-6d44-4653-a184-9c65628cc7c1","series","Letter From The Sun ครั้งนั้น…ไม่เคยลืม (Big Sign)","Drama","entertainment|culture|Family Drama","letter from the sun|พลวัฒน์ มนูประเสริฐ|ครั้งนั้นไม่เคยลืม|ปอนด์ รุ่งรัตน์|ละครไทย|ละครไทยพีบีเอส|หัตถกรรม|มายด์ วรัทยา|ละคร|คิ้ว อนงค์นาถ|วรัทยา ว่องชยาภรณ์|อาคิโกะ โอเซกิ|ญี่ปุ่น|ศิลปะ|ไทย|งานฝีมือ|พิชญ์พงษ์ นาคะยืนยงสุข|จดหมาย|จี๋ สุทธิรักษ์|ความทรงจำ|ย่านลิเภา|จักสาน|สุทธิรักษ์ ทรัพย์วิจิตร|วัฒนธรรม|อนงค์นาถ ยูสานนท์|รุ่งรัตน์ ดวงขวัญ|วอดก้า พิชญ์พงษ์|sign language|ภาษามือ|ต้อม พลวัฒน์|big sign|จักสานย่านลิเภา","2023","THA","5","5","1","sign-language|closed-caption","true","https://assets.vipa.nexbetter.com/files/3/6b/4a/6b4adadc-6d44-4653-a184-9c65628cc7c1","https://assets.vipa.nexbetter.com/files/3/6b/4a/6b4adadc-6d44-4653-a184-9c65628cc7c1","https://assets.vipa.nexbetter.com/files/3/3d/15/3d152ed1-35f1-41e8-8d11-c46bf0bf585d","Sutthirak Subvijitra|Thanidaphat Tinsutthinanon","2025-04-08T12:32:08.00Z","2025-08-07T03:44:50.00Z","1","2"
"13161","อีกสักครั้งกับหนังพาไป","https://vipa.me/th/watch/moviepapaiagain","https://assets.vipa.nexbetter.com/pictures/3/83/79/8379aab3-2a03-4e63-96f8-8808896ae4fe","series","อีกสักครั้งกับหนังพาไป","Food & Travel","Adventure Travel|Travel Documentaries|Travel Guides","อีกสักครั้งกับหนังพาไป|หนังพาไป|บอล|ยอด|พิศาล แสงจันทร์|ยอด พิศาล|ทายาท เดชเสถียร|บอล ทายาท|เดินทาง|ท่องเที่ยว|การเดินทาง|เที่ยว|ต่างประเทศ|ภาษา|วัฒนธรรม|สังคม|ชีวิต","2016","THA","5","4","1","no_data","true","https://assets.vipa.nexbetter.com/pictures/3/83/79/8379aab3-2a03-4e63-96f8-8808896ae4fe","https://assets.vipa.nexbetter.com/pictures/3/83/79/8379aab3-2a03-4e63-96f8-8808896ae4fe","https://assets.vipa.nexbetter.com/files/3/a0/6b/a06bdca0-0573-49bb-aa04-c699ee72b514","Taryart Datsathean|Phisan Sangjan","2025-04-08T12:32:15.00Z","2026-05-18T09:00:25.00Z","1","13"
"13180","มหัศจรรย์ธรรมชาติ","https://vipa.me/th/watch/biodiversityinthailand","https://assets.vipa.nexbetter.com/files/3/51/78/51782ea5-5a18-42e8-bf03-51ce6af2dcbc","series","มหัศจรรย์ธรรมชาติ","Documentary","nature-environment|pets-animals|Nature/Environmental","biodiversity|thailand|biodiversity in thailand|มหัศจรรย์ธรรมชาติ|สารคดี|สารคดีไทย|สารคดีไทยพีบีเอส|tha pbs|ความหลากหลาย|ธรรมชาติ|สิ่งมีชีวิต|สัตว์|สัตว์ป่า|ขีวิต|ชีวภาพ|ภาพยนตร์|4k","2024","THA","1","4","2","sign-language|4k|audio-description","true","https://assets.vipa.nexbetter.com/files/3/9f/e5/9fe5564a-bee6-494e-ad15-2f699d36484f","https://assets.vipa.nexbetter.com/files/3/51/78/51782ea5-5a18-42e8-bf03-51ce6af2dcbc","https://assets.vipa.nexbetter.com/files/3/ea/2a/ea2a61ab-c11d-48f7-9116-b8e5c420da82","no_data","2025-04-08T12:32:55.00Z","2026-05-19T09:35:59.00Z","1","3"
"13185","โตแล้วไม่ถอย","https://vipa.me/th/watch/grownup","https://assets.vipa.nexbetter.com/pictures/3/f6/52/f65227d0-92d9-4b7d-919f-cf74e12849d1","series","โตแล้วไม่ถอย","Kids & Family","Documentary","โตแล้วไม่ถอย|ปฐมวัย|โรงเรียน|นักเรียน|ครู|คุณครู|การศึกษา|สอน|เรียน|เรียนรู้|ปัญหา|คุณภาพชีวิต|covid-19|โควิด-19|ความฝัน|การเติบโต|การเลี้ยงดู","2023","THA","1","5","1","no_data","true","https://assets.vipa.nexbetter.com/pictures/3/f6/52/f65227d0-92d9-4b7d-919f-cf74e12849d1","https://assets.vipa.nexbetter.com/pictures/3/f6/52/f65227d0-92d9-4b7d-919f-cf74e12849d1","https://assets.vipa.nexbetter.com/files/3/6c/92/6c925478-1b6c-4d4e-97d5-bccc2fb3dff2","no_data","2025-04-08T12:33:04.00Z","2025-07-24T08:31:15.00Z","1","4"
"13191","ONE MAN AND THE RIVER หนึ่งคนว่าย หลายคนให้","https://vipa.me/th/watch/1754799356513307532","https://assets.vipa.nexbetter.com/files/3/b7/64/b764a30e-7bd9-4d45-b3f2-b3e9ce06a641","series","ONE MAN AND THE RIVER หนึ่งคนว่าย หลายคนให้","documentary","people|documentary","หลายคนให้|ภาคิน คำวิลัยศักดิ์|โรงพยาบาล|แขวงคำม่วน|แม่น้ำโขง|หนึ่งคนว่าย|นครพนม|โรงพยาบาลแขวงคำม่วน|หนึ่งคนว่าย หลายคนให้|ธรรมชาติ|ว่ายน้ำ|โรงพยาบาลนครพนม|one man and the river|โตโน่ ภาคิน|สิ่งแวดล้อม|โตโน่","2022","THA","5","5","1","no_data","true","https://assets.vipa.nexbetter.com/files/3/b7/64/b764a30e-7bd9-4d45-b3f2-b3e9ce06a641","https://assets.vipa.nexbetter.com/files/3/b7/64/b764a30e-7bd9-4d45-b3f2-b3e9ce06a641","https://assets.vipa.nexbetter.com/files/3/b7/64/b764a30e-7bd9-4d45-b3f2-b3e9ce06a641","no_data","2025-04-08T12:33:16.00Z","2025-07-24T08:31:01.00Z","2","3"
"13197","Drive 2 คู่หูนักปรุง by เชฟโจ เชฟก้อง","https://vipa.me/th/watch/drive2","https://assets.vipa.nexbetter.com/pictures/3/b5/d9/b5d9af3f-06c5-4267-b878-b498bc4add8a","series","Drive 2 คู่หูนักปรุง by เชฟโจ เชฟก้อง","Variety & LifeStyle","Cooking Shows","drive 2 คู่หูนักปรุง","2020","THA","5","4","1","no_data","true","https://assets.vipa.nexbetter.com/pictures/3/b5/d9/b5d9af3f-06c5-4267-b878-b498bc4add8a","https://assets.vipa.nexbetter.com/pictures/3/b5/d9/b5d9af3f-06c5-4267-b878-b498bc4add8a","https://assets.vipa.nexbetter.com/files/3/d5/8a/d58a39c2-34cd-4cc2-ab26-a62ab7cca384","no_data","2025-04-08T12:33:26.00Z","2025-07-24T08:30:49.00Z","1","20"
"13219","รถรางเที่ยวสุดท้าย (Big Sign)","https://vipa.me/th/watch/onceuponatime-bigsign","https://assets.vipa.nexbetter.com/files/3/59/fb/59fba0df-c8e3-4cc2-998c-1948167eb607","series","รถรางเที่ยวสุดท้าย (Big Sign)","Drama","entertainment|people|Family Drama","ละคร|รถราง|รถรางเที่ยวสุดท้าย|อาหนิง นิรุตติ์|หนิง นิรุตติ์|นิรุตติ์ ศิริจรรยา|ก้าวหน้าครับผม|kaownah|ก้าวหน้า กิตติภัทร|กิตติภัทร แก้วเจริญ|ปอนด์ พลวิชญ์|พลวิชญ์ เกตุประภากร|pond ponlawit|หมู สมภพ|สมภพ เบญจาทิกุล|ตังตัง นัฐรุจี|นัฐรุจี วิศวนารถ|ต๊งเหน่ง รัดเกล้า|รัดเกล้า อามระดิษ|ผู้สูงวัย|ผู้สูงอายุ|ครอบครัว|ความสัมพันธ์|เพื่อน|มิตรภาพ|ร้านอาหาร|เจ้าของร้านอาหาร|เขียนบท|ความฝัน|แรงบันดาลใจ|ละครไทยพี|ละครไทยพีบีเอส|sign language|ภาษามือ|big sign","2024","THA","5","5","1","sign-language|closed-caption|audio-description","true","https://assets.vipa.nexbetter.com/files/3/59/fb/59fba0df-c8e3-4cc2-998c-1948167eb607","https://assets.vipa.nexbetter.com/files/3/59/fb/59fba0df-c8e3-4cc2-998c-1948167eb607","https://assets.vipa.nexbetter.com/files/3/10/78/1078de09-2b60-4cbf-8ab8-f1f69f174cfc","Nirut Sirijanya|Rudklao Amratisha|Kittipat Kaewcharoen|Ponlawit Ketprapakorn|Nutrugee Wisawanart","2025-04-08T12:34:15.00Z","2026-02-18T04:27:34.00Z","1","12"
"13233","รถรางเที่ยวสุดท้าย","https://vipa.me/th/watch/onceuponatime","https://assets.vipa.nexbetter.com/files/3/9d/00/9d00bfac-c491-4354-838f-a5e1ef4543b4","series","รถรางเที่ยวสุดท้าย","Drama","entertainment|people|Family Drama","ละคร|รถราง|รถรางเที่ยวสุดท้าย|อาหนิง นิรุตติ์|หนิง นิรุตติ์|นิรุตติ์ ศิริจรรยา|ก้าวหน้าครับผม|kaownah|ก้าวหน้า กิตติภัทร|กิตติภัทร แก้วเจริญ|ปอนด์ พลวิชญ์|พลวิชญ์ เกตุประภากร|pond ponlawit|หมู สมภพ|สมภพ เบญจาทิกุล|ตังตัง นัฐรุจี|นัฐรุจี วิศวนารถ|ต๊งเหน่ง รัดเกล้า|รัดเกล้า อามระดิษ|ผู้สูงวัย|ผู้สูงอายุ|ครอบครัว|ความสัมพันธ์|เพื่อน|มิตรภาพ|ร้านอาหาร|เจ้าของร้านอาหาร|เขียนบท|ความฝัน|แรงบันดาลใจ|ละครไทยพี|ละครไทยพีบีเอส","2024","THA","5","5","2","sign-language|closed-caption|audio-description","true","https://assets.vipa.nexbetter.com/files/3/9d/00/9d00bfac-c491-4354-838f-a5e1ef4543b4","https://assets.vipa.nexbetter.com/files/3/9d/00/9d00bfac-c491-4354-838f-a5e1ef4543b4","https://assets.vipa.nexbetter.com/files/3/73/a2/73a24792-ac88-4f4a-b842-b9f6099693de","Nirut Sirijanya|Rudklao Amratisha|Kittipat Kaewcharoen|Ponlawit Ketprapakorn|Nutrugee Wisawanart","2025-04-08T12:34:44.00Z","2026-02-18T04:23:51.00Z","1","12"
"13247","โลกในมุมมองของสรรพสัตว์","https://vipa.me/th/watch/animalswithcameras","https://assets.vipa.nexbetter.com/files/3/0a/a7/0aa7fcce-3137-4015-b3ec-0198bc292abf","series","โลกในมุมมองของสรรพสัตว์","Documentary","pets-animals|nature-environment|Nature/Environmental","สารคดี|documentary|best documentary|best doc|animals with cameras|animals|cameras|camera|animal|สัตว์|สัตว์ป่า|สัตว์ทะเล|ธรรมชาติ|โลกในมุมมองของสรรพสัตว์|สิ่งมีชีวิต|ป่า|ทะเล|กล้อง|ชีวิต|วิถีชีวิต|ติดกล้อง|ท่องโลกกว้าง|bbc","2021","no_data","1","0","0","soundtrack","true","https://assets.vipa.nexbetter.com/files/3/25/51/25519ef4-d5f3-432d-8f00-1dea5114fbf9","https://assets.vipa.nexbetter.com/files/3/0a/a7/0aa7fcce-3137-4015-b3ec-0198bc292abf","https://assets.vipa.nexbetter.com/files/3/2e/2d/2e2de050-e952-4ae7-8163-3656df81899c","no_data","2025-04-08T12:35:14.00Z","2025-07-24T08:29:17.00Z","2","5"
"13255","ไทยศิลป์","https://vipa.me/th/watch/thaicraft","https://assets.vipa.nexbetter.com/pictures/3/a1/f0/a1f0e489-b6bc-4a3a-a21f-ed820a52e052","series","ไทยศิลป์","Documentary","culture|people|Social/Political","ไทยศิลป์|ไทย|ศิลป์|ศิลปะ|วัฒนธรรม|ช่างศิลป์|ศิลปิน|จิตวิญญาณ|ความเชื่อ|ศรัทธา|ผลงาน|ฝีมือ|งานฝีมือ|จิตรกรรม|4k","2023","THA","5","5","2","4k|closed-caption","true","https://assets.vipa.nexbetter.com/pictures/3/a1/f0/a1f0e489-b6bc-4a3a-a21f-ed820a52e052","https://assets.vipa.nexbetter.com/pictures/3/a1/f0/a1f0e489-b6bc-4a3a-a21f-ed820a52e052","https://assets.vipa.nexbetter.com/pictures/3/8e/48/8e48c7f7-2735-4924-b6bb-337b7e3a8632","no_data","2025-04-08T12:35:28.00Z","2025-12-17T08:55:09.00Z","6","92"
"13325","บุญผ่อง","https://vipa.me/th/watch/boonpong","https://assets.vipa.nexbetter.com/files/3/3c/99/3c994801-7e52-4e13-9d43-52bb02d99d4d","series","บุญผ่อง","Drama","Historical Drama","บุญผ่อง|สงคราม|สงครามโลก|สงครามโลกครั้งที่สอง|วีรบุรุษ|กาญจนบุรี|ทางรถไฟสายมรณะ|ละคร|ละครไทยพีบีเอส|thai pbs|ไทยพีบีเอส","2019","THA","5","4","2","closed-caption|audio-description","true","https://assets.vipa.nexbetter.com/files/3/3c/99/3c994801-7e52-4e13-9d43-52bb02d99d4d","https://assets.vipa.nexbetter.com/files/3/3c/99/3c994801-7e52-4e13-9d43-52bb02d99d4d","https://assets.vipa.nexbetter.com/files/3/0a/2e/0a2e28b6-71df-49dd-a54b-9f5a6b67966e","Ruangsak Loychusak|Nusba Punnakanta|Hiro Sano|Peter Tuinstra|Kirin Simon Young|Ploy Sornarin","2025-04-08T12:37:53.00Z","2026-02-18T03:51:07.00Z","2","15"
"13385","Demo schedule (Series)","https://vipa.me/th/watch/13385","https://assets.vipa.nexbetter.com/pictures/3/31/c9/31c9881e-df48-473a-bf36-eb9553f95156","series","Demo schedule (Series)","Documentary","Expository","no_data","2025","THA","1","0","0","no_data","false","https://assets.vipa.nexbetter.com/pictures/3/8a/f3/8af3d5cf-7c26-425a-bd01-936371c096f4","https://assets.vipa.nexbetter.com/pictures/3/31/c9/31c9881e-df48-473a-bf36-eb9553f95156","no_data","no_data","2025-06-24T08:49:31.00Z","2026-04-27T04:54:43.00Z","1","1"
"13388","The Food of Love","https://vipa.me/th/watch/thefoodoflove","https://assets.vipa.nexbetter.com/pictures/3/eb/ed/ebed667a-d223-409d-abd7-d2fc9ef9b6b3","series","The Food of Love","Documentary","Cultural","the food of love|food|love|อาหาร|วัฒนธรรม|สารคดี|สารคดีไทยพีบีเอส|ไทยพีบีเอส|thai pbs|ท้องถิ่น|ชีวิต|วิถีชีวิต|ประเทศ|เอเชีย|อินเดีย|มาเลเซีย|เกาหลี|มองโกเลีย|ไทย|thailand|monglolia|korea|malaysia|india","2025","THA","5","0","0","closed-caption","false","https://assets.vipa.nexbetter.com/pictures/3/df/3a/df3a5aec-5967-44bf-bf0d-6376c065cf4c","https://assets.vipa.nexbetter.com/pictures/3/eb/ed/ebed667a-d223-409d-abd7-d2fc9ef9b6b3","https://assets.vipa.nexbetter.com/pictures/3/f1/4d/f14d1d00-f654-46e1-bffc-0092e831fde7","no_data","2025-06-27T08:45:17.00Z","2026-07-09T04:49:30.00Z","1","5"
"13423","สืบสวนสำนวนรัก SS2","https://vipa.me/th/watch/investigation-of-love-ss2","https://assets.vipa.nexbetter.com/pictures/3/9e/b8/9eb87326-1ad4-426a-82b6-ebb385d870ad","series","สืบสวนสำนวนรัก SS2","Drama","Legal Drama|Social Drama","สืบสวนสำนวนรัก|สืบสวนสำนวนรัก 2|สืบสวนสำนวนรัก2|ละคร|ละครไทย|ละครไทยพีบีเอส|thai pbs|ความสัมพันธ์|ครอบครัว|ความรัก|มิตรภาพ|สำนักงาน|กฎหมาย|ศาล|ผู้พิพากษา|เนสท์ นิศาชล|นิศาชล สิ่วไธสง|ท็อป จรณ|จรณ โสรัตน์|เทมส์ สรรพกิจ|ณัฐกฤตา รำมะนู|ณฐนันท อัครกิจวัฒนากุล|สาธิดา ปิ่นสินชัย|ต้นน้ำ เปี่ยมชล|เปี่ยมชล ดำรงสุนทร|มายด์ ฐาณิดาภัทฐ์|ฐาณิดาภัทฐ์ ติณสุทธินานนท์|บอส ธวัชนินทร์|ธวัชนินทร์ ดารายน|ชัยกีรติ ศิวะเกื้อ|ยุติธรรม|บอล อัศนัย|อัศนัย เทียนทอง","2025","THA","5","4","6","closed-caption","true","https://assets.vipa.nexbetter.com/pictures/3/9e/b8/9eb87326-1ad4-426a-82b6-ebb385d870ad","https://assets.vipa.nexbetter.com/pictures/3/9e/b8/9eb87326-1ad4-426a-82b6-ebb385d870ad","https://assets.vipa.nexbetter.com/pictures/3/23/04/23043948-e64a-43f9-b47f-9162d6121b0b","Nisachol Siwthaisong|Jaron Sorat|Assanai Thienthong|Piamchon Damrongsunthornchai|Satida Pinsinchai|Thawatchanin Darayon","2025-07-16T02:58:59.00Z","2025-11-14T07:16:45.00Z","1","16"
"13441","ท่องวัฒนธรรมอิตาลีกับเจมี่","https://vipa.me/th/watch/jamie-cooks-italy","https://assets.vipa.nexbetter.com/pictures/3/7a/6f/7a6f1313-1a64-4837-ad76-2e8441ad5e3d","series","ท่องวัฒนธรรมอิตาลีกับเจมี่","Food & Travel","Food Documentaries|Food Travel Shows|Food and Culture|Travel Documentaries","เจมี่ โอลิเวอร์|สารคดี|documentary|best documentary|best doc|สารคดีต่างประเทศ|ท่องโลกกว้าง|thai pbs|เชฟ|เจมี|อิตาลี|อิตาเลียน|อาหาร|ท่องเที่ยว|ทำอาหาร|สูตรอาหาร|เมนู|วัฒนธรรม|รสชาติ|jamie cooks italy|jamie|cook|italy","2025","THA","5","5","4","soundtrack","true","https://assets.vipa.nexbetter.com/pictures/3/7a/6f/7a6f1313-1a64-4837-ad76-2e8441ad5e3d","https://assets.vipa.nexbetter.com/pictures/3/7a/6f/7a6f1313-1a64-4837-ad76-2e8441ad5e3d","https://assets.vipa.nexbetter.com/pictures/3/9b/c9/9bc9368a-d72a-481d-900f-50b919a75ff8","no_data","2025-07-16T03:46:06.00Z","2025-07-24T08:27:13.00Z","1","8"
"13451","สุดยอดจานผักรอบโลก","https://vipa.me/th/watch/jamies-ultimate-veg","https://assets.vipa.nexbetter.com/pictures/3/55/a9/55a995b2-4fbd-46e1-9c32-510af7146be3","series","สุดยอดจานผักรอบโลก","Food & Travel","Food Documentaries|Food Travel Shows|Food and Culture|Travel Documentaries","สารคดี|documentary|best documentary|best doc|สารคดีต่างประเทศ|ท่องโลกกว้าง|thai pbs|สุดยอดจานผักรอบโลก|ผัก|อาหาร|เมนูอาหาร|สูตรอาหาร|เมนู|รสชาติ|วัฒนธรรม|jamie's ultimate veg|jamie|ultimate|veg|เดินทาง|เชฟ|มังสวิรัติ","2025","THA","5","5","3","soundtrack","true","https://assets.vipa.nexbetter.com/pictures/3/55/a9/55a995b2-4fbd-46e1-9c32-510af7146be3","https://assets.vipa.nexbetter.com/pictures/3/55/a9/55a995b2-4fbd-46e1-9c32-510af7146be3","https://assets.vipa.nexbetter.com/pictures/3/90/3a/903ac28e-e657-4d27-ad9d-d8fb7be369c5","no_data","2025-07-16T04:36:57.00Z","2025-07-24T08:27:00.00Z","1","6"
"13459","จานอาหารทันใจ","https://vipa.me/th/watch/jamies-quick-and-easy-food","https://assets.vipa.nexbetter.com/pictures/3/6a/26/6a26606e-a51a-420f-9331-24579e67bd75","series","จานอาหารทันใจ","Food & Travel","Food Documentaries|Food Travel Shows|Food and Culture","จานอาหารทันใจ|สารคดี|documentary|best documentary|best doc|สารคดีต่างประเทศ|ท่องโลกกว้าง|thai pbs|jamie's quick and easy food|เจมี่|โอลิเวอร์|เจมี่ โอลิเวอร์|jamie|quick|easy|food|อาหาร|เมนูอาหาร|สูตรอาหาร|รสชาติ|วัฒนธรรม|ท่องเที่ยว|เดินทาง","2025","THA","5","5","4","soundtrack","true","https://assets.vipa.nexbetter.com/pictures/3/6a/26/6a26606e-a51a-420f-9331-24579e67bd75","https://assets.vipa.nexbetter.com/pictures/3/6a/26/6a26606e-a51a-420f-9331-24579e67bd75","https://assets.vipa.nexbetter.com/pictures/3/3c/63/3c636ed2-2716-4b64-b4f3-da7afb7bed27","no_data","2025-07-16T07:00:08.00Z","2025-07-24T08:26:51.00Z","1","18"
"13479","ซาโตะยามะ","https://vipa.me/th/watch/satoyama","https://assets.vipa.nexbetter.com/pictures/3/81/15/81159fca-bb80-4844-9b75-86e32842b3ba","series","ซาโตะยามะ","Documentary","Nature/Environmental|Cultural","ซาโตะยามะ|สารคดี|documentary|best documentary|best doc|สารคดีต่างประเทศ|ท่องโลกกว้าง|thai pbs|satoyama|ธรรมชาติ|ญี่ปุ่น|ต้นไม้|ท้องฟ้า|สิ่งแวดล้อม|บรรยากาศ|ระบบนิเวศ|japan|สัตว์|มนุษย์|สิ่งมีชีวิต|เขียน|ป่า|ป่าไม้|ผืนป่า|อุดมสมบูรณ์","2025","THA","5","5","8","soundtrack","true","https://assets.vipa.nexbetter.com/pictures/3/81/15/81159fca-bb80-4844-9b75-86e32842b3ba","https://assets.vipa.nexbetter.com/pictures/3/81/15/81159fca-bb80-4844-9b75-86e32842b3ba","https://assets.vipa.nexbetter.com/pictures/3/1c/bb/1cbb6e08-3d72-43d2-a7bc-575d59f0808e","no_data","2025-07-16T09:44:17.00Z","2025-09-04T11:04:28.00Z","1","2"
"13492","อัศจรรย์พรรณไม้แห่งชีวิต","https://vipa.me/th/watch/roots-of-life","https://assets.vipa.nexbetter.com/pictures/3/2e/d6/2ed64939-2f60-448b-8d17-daac1f60334f","series","อัศจรรย์พรรณไม้แห่งชีวิต","Documentary","Nature/Environmental","สารคดี|documentary|best documentary|best doc|roots of life|อัศจรรย์พรรณไม้แห่งชีวิต|root|toots|life|ต้นไม้|ป่าไม้|พรรณไม้|ป่า|สิ่งมีชีวิต|ธรรมชาติ|สิ่งแวดล้อม","2025","THA","2","4","6","soundtrack","true","https://assets.vipa.nexbetter.com/pictures/3/2e/d6/2ed64939-2f60-448b-8d17-daac1f60334f","https://assets.vipa.nexbetter.com/pictures/3/2e/d6/2ed64939-2f60-448b-8d17-daac1f60334f","https://assets.vipa.nexbetter.com/pictures/3/08/38/0838c7a6-4dd0-47d6-b0de-a8d72f25afd3","no_data","2025-07-17T04:15:23.00Z","2026-07-13T08:48:08.00Z","1","3"
"13498","มนตราล้านนา เรื่อง ม้าขี่","https://vipa.me/th/watch/the-magic-of-lanna","https://assets.vipa.nexbetter.com/files/3/64/65/64654439-6338-4c31-8abd-a0c93af343aa","series","มนตราล้านนา เรื่อง ม้าขี่","Documentary","Cultural|Social/Political","มนตราล้านนา|ล้านนา|มนตรา|ม้าขี่|คนทรง|สารคดี|ภาพยนตร์|หนัง|ไทยพีบีเอส|thai pbs|เหนือ|ภาคเหนือ|ความเชื่อ|ศรัทธา|lgbtq|เพศ|เพสสภาพ|ชายรักชาย|ร่างทรง|วิถีชีวิต|ชีวิต|สังคม|บรรพบุรุษ|ประเพณี|วัฒนธรรม|คนเมือง","2025","THA","5","4","10","closed-caption|4k|audio-description","true","https://assets.vipa.nexbetter.com/files/3/64/65/64654439-6338-4c31-8abd-a0c93af343aa","https://assets.vipa.nexbetter.com/files/3/64/65/64654439-6338-4c31-8abd-a0c93af343aa","https://assets.vipa.nexbetter.com/files/3/1f/c3/1fc3bdcf-b110-4958-a0d3-c0648b9fbe3c","no_data","2025-07-17T04:45:22.00Z","2026-03-25T03:31:48.00Z","2","2"
"13509","กาลครั้งหนึ่งในซาโว","https://vipa.me/th/watch/once-upon-a-time-in-tsavo","https://assets.vipa.nexbetter.com/pictures/3/c1/7e/c17e318e-cce0-4521-afe9-81a7ed92ef30","series","กาลครั้งหนึ่งในซาโว","Documentary","Nature/Environmental","สารคดี|documentary|best documentary|best doc|once upon a time in tsavo|tsavo|กาลครั้งหนึ่งในซาโว|ซาโว|ธรรมชาติ|อุทยานแห่งชาติ|สิ่งแวดล้อม|ป่า|ป่าไม้|สัตว์|สัตว์ป่า|แอฟริกา|เคนยา|kenya|กาลครั้งหนึ่ง","2025","THA","2","5","1","soundtrack","true","https://assets.vipa.nexbetter.com/pictures/3/c1/7e/c17e318e-cce0-4521-afe9-81a7ed92ef30","https://assets.vipa.nexbetter.com/pictures/3/c1/7e/c17e318e-cce0-4521-afe9-81a7ed92ef30","https://assets.vipa.nexbetter.com/pictures/3/ca/cf/cacfa917-5cf4-493d-8e3f-609582d50d17","no_data","2025-07-17T09:31:49.00Z","2026-07-13T08:46:36.00Z","1","2"
"13519","แมวยักษ์แห่งเดเฮซา","https://vipa.me/th/watch/dehesa-forest-of-the-iberian-lynx","https://assets.vipa.nexbetter.com/pictures/3/37/d4/37d4526f-eeeb-4e55-972e-9fe354a34cb1","series","แมวยักษ์แห่งเดเฮซา","Documentary","Nature/Environmental","สารคดี|documentary|best documentary|best doc|สารคดีต่างประเทศ|ท่องโลกกว้าง|thai pbs|สัตว์|สัตว์ป่า|ป่า|ป่าไม้|ผืนป่า|สิ่งแวดล้อม|ธรรมชาติ|เดเฮซา|แมว|แมวยักษ์|dehesa|forest of the iberian lynx|iberian lynx|forest|คาบสมุทรไอบีเรีย|คาบสมุทร|ไอบีเรีย|นักล่า","2025","THA","2","4","8","soundtrack","true","https://assets.vipa.nexbetter.com/pictures/3/37/d4/37d4526f-eeeb-4e55-972e-9fe354a34cb1","https://assets.vipa.nexbetter.com/pictures/3/37/d4/37d4526f-eeeb-4e55-972e-9fe354a34cb1","https://assets.vipa.nexbetter.com/pictures/3/0f/12/0f12dc33-2251-4fce-b8b5-99bdbac03cfc","no_data","2025-07-17T10:16:45.00Z","2026-07-13T08:49:41.00Z","1","2"
"13523","พงไพรแห่งเทือกเขาแอลป์","https://vipa.me/th/watch/the-alps-wild-mountains-extreame-lives","https://assets.vipa.nexbetter.com/pictures/3/07/5a/075ac343-9904-4942-842b-4df7759cef6a","series","พงไพรแห่งเทือกเขาแอลป์","Documentary","Nature/Environmental","สารคดี|documentary|best documentary|best doc|สารคดีต่างประเทศ|ท่องโลกกว้าง|thai pbs|สัตว์|สัตว์ป่า|สิ่งแวดล้อม|ธรรมชาติ|สิ่งมีชีวิต|เทือกเขา|แอลป์|พงไพรแห่งเทือกเขาแอลป์|alps|the alps|wild mountains|extreame lives|extreme lives|ภูเขา|ภูเขาน้ำแข็ง|เทือกเขาแอลป์|มหาสมุทร","2025","THA","2","4","10","soundtrack","true","https://assets.vipa.nexbetter.com/pictures/3/07/5a/075ac343-9904-4942-842b-4df7759cef6a","https://assets.vipa.nexbetter.com/pictures/3/07/5a/075ac343-9904-4942-842b-4df7759cef6a","https://assets.vipa.nexbetter.com/pictures/3/0f/d6/0fd606fa-4896-4fde-afe3-9a75891ad419","no_data","2025-07-17T10:27:45.00Z","2026-07-13T08:49:16.00Z","1","2"
"13527","ฝ่าวิกฤตอาณาจักรธรรมชาติ","https://vipa.me/th/watch/critical-kingdoms","https://assets.vipa.nexbetter.com/pictures/3/6f/4a/6f4a3902-7056-4ed3-bb2b-16ad2748fe53","series","ฝ่าวิกฤตอาณาจักรธรรมชาติ","Documentary","Nature/Environmental","สารคดี|documentary|best documentary|best doc|สารคดีต่างประเทศ|ท่องโลกกว้าง|thai pbs|critical kingdoms|critical|kingdoms|stories of hope|ธรรมชาติ|ภัยพิบัต|ภัยพิบัติ|สิ่งแวดล้อม|สิ่งมีชีวิต|วิกฤต|สูญพันธุ์|สัตว์|สัตว์ป่า|ป่าไม้|ป่า|ผืนป่า|ระบบนิเวศ|อนุรักษ์","2025","THA","5","5","5","soundtrack","true","https://assets.vipa.nexbetter.com/pictures/3/6f/4a/6f4a3902-7056-4ed3-bb2b-16ad2748fe53","https://assets.vipa.nexbetter.com/pictures/3/6f/4a/6f4a3902-7056-4ed3-bb2b-16ad2748fe53","https://assets.vipa.nexbetter.com/pictures/3/a7/76/a776bb07-86c6-4688-b84c-bdb25d62bbdb","no_data","2025-07-17T10:37:19.00Z","2025-07-24T08:24:39.00Z","1","3"
"13532","ครอบครัวในป่าใหญ่","https://vipa.me/th/watch/wild-family-ties","https://assets.vipa.nexbetter.com/pictures/3/48/cc/48cc0fc3-7e1e-45b9-a05f-73b91c9f5509","series","ครอบครัวในป่าใหญ่","Documentary","Nature/Environmental","สารคดี|documentary|best documentary|best doc|สารคดีต่างประเทศ|ท่องโลกกว้าง|thai pbs|wild family ties|wild|family|ties|ครอบครัว|ป่า|ป่าไม้|สัตว์|สัตว์ป่า|ธรรมชาติ|สิ่งแวดล้อม|สิ่งมีชีวิต|ต้นไม้|ชีวิต|ลูก|แม่ลูก|พ่อแม่ลูก","2025","THA","2","4","1","soundtrack","true","https://assets.vipa.nexbetter.com/pictures/3/48/cc/48cc0fc3-7e1e-45b9-a05f-73b91c9f5509","https://assets.vipa.nexbetter.com/pictures/3/48/cc/48cc0fc3-7e1e-45b9-a05f-73b91c9f5509","https://assets.vipa.nexbetter.com/pictures/3/d7/a5/d7a5df08-88b1-4392-965b-0b184678c9a7","no_data","2025-07-17T10:48:33.00Z","2026-07-13T08:42:09.00Z","1","4"
"13552","Made My Day วันนี้ดีที่สุด UNCUT","https://vipa.me/th/watch/made-my-day-uncut","https://assets.vipa.nexbetter.com/pictures/3/ed/5b/ed5be4a2-cd9a-4276-bdc8-d5d9b0c3af03","series","Made My Day วันนี้ดีที่สุด UNCUT","Variety & LifeStyle","Talk Shows","made my day|วันนี้ดีที่สุด|รายการ|ไทยพีบีเอส|thai pbs|สัมภาษณ์|บทสัมภาษณ์|แรงบันดาลใจ|พูดคุย|แลกเปลี่ยน|การใช้ชีวิต|ชีวิต|มุมมอง|แง่คิด|ข้อคิด|คุณค่า|การมีชีวิตอยู่|ใช้ชีวิต|สังคม|ทัศนคติ|บันเทิง|ศิลปิน|ดารา|นักร้อง|นักกีฬา|สราวุธ เฮ้งสวัสดิ์|นิ้วกลม|uncut|made","2025","THA","5","5","2","sign-language","true","https://assets.vipa.nexbetter.com/pictures/3/ed/5b/ed5be4a2-cd9a-4276-bdc8-d5d9b0c3af03","https://assets.vipa.nexbetter.com/pictures/3/ed/5b/ed5be4a2-cd9a-4276-bdc8-d5d9b0c3af03","https://assets.vipa.nexbetter.com/pictures/3/89/8b/898b3e88-397a-44ba-bb70-4bcb183229ac","Sarawut Roundfinger Hengsawad","2025-07-18T09:57:40.00Z","2025-11-21T07:35:43.00Z","2","60"
"13582","สูตรรักไม่รู้ลืม","https://vipa.me/th/watch/the-recipe-of-lasting-love","https://assets.vipa.nexbetter.com/pictures/3/9d/3d/9d3d4342-bb4b-4723-ac7e-5049d17c554f","series","สูตรรักไม่รู้ลืม","Drama","Family Drama","สูตรรักไม่รู้ลืม|ละคร|ละครไทย|ละครไทยพีบีเอส|thai pbs|อาหาร|วัฒนธรรม|ทุนไทย|บอส ธวัชนินทร์|ธวัชนินทร์ ดารายน|ประดิษฐ ประสาททอง|สุกัญญา มิเกล|สีดา บัวพิมล|แม่สีดา|ดวงใจ หิรัญศรี|สามารถ พยัคอรุณ|อาหารไทย|food|ร้านอาหาร|เจ้าของร้านอาหาร","2025","THA","5","4","5","closed-caption|sign-language","true","https://assets.vipa.nexbetter.com/pictures/3/9d/3d/9d3d4342-bb4b-4723-ac7e-5049d17c554f","https://assets.vipa.nexbetter.com/pictures/3/9d/3d/9d3d4342-bb4b-4723-ac7e-5049d17c554f","https://assets.vipa.nexbetter.com/pictures/3/e0/76/e076f1b2-9dae-4f05-9ecf-3bb05d3b6513","Thawatchanin Darayon|Pradit Prasartthong|Seeda Puapimon|Duangjai Hiransri|Sukanya Migael","2025-07-18T11:02:56.00Z","2025-08-18T07:30:56.00Z","1","2"
"13586","เมื่อรักส่องสว่าง","https://vipa.me/th/watch/be-mine-be-yours","https://assets.vipa.nexbetter.com/pictures/3/6f/5a/6f5ac136-89f6-4527-b448-08414513b9e4","series","เมื่อรักส่องสว่าง","Drama","Romantic Drama|Social Drama","บอส ธปณัฐ|ธปณัฐ อธิคมโภคิน|ทะเล|ทะเล สงวนดีกุล|จำปา แสนพรหม|สุพิชชา สังขจินดา|เลอวิทย์ สังข์สิทธิ์|ธนเชษฐ์ นามวงค์|ลัทธ์กมล ปิ่นโรจน์กีรติ|ละคร|ละครไทย|ละครไทยพีบีเอส|ไทยพีบีเอส|thai pbs|เมื่อรักส่องสว่าง|be mine|be yours|ล้านนา|ภาคเหนือ|น่าน|เทศกาล|วัฒนธรรม|ประเพณี|วิถีชีวิต|ชาวบ้าน|ชุมชน|ชนบท|ยี่เป็ง|เกี่ยงเป็ง|ลอยกระทง|lgbtq|lgbt|เพศสภาพ|ชายรักชาย|ความสัมพันธ์|ความรัก|ครอบครัว|ไทลื้อ|กลุ่มชาติพันธุ์|ผู้คน|ชีวิต","2025","THA","5","4","10","closed-caption|sign-language|audio-description","true","https://assets.vipa.nexbetter.com/pictures/3/6f/5a/6f5ac136-89f6-4527-b448-08414513b9e4","https://assets.vipa.nexbetter.com/pictures/3/6f/5a/6f5ac136-89f6-4527-b448-08414513b9e4","https://assets.vipa.nexbetter.com/pictures/3/8e/3f/8e3fe03d-f261-45b2-9ce2-791d17e2c6dd","Thapanat Athikompokin|Talay Sanguandikul","2025-07-18T11:12:11.00Z","2026-05-19T10:40:00.00Z","1","2"
"13590","ทุยจ๋า","https://vipa.me/th/watch/thui","https://assets.vipa.nexbetter.com/pictures/3/23/d4/23d4124e-4957-4425-9854-7edf5e83955c","series","ทุยจ๋า","Drama","Social Drama|Family Drama","ทุยจ๋า|ละคร|ละครไทย|ละครไทยพีบีเอส|ไทยพีบีเอส|thai pbs|ทุย|เจ้าทุย|ควาย|สัตว์|สิ่งมีชีวิต|ประเพณี|วิ่งควาย|ประเพณีวิ่งควาย|ครอบครัว|ความสัมพันธ์|เพื่อน|มิตรภาพ|นา|ท้องทุ่ง|ท้องถิ่น|ชาวนา|คันนา|แบงค์ อาทิตย์|อาทิตย์ ตั้งวิบูลย์พาณิชย์|ตังตัง นัฐรุจี|นัฐรุจี วิศวนารถ|เบล ฟ้าว์เฟี้ยว|ฟ้าว์เฟี้ยว สุดสวิงริงโก้|ชมวิว หนึ่งฤทัย|หนึ่งฤทัย ชัยอะทะ|หมู กลศ|กลศ อัทธเสรี","2025","THA","5","5","5","closed-caption|soundtrack|audio-description","true","https://assets.vipa.nexbetter.com/pictures/3/23/d4/23d4124e-4957-4425-9854-7edf5e83955c","https://assets.vipa.nexbetter.com/pictures/3/23/d4/23d4124e-4957-4425-9854-7edf5e83955c","https://assets.vipa.nexbetter.com/pictures/3/82/37/823796fc-c216-449e-a6e7-d7086f9dcf7f","Artit Tangwiboonpanit|Nutrugee Wisawanart|ฟ้าว์เฟี้ยว สุดสวิงริงโก้|Nungruthai Chaiata|Klot Atthaseri Atthaseri","2025-07-18T11:26:59.00Z","2026-08-25T10:54:53.00Z","1","2"
"13594","นิลกาญจน์","https://vipa.me/th/watch/the-forgotten-stone","https://assets.vipa.nexbetter.com/pictures/3/d7/b0/d7b0a796-8504-40d1-a5fd-ddb3aecbef0c","series","นิลกาญจน์","Drama","Family Drama","นิลกาญจน์|ละคร|ละครไทย|ละครไทยพีบีเอส|ไทยพีบีเอส|thai pbs|แพรวพรรณรายณ์|แพรวพรรณรายณ์ ศันสนะพิทยากร|เจแดน|แดน พฤกษ์พยุง|ต๊อก ศุภกรณ์|ศุภกรณ์ กิจสุวรรณ|ซัน ร้อยพินิจ|ร้อยพินิจ ควนศิริ|ความสัมพันธ์|ครอบครัว|นิล|อัญมณี|พ่อลูก|แหวน|นิลดำ|เพื่อน|มิตรภาพ|กาญจนบุรี|สังขละบุรี|ทองผาภูมิ|เดินทาง|ผจญภัย","2025","THA","5","5","1","closed-caption|sign-language|audio-description","true","https://assets.vipa.nexbetter.com/pictures/3/d7/b0/d7b0a796-8504-40d1-a5fd-ddb3aecbef0c","https://assets.vipa.nexbetter.com/pictures/3/d7/b0/d7b0a796-8504-40d1-a5fd-ddb3aecbef0c","https://assets.vipa.nexbetter.com/pictures/3/0d/11/0d117327-3cb2-475a-9033-262287484b84","Praewpannarai Sansanapitayakorn|Dan Pruekpayoong|Roipinit Khuansiri|Suppakorn Kitsuwan","2025-07-21T08:01:34.00Z","2026-08-25T10:06:04.00Z","1","2"
"13598","ว่าจะไม่รักเธอ","https://vipa.me/th/watch/unexpected","https://assets.vipa.nexbetter.com/pictures/3/a5/2f/a52fc6b3-d9e1-4f24-abdb-0bdce9b9771b","series","ว่าจะไม่รักเธอ","Drama","Social Drama","unexpected|ว่าจะไม่รักเธอ|ละคร|ละครไทย|ละครไทยพีบีเอส|ไทยพีบีเอส|thai pbs|inf|influencer|อินฟลูเอนเซอร์|ถ้ำ|ถ้ำนาคา|บึงกาฬ|ภาคอีสาน|ภาคอิสาน|อีสาน|อิสาน|โซเชียล|โลกโซเชียล|ความเชื่อ|ศรัทธา|โลกออนไลน์|ออนไลน์|เต้ ดาวิชญ์|ดาวิชญ์ กรีพลฤกษ์|ตูน ภัสร์ดารินทร์|ภัสร์ดารินทร์ ปริญญารักษ์|เบสท์ ธนัชพร|ธนัชพร อุตสาหจิต","2025","THA","5","5","3","closed-caption|sign-language|audio-description","true","https://assets.vipa.nexbetter.com/pictures/3/a5/2f/a52fc6b3-d9e1-4f24-abdb-0bdce9b9771b","https://assets.vipa.nexbetter.com/pictures/3/a5/2f/a52fc6b3-d9e1-4f24-abdb-0bdce9b9771b","https://assets.vipa.nexbetter.com/pictures/3/24/0f/240f3187-15b3-4f76-94db-e04b3d83dc16","Panisara Prinyarux|Darvid Kreepolrerk|Thanatchaporn Utsahajit","2025-07-21T08:22:33.00Z","2026-05-19T10:22:51.00Z","1","2"
"13602","ตลกรักหนังควาย","https://vipa.me/th/watch/spirit-of-the-shadow","https://assets.vipa.nexbetter.com/pictures/3/c2/8a/c28ad712-d52d-4640-9388-edf14e45b6a1","series","ตลกรักหนังควาย","Drama","Social Drama|Family Drama","ตลกรักหนังควาย|ละคร|ละครไทย|ละครไทยพีบีเอส|thai pbs|ตลกรัก|หนังควาย|หนังตะลุง|ภาคใต้|ศิลปะ|วัฒนธรรม|การแสดง|มหรสพ|นครศรีธรรมราช|ต้นหน|ต้นหน ตันติเวชกุล|มิวสิค แพรวา|แพรวา สุธรรมพงษ์|เอ็กซ์ พรเลิศ|พรเลิศ พิพัฒน์รุ่งเรือง|ใหญ่ วัชรเกียรติ|วัชรเกียรติ บุญภักดี|ไพศาล ขุนหนู","2025","THA","5","4","4","closed-caption|sign-language|audio-description","true","https://assets.vipa.nexbetter.com/pictures/3/c2/8a/c28ad712-d52d-4640-9388-edf14e45b6a1","https://assets.vipa.nexbetter.com/pictures/3/c2/8a/c28ad712-d52d-4640-9388-edf14e45b6a1","https://assets.vipa.nexbetter.com/pictures/3/56/72/5672e67c-6055-4be6-b583-fc794f84a783","Tonhon Tantivejakul|Praewa Suthamphong|Vacharakiat Boonphakdee|Paisan Khunnu","2025-07-21T08:31:54.00Z","2026-08-25T10:26:38.00Z","1","2"
"13625","2 องศา วิกฤตอากาศเปลี่ยน","https://vipa.me/th/watch/2celsius","https://assets.vipa.nexbetter.com/pictures/3/49/d9/49d94917-f662-4bdb-aa1b-4a0ad2c18fd6","series","2 องศา วิกฤตอากาศเปลี่ยน","Documentary","Nature/Environmental","2 องศา วิกฤตอากาศเปลี่ยน|2 องศา|วิกฤต|อากาศ|เปลี่ยน|อากาศเปลี่ยน|วิกฤตอากาศเปลี่ยน|สิ่งแวดล้อม|ธรรมชาติ|ป่าไม้|ต้นไม้|กฤษดา บอร์น|climate change|climate|สภาพอากาศ|โลก|เรียลลิตี้|สารคดี|สารคดีไทยพีบีเอส|ไทยพีบีเอส|thai pbs|ปัญหาสิ่งแวดล้อม|ชายฝั่ง|ทะเล|ชายฝั่งทะเล|อ่าวไทย|ปัตตานี|กัมพูชา|เวียดนาม|เปลี่ยนแปลง|ภูมิอากาศ|สภาพภูมิอากาศ","2025","THA","5","4","2","audio-description|closed-caption","true","https://assets.vipa.nexbetter.com/pictures/3/49/d9/49d94917-f662-4bdb-aa1b-4a0ad2c18fd6","https://assets.vipa.nexbetter.com/pictures/3/49/d9/49d94917-f662-4bdb-aa1b-4a0ad2c18fd6","https://assets.vipa.nexbetter.com/pictures/3/a0/79/a0795375-7625-4e39-a535-a2c2fbddf605","กฤษดา บอร์น","2025-07-22T03:35:42.00Z","2025-07-24T08:23:16.00Z","1","5"
"13632","Friends เพื่อนกันฉันกับเธอ","https://vipa.me/th/watch/friends","https://assets.vipa.nexbetter.com/pictures/3/f0/f1/f0f1a7cd-d832-4b5e-a72e-6713336a2365","series","Friends เพื่อนกันฉันกับเธอ","Kids & Family","Nature and Wildlife|Adventure|Educational","friends|เพื่อนกันฉันกับเธอ|friends เพื่อนกันฉันกับเธอ|เพื่อน|เด็ก|เยาวชน|ครอบครัว|ประถม|เรียนรู้|วันธรรมดา|มิตรภาพ","2025","THA","2","5","1","closed-caption|audio-description","true","https://assets.vipa.nexbetter.com/pictures/3/f0/f1/f0f1a7cd-d832-4b5e-a72e-6713336a2365","https://assets.vipa.nexbetter.com/pictures/3/f0/f1/f0f1a7cd-d832-4b5e-a72e-6713336a2365","https://assets.vipa.nexbetter.com/pictures/3/97/16/97166f85-53c8-4ce9-9805-6e3e0d1f3051","no_data","2025-07-22T03:50:05.00Z","2026-05-28T05:07:36.00Z","1","8"
"13645","Cook Culture","https://vipa.me/th/watch/cook-culture","https://assets.vipa.nexbetter.com/pictures/3/71/ea/71eaa516-cd54-4313-8e0f-de2b35e4ac15","series","Cook Culture","Food & Travel","Food Documentaries|Food Travel Shows|Food and Culture","cook culture|cook|culture|อาหาร|ทำอาหาร|อาหารไทย|ประเพณี|วัฒนธรรม|วัตถุดิบ|สารคดี|สารคดีไทย|ไทยพีบีเอส|สารคดีไทยพีบีเอส|thai pbs|thai gastronomy|gastronomy|ศาสตร์|ศิลป์|อาหารพื้นบ้าน|อาหารท้องถิ่น|พื้นถิ่น|ท้องถิ่น","2025","THA","5","5","6","sign-language","true","https://assets.vipa.nexbetter.com/pictures/3/71/ea/71eaa516-cd54-4313-8e0f-de2b35e4ac15","https://assets.vipa.nexbetter.com/pictures/3/71/ea/71eaa516-cd54-4313-8e0f-de2b35e4ac15","https://assets.vipa.nexbetter.com/pictures/3/1f/8c/1f8cb5ec-a5aa-40b8-92c1-cd256d1cafdb","no_data","2025-07-22T04:32:06.00Z","2026-08-31T07:21:34.00Z","2","30"
"13669","Thailand 2070 เมืองไทยในอีก 50 ปี","https://vipa.me/th/watch/thailand2070","https://assets.vipa.nexbetter.com/pictures/3/14/9b/149bcd79-669f-4107-a62c-2d76e5e4ad07","series","Thailand 2070 เมืองไทยในอีก 50 ปี","Documentary","Social/Political|Cultural","thailand|2070|เมืองไทย|ประเทศไทย|ไทย|50 ปี|การเมือง|ประเทศ|สารคดี|สารคดีไทย|สารคดีไทยพีบีเอส|ไทยพีบีเอส|thai pbs|อนาคต|บ้านเมือง|สังคม|ภัยพิบัติ|ธรรมชาติ|การเปลี่ยนแปลง","2025","THA","5","4","2","no_data","true","https://assets.vipa.nexbetter.com/pictures/3/14/9b/149bcd79-669f-4107-a62c-2d76e5e4ad07","https://assets.vipa.nexbetter.com/pictures/3/14/9b/149bcd79-669f-4107-a62c-2d76e5e4ad07","https://assets.vipa.nexbetter.com/pictures/3/ed/cf/edcffd68-a136-4bf4-8b7f-76136fa659f5","no_data","2025-07-23T03:32:07.00Z","2025-07-24T08:22:00.00Z","1","5"
"13676","ตามรอย ”โออิชี” แห่งโตเกียว","https://vipa.me/th/watch/trails-to-oishii-tokyo","https://assets.vipa.nexbetter.com/pictures/3/9c/0d/9c0d77b4-7702-48c8-a10c-429857644bc9","series","ตามรอย ”โออิชี” แห่งโตเกียว","Food & Travel","Food Documentaries|Food and Culture|Food Travel Shows","สารคดี|documentary|best documentary|best doc|สารคดีต่างประเทศ|ท่องโลกกว้าง|thai pbs|โออิชี|trails to oishii tokyo|tokyo|oishii|trails|โออิชิ|อร่อย|อาหาร|อาหารญี่ปุ่น|ญี่ปุ่น|โตเกียว|วัฒนธรรม|ของกิน|เชฟ|food|japan|สังคม|ตลาด|วัตถุดิบ|เมนูอาหาร|เมนู","2025","THA","5","5","2","soundtrack","true","https://assets.vipa.nexbetter.com/pictures/3/9c/0d/9c0d77b4-7702-48c8-a10c-429857644bc9","https://assets.vipa.nexbetter.com/pictures/3/9c/0d/9c0d77b4-7702-48c8-a10c-429857644bc9","https://assets.vipa.nexbetter.com/pictures/3/5a/67/5a67d839-558f-4325-9889-49e0380a99c5","no_data","2025-07-23T03:55:25.00Z","2025-08-29T08:30:53.00Z","1","13"
"13692","Man Made มนุษย์นักสร้าง","https://vipa.me/th/watch/man-made","https://assets.vipa.nexbetter.com/pictures/3/56/68/5668764c-0a92-41ee-84e1-7e560b7dc252","series","Man Made มนุษย์นักสร้าง","Documentary","Historical|Cultural|Social/Political","man made|มนุษย์นักสร้าง|สารคดี|สารคดีไทย|สารคดีไทยพีบีเอส|thai pbs|นักสร้าง|สถาปัตยกรรม|มนุษย์|เมือง|ก่อสร้าง|ประเทศ|ต่างประเทศ|วัฒนธรรม|ความเชื่อ|ศรัทธา|ประเพณี|มรดกโลก|อารยธรรม","2025","THA","5","5","4","sign-language","true","https://assets.vipa.nexbetter.com/pictures/3/56/68/5668764c-0a92-41ee-84e1-7e560b7dc252","https://assets.vipa.nexbetter.com/pictures/3/56/68/5668764c-0a92-41ee-84e1-7e560b7dc252","https://assets.vipa.nexbetter.com/pictures/3/23/69/23693d12-5fb4-485c-99c2-80e40d28f513","no_data","2025-07-23T08:26:25.00Z","2026-06-02T09:05:00.00Z","2","31"
"13710","มหัศจรรย์แดนมังกร","https://vipa.me/th/watch/miracle-of-china","https://assets.vipa.nexbetter.com/pictures/3/b5/9c/b59c4780-8b4b-49c1-a9a1-29072413e767","series","มหัศจรรย์แดนมังกร","Documentary","Historical|Cultural","มหัศจรรย์แดนมังกร|สารคดี|สารคดีไทย|สารคดีไทยพีบีเอส|thai pbs|china|จีน|ประวัติศาสตร์|มังกร|มหัศจรรย์|ภาษา|วัฒนธรรม|เศรษฐกิจ|การเมือง|สังคม|เที่ยว|ท่องเที่ยว|ธรรมชาติ|เดินทาง|ผจญภัย|สิ่งแวดล้อม","2025","THA","5","0","0","no_data","true","https://assets.vipa.nexbetter.com/pictures/3/b5/9c/b59c4780-8b4b-49c1-a9a1-29072413e767","https://assets.vipa.nexbetter.com/pictures/3/b5/9c/b59c4780-8b4b-49c1-a9a1-29072413e767","https://assets.vipa.nexbetter.com/pictures/3/cf/30/cf30592e-6ac3-48ec-904b-cb03dc19ea88","no_data","2025-07-23T09:16:03.00Z","2025-07-24T08:20:39.00Z","3","15"
"13729","มหัศจรรย์แห่งโลก","https://vipa.me/th/watch/world-wonders","https://assets.vipa.nexbetter.com/pictures/3/b1/2a/b12ae808-a90d-44da-bbc4-adb7cac501b8","series","มหัศจรรย์แห่งโลก","Documentary","Nature/Environmental|Historical","เดินทาง|ผจญภัย|มรดก|มรดกโลก|สารคดี|สารคดีไทย|สารคดีไทยพีบีเอส|thai pbs|วัฒนธรรม|ธรรมชาติ|ท่องเที่ยว|ต่างประเทศ|ทั่วโลก|มหัศจรรย์แห่งโลก|world wonders|โลก","2025","THA","5","0","0","no_data","true","https://assets.vipa.nexbetter.com/pictures/3/b1/2a/b12ae808-a90d-44da-bbc4-adb7cac501b8","https://assets.vipa.nexbetter.com/pictures/3/b1/2a/b12ae808-a90d-44da-bbc4-adb7cac501b8","https://assets.vipa.nexbetter.com/pictures/3/e2/e1/e2e14d3e-019b-4be3-9463-6e79856e7989","no_data","2025-07-23T10:00:05.00Z","2025-07-24T08:20:11.00Z","1","30"
"13820","Woof and Joy","https://vipa.me/th/watch/woofandjoy","https://assets.vipa.nexbetter.com/pictures/3/51/00/510006f0-454a-40e0-808b-5f99a9b060b2","series","Woof and Joy","Kids & Family","Animation|Educational|Adventure","woof and joy|woof|joy|การ์ตูน|อนิเมชั่น|อนิเมชัน|animation|cartoon|ผจญภัย|มิตรภาพ|เพื่อน|เด็ก|เยาวชน|ครอบครัว|เม่น|สุนัข|หมา|ลูกหมา|ลูกสุนัข|หุ่นยนต์|สิ่งประดิษฐ์|ไอเดีย|การเดินทาง|เดินทาง","2025","THA","1","4","7","soundtrack","true","https://assets.vipa.nexbetter.com/pictures/3/8d/4d/8d4da10a-2894-4043-9721-7513aff94948","https://assets.vipa.nexbetter.com/pictures/3/51/00/510006f0-454a-40e0-808b-5f99a9b060b2","https://assets.vipa.nexbetter.com/pictures/3/c5/ba/c5baa260-a96b-4ff5-a21f-795c3778e213","no_data","2025-08-05T10:00:41.00Z","2026-04-03T03:31:09.00Z","1","48"
"13913","สังข์ทอง ไม้พลอง ทองใบ กับการตายของคุณพระ (Big Sign)","https://vipa.me/th/watch/thedeathofkhunphra-bigsign","https://assets.vipa.nexbetter.com/pictures/3/9b/f0/9bf0f2e4-8b60-42ba-beb8-e059a0bfa1cc","series","สังข์ทอง ไม้พลอง ทองใบ กับการตายของคุณพระ (Big Sign)","Drama","Historical Drama","no_data","2025","THA","5","0","0","closed-caption","true","https://assets.vipa.nexbetter.com/pictures/3/9b/f0/9bf0f2e4-8b60-42ba-beb8-e059a0bfa1cc","https://assets.vipa.nexbetter.com/pictures/3/9b/f0/9bf0f2e4-8b60-42ba-beb8-e059a0bfa1cc","https://assets.vipa.nexbetter.com/pictures/3/25/7a/257a33b7-772b-498d-a469-bbf758036bf3","no_data","2025-08-08T06:47:07.00Z","2026-05-06T06:33:31.00Z","1","12"
"13927","AFTER (Big Sign)","https://vipa.me/th/watch/after-bigsign","https://assets.vipa.nexbetter.com/pictures/3/b5/ed/b5ed8f4c-8712-40fd-9b7b-4cd1a0ad6329","series","AFTER (Big Sign)","Documentary","Nature/Environmental|Social/Political","after|ชีวิต|มนุษย์|สิ่งมีชีวิต|สัตว์|สัตว์ป่า|ธรรมชาติ|สิ่งแวดล้อม|สารคดี|สารคดีไทย|สารคดีไทยพีบีเอส|thai pbs|ผู้ล่า|ผู้ถูกล่า|เหยื่อ|ห่วงโซ่อาหาร|decode|สูญพันธุ์|ภัทราภรณ์ ศรีทองแท้|sign language|ภาษามือ|big sign","2025","THA","5","0","0","closed-caption|sign-language|audio-description","true","https://assets.vipa.nexbetter.com/pictures/3/b5/ed/b5ed8f4c-8712-40fd-9b7b-4cd1a0ad6329","https://assets.vipa.nexbetter.com/pictures/3/b5/ed/b5ed8f4c-8712-40fd-9b7b-4cd1a0ad6329","https://assets.vipa.nexbetter.com/files/3/0d/57/0d57a568-cb8b-480b-b7b9-d7f4409a55e5","no_data","2025-08-08T07:33:29.00Z","2026-05-06T06:59:39.00Z","1","3"
"13934","Flashpoint จุดร้อนโลก (Big Sign)","https://vipa.me/th/watch/flashpoint-bigsign","https://assets.vipa.nexbetter.com/files/3/b9/89/b989221d-b67b-4c04-b09a-1d34e2fbede7","series","Flashpoint จุดร้อนโลก (Big Sign)","News & Factural","Documentary|Historical Documentary|Public Affairs Programs - politics, social issues, and policy debates","flashpoint|จุดร้อนโลก|สารคดี|สารคดีไทย|สารคดีไทยพีบีเอส|thai pbs|ไทยพีบีเอส|รัฐศาสตร์|ภูมิศาสตร์|การเมือง|บัวคำศรี|กรุณา บัวคำศรี|ภูมิรัฐศาสตร์|เศรษฐกิจ|สังคม|ข่าว|โลก|สังคมโลก|ต่างประเทศ|news|sign language|ภาษามือ|big sign|flash","2025","THA","5","0","0","sign-language|closed-caption","true","https://assets.vipa.nexbetter.com/files/3/b9/89/b989221d-b67b-4c04-b09a-1d34e2fbede7","https://assets.vipa.nexbetter.com/files/3/b9/89/b989221d-b67b-4c04-b09a-1d34e2fbede7","https://assets.vipa.nexbetter.com/files/3/6d/74/6d74688f-9e2e-49d8-bece-f0bb6f84cc6f","no_data","2025-08-08T07:59:05.00Z","2026-06-15T07:18:20.00Z","2","26"
"13950","สยามฉาย-ฉาน (Big Sign)","https://vipa.me/th/watch/shadowandlightofsiam-bigsign","https://assets.vipa.nexbetter.com/files/3/7e/e4/7ee4e3e8-6c24-43c8-866f-12a1484bdd2d","series","สยามฉาย-ฉาน (Big Sign)","Documentary","Historical|Social/Political|Cultural","สารคดี|สารคดีไทย|สารคดีไทยพีบีเอส|ไทยพีบีเอส|thai pbs|documentary|สยาม|ไทย|ความเป็นไทย|อนุรักษ์|ศิลปะ|วัฒนธรรม|ประเพณี|รัชกาลที่ 5|ร.5|ทองเอก|สยามฉายฉาน|ฉาย|ฉาน|สยามฉาย|ช่างภาพ|ประวัติศาสตร์|สมัยก่อน|ยุคสมัย|สถาปัตยกรรม|ถ่ายรูป|โบราณ|อดีต|ย้อนยุค|ข้อมูล|เอกสาร|นักวิชาการ|นักประวัติศาสตร์|บันทึก|หนังสือ|หอจดหมายเหตุ|พิพิธภัณฑ์|เรื่องราว|การเดินทาง|เดินทาง|หลักฐาน|sign language|ภาษามือ|big sign","2025","THA","5","0","0","sign-language|closed-caption","true","https://assets.vipa.nexbetter.com/files/3/7e/e4/7ee4e3e8-6c24-43c8-866f-12a1484bdd2d","https://assets.vipa.nexbetter.com/files/3/7e/e4/7ee4e3e8-6c24-43c8-866f-12a1484bdd2d","https://assets.vipa.nexbetter.com/files/3/9c/43/9c439426-1727-44cd-8012-bc4457854a31","no_data","2025-08-08T09:47:57.00Z","2026-05-06T06:51:20.00Z","1","5"
"13961","ทุยจ๋า (Big Sign)","https://vipa.me/th/watch/thui-bigsign","https://assets.vipa.nexbetter.com/pictures/3/23/d4/23d4124e-4957-4425-9854-7edf5e83955c","series","ทุยจ๋า (Big Sign)","Drama","Family Drama|Social Drama","ทุยจ๋า|ละคร|ละครไทย|ละครไทยพีบีเอส|ไทยพีบีเอส|thai pbs|ทุย|เจ้าทุย|ควาย|สัตว์|สิ่งมีชีวิต|ประเพณี|วิ่งควาย|ประเพณีวิ่งควาย|ครอบครัว|ความสัมพันธ์|เพื่อน|มิตรภาพ|นา|ท้องทุ่ง|ท้องถิ่น|ชาวนา|คันนา|แบงค์ อาทิตย์|อาทิตย์ ตั้งวิบูลย์พาณิชย์|ตังตัง นัฐรุจี|นัฐรุจี วิศวนารถ|เบล ฟ้าว์เฟี้ยว|ฟ้าว์เฟี้ยว สุดสวิงริงโก้|ชมวิว หนึ่งฤทัย|หนึ่งฤทัย ชัยอะทะ|หมู กลศ|กลศ อัทธเสรี|sign language|ภาษามือ|big sign","2025","THA","5","5","1","sign-language|closed-caption|audio-description","true","https://assets.vipa.nexbetter.com/pictures/3/23/d4/23d4124e-4957-4425-9854-7edf5e83955c","https://assets.vipa.nexbetter.com/pictures/3/23/d4/23d4124e-4957-4425-9854-7edf5e83955c","https://assets.vipa.nexbetter.com/pictures/3/82/37/823796fc-c216-449e-a6e7-d7086f9dcf7f","no_data","2025-08-08T10:45:18.00Z","2026-08-25T10:55:22.00Z","1","2"
"13967","Thailand International Jazz Conference 2025 (TIJC)","https://vipa.me/th/watch/thailand-international-jazz-conference-2025","https://assets.vipa.nexbetter.com/pictures/3/e8/42/e8421165-0afb-44dc-a86e-fea1a0604f21","series","Thailand International Jazz Conference 2025 (TIJC)","Variety & LifeStyle","Hobbies & Crafts|Lifestyle Tips","Thailand International Jazz Conference 2025 Thailand International Jazz Conference|Thailand|International|Jazz|Conference|เพลง|บทเพลง|ดนตรี|การแสดง|ศิลปะ|วัฒนธรรม|แจ๊ส|ศิลปิน|นักร้อง|ร้องเพลง|ร้อง|บันทึกการแสดง|วงดนตรี|TIJC|music","2025","THA","5","5","2","no_data","true","https://assets.vipa.nexbetter.com/pictures/3/e8/42/e8421165-0afb-44dc-a86e-fea1a0604f21","https://assets.vipa.nexbetter.com/pictures/3/e8/42/e8421165-0afb-44dc-a86e-fea1a0604f21","https://assets.vipa.nexbetter.com/pictures/3/50/0b/500b2fcb-e2c6-470d-b742-30a93949b3a8","no_data","2025-08-13T03:24:15.00Z","2025-09-09T07:55:49.00Z","1","4"
"13973","กะเทาะเปลือกโกง (Big Sign)","https://vipa.me/th/watch/corruption-bigsign","https://assets.vipa.nexbetter.com/files/3/8e/c6/8ec6d67b-2dec-4159-80c7-8b5412dc151b","series","กะเทาะเปลือกโกง (Big Sign)","Documentary","Social/Political|Cultural","กะเทาะเปลือกโกง|กะเทาะ|เปลือก|โกง|สารคดี|สารคดีไทย|สารคดีไทยพีบีเอส|ไทยพีบีเอส|thai pbs|คอร์รัปชัน|คอร์รัปชั่น|corruption|การเมือง|ธุรกิจ|เกมโกง|กลโกง|ความคิด|การทำงาน|ทุจริต|sign language|ภาษามือ|big sign","2025","THA","5","5","1","sign-language","true","https://assets.vipa.nexbetter.com/files/3/8e/c6/8ec6d67b-2dec-4159-80c7-8b5412dc151b","https://assets.vipa.nexbetter.com/files/3/8e/c6/8ec6d67b-2dec-4159-80c7-8b5412dc151b","https://assets.vipa.nexbetter.com/files/3/8e/c6/8ec6d67b-2dec-4159-80c7-8b5412dc151b","no_data","2025-08-13T04:45:17.00Z","2026-05-06T06:41:27.00Z","1","5"
"13980","ตำรับแม่ (Big Sign)","https://vipa.me/th/watch/momrecipe-bigsign","https://assets.vipa.nexbetter.com/pictures/3/0b/b1/0bb109f1-52ab-48c2-a3d0-0bfc7695a04e","series","ตำรับแม่ (Big Sign)","Drama","Family Drama|Romantic Drama","เข้าครัว|ความรัก|ชนาธิป พิสุทธิ์เสรีวงศ์|เจี๊ยบ วัชระ|สิเรียม ภักดีดำรงฤทธิ์|ละครไทยพีบีเอส|แบงค์ ชนาธิป|เอสเธอร์ สุปรีย์ลีลา|แม่|ภัสร์ดารินทร์ ปริญญารักษ์|อนิส สุวิทย์|cook|ภูมิภัทร ถาวรศิริ|ตูน ภัสร์ดารินทร์|วัชระ ปานเอี่ยม|ตำรับ|ความสัมพันธ์|น้ำ วรัชศภรณ์|วอร์ม ชลธร|แอน สิเรียม|เอม ภูมิภัทร|ครัว|ชีวิตคู่|เมนูอาหาร|อาหาร|วรัชศภรณ์ เต็มพร้อม|มายด์ อนิส|ตำรับแม่|ทำอาหาร|แต่งงาน|ชลธร ตั้งอมรรัตน์|sign language|ภาษามือ|big sign","2025","THA","5","0","0","sign-language|closed-caption","true","https://assets.vipa.nexbetter.com/pictures/3/0b/b1/0bb109f1-52ab-48c2-a3d0-0bfc7695a04e","https://assets.vipa.nexbetter.com/pictures/3/0b/b1/0bb109f1-52ab-48c2-a3d0-0bfc7695a04e","https://assets.vipa.nexbetter.com/pictures/3/5f/a7/5fa7e95c-0bc5-4be2-b71a-5bff9e186b93","no_data","2025-08-13T06:28:45.00Z","2026-05-06T06:22:55.00Z","1","16"
"13998","หม่อมเป็ดสวรรค์ (Big Sign)","https://vipa.me/th/watch/mhompedsawan-bigsign","https://assets.vipa.nexbetter.com/files/3/bb/86/bb86dd11-43d1-4bf2-8189-4e680c125dff","series","หม่อมเป็ดสวรรค์ (Big Sign)","Drama","Historical Drama|Romantic Drama","หม่อมเป็ดสวรรค์|ทับทิม อัญรินทร์|อัญรินทร์ ธีราธนันพัฒน์|ฟิล์ม เฌอร์ลิษา|เฌอร์ลิษา เสรีวิบูรณ์กิจ|นก สินจัย|สินจัย เปล่งพานิช|เอ๋ มณีรัตน์|มณีรัตน์ คำอ้วน|แม็กซ์ ณัฐพล|ณัฐพล ดิลกนวฤทธิ์|ก้าวหน้า กิตติภัทร|กิตติภัทร แก้วเจริญ|เอี๊ยง สิทธา|สิทธา สภานุชาติ|บอม นนทัช|นนทัช ธนวัฒน์ยรรยง|ฟิวส์ กิติกร|กิติกร โพธิ์ปี|ฮาย ชุติมา|ชุติมา สิงห์ใจชื่น|โอ อนุชิต|อนุชิต สพันธุ์พงษ์|แพรว หัสสยา|หัสสยา อิสริยะเสรีกุล|เพื่อน|เล่นเพื่อน|เล่น|หม่อมเป็ด|หม่อมขำ|หม่อมสุด|ความสัมพันธ์|ประวัติศาสตร์|พระราชวัง|วัง|อดีต|พีเรียด|ย้อนยุค|หญิง|หญิงรักหญิง|ชาย|ชายรักชาย|มิตรภาพ|ความรัก|เจ้านาย|ทาส|ไพร่|วิถีชีวิต|ผู้คน|รักต้องห้าม|lgbtq|lgbtq+|ความไม่เท่าเทียม|ห้าม|หม่อม|หม่อมห้าม|ไม่เท่าเทียม|ละคร|ละครไทย|ละครไทยพีบีเอส|ไทยพีบีเอส|thai pbs|sign language|ภาษามือ|big sign","2025","THA","5","4","1","sign-language|closed-caption","true","https://assets.vipa.nexbetter.com/files/3/bb/86/bb86dd11-43d1-4bf2-8189-4e680c125dff","https://assets.vipa.nexbetter.com/files/3/bb/86/bb86dd11-43d1-4bf2-8189-4e680c125dff","https://assets.vipa.nexbetter.com/files/3/48/b2/48b24868-43f6-4a1c-8457-6e8d02f11947","Anyarin Terathananpat|Cherlisa Seriwibunkit|Sinjai Plengpanich|Maneerat Kam-Uan|Sittha Sapanuchart|Kittipat Kaewcharoen|Nattapol Diloknawarit|Nontach Thanawatyanyong|Kitikron Pohpe|Chutima Singjaichuen","2025-08-13T07:26:58.00Z","2026-05-06T06:31:34.00Z","1","30"
"14076","แซนดี้ ครูแสนดี","https://vipa.me/th/watch/thesandyeffect","https://assets.vipa.nexbetter.com/pictures/3/7b/73/7b73a197-092d-4452-8181-ca1aa510bdba","series","แซนดี้ ครูแสนดี","Drama","Teen Drama|Social Drama|Family Drama","แซนดี้ ครูแสนดี|แซนดี้|แซน|ครู|คุณครู|นักเรียน|โรงเรียน|เด็ก|เยาวชน|การศึกษา|เรียนรู้|ศึกษา|Sandy|อันดา กุลฑีรา|กุลฑีรา ยอดช่าง|เอี๊ยง สิทธา|สิทธา สภานุชาติ|เต้ ดาวิชญ์|ดาวิชญ์ กรีพลฤกษ์|กิก ดนัย|ดนัย จารุจินดา|ใหญ่ วัชรเกียรติ|วัชรเกียรติ บุญภักดี|รุ่งรัตน์ ดวงขวัญ|ทัศนัย กิตติรุ่งสุวรรณ|ชมวิว หนึ่งฤทัย|หนึ่งฤทัย ชัยอะทะ|ณัชชาภัสส์ เกิดเมืองสมุทร|กรองขวัญ สาดแก้ว|ศุภัช ท้าวสกุล|คณินฌัชญ์ ยมปัดชา|ปิ่นปินัทธ์ ลิ้มวิไลรัตนา|พชรพล รัตนพร","2025","THA","5","5","18","closed-caption|sign-language","true","https://assets.vipa.nexbetter.com/pictures/3/7b/73/7b73a197-092d-4452-8181-ca1aa510bdba","https://assets.vipa.nexbetter.com/pictures/3/7b/73/7b73a197-092d-4452-8181-ca1aa510bdba","https://assets.vipa.nexbetter.com/pictures/3/87/58/8758d091-ac8f-49c2-b8bc-6bda57fce39b","Kulteera Yordchang|Darvid Kreepolrerk|Sittha Sapanuchart|Vacharakiat Boonphakdee|Danai Charuchinta Charuchinta|Nungruthai Chaiata|Rungrat Duangkwan|Tassanai Kittirungsuwan|กรองขวัญ สาดแก้ว|Natchaphat Kerdmuangsamut|Suphach Tawsagun|พชรพล รัตนพร|Kaninnach Yompadcha|ปิ่นปินัทธ์ ลิ้มวิไลรัตนา","2025-08-15T08:05:16.00Z","2026-06-22T11:13:23.00Z","1","16"
"14134","นิลกาญจน์ (Big Sign)","https://vipa.me/th/watch/the-forgotten-stone-bigsign","https://assets.vipa.nexbetter.com/pictures/3/d7/b0/d7b0a796-8504-40d1-a5fd-ddb3aecbef0c","series","นิลกาญจน์ (Big Sign)","Drama","Family Drama","นิลกาญจน์|ละคร|ละครไทย|ละครไทยพีบีเอส|ไทยพีบีเอส|thai pbs|แพรวพรรณรายณ์|แพรวพรรณรายณ์ ศันสนะพิทยากร|เจแดน|แดน พฤกษ์พยุง|ต๊อก ศุภกรณ์|ศุภกรณ์ กิจสุวรรณ|ซัน ร้อยพินิจ|ร้อยพินิจ ควนศิริ|ความสัมพันธ์|ครอบครัว|นิล|อัญมณี|พ่อลูก|แหวน|นิลดำ|เพื่อน|มิตรภาพ|กาญจนบุรี|สังขละบุรี|ทองผาภูมิ|เดินทาง|ผจญภัย|sign language|ภาษามือ|big sign","2025","THA","5","0","0","sign-language|closed-caption|audio-description","true","https://assets.vipa.nexbetter.com/pictures/3/d7/b0/d7b0a796-8504-40d1-a5fd-ddb3aecbef0c","https://assets.vipa.nexbetter.com/pictures/3/d7/b0/d7b0a796-8504-40d1-a5fd-ddb3aecbef0c","https://assets.vipa.nexbetter.com/pictures/3/0d/11/0d117327-3cb2-475a-9033-262287484b84","Praewpannarai Sansanapitayakorn|Dan Pruekpayoong|Roipinit Khuansiri|Suppakorn Kitsuwan","2025-08-18T04:38:57.00Z","2026-08-25T10:05:33.00Z","1","2"
"14138","เมื่อรักส่องสว่าง (Big Sign)","https://vipa.me/th/watch/be-mine-be-yours-bigsign","https://assets.vipa.nexbetter.com/pictures/3/6f/5a/6f5ac136-89f6-4527-b448-08414513b9e4","series","เมื่อรักส่องสว่าง (Big Sign)","Drama","Romantic Drama|Social Drama","บอส ธปณัฐ|ธปณัฐ อธิคมโภคิน|ทะเล|ทะเล สงวนดีกุล|จำปา แสนพรหม|สุพิชชา สังขจินดา|เลอวิทย์ สังข์สิทธิ์|ธนเชษฐ์ นามวงค์|ลัทธ์กมล ปิ่นโรจน์กีรติ|ละคร|ละครไทย|ละครไทยพีบีเอส|ไทยพีบีเอส|thai pbs|เมื่อรักส่องสว่าง|be mine|be yours|ล้านนา|ภาคเหนือ|น่าน|เทศกาล|วัฒนธรรม|ประเพณี|วิถีชีวิต|ชาวบ้าน|ชุมชน|ชนบท|ยี่เป็ง|เกี่ยงเป็ง|ลอยกระทง|lgbtq|lgbt|เพศสภาพ|ชายรักชาย|ความสัมพันธ์|ความรัก|ครอบครัว|ไทลื้อ|กลุ่มชาติพันธุ์|ผู้คน|ชีวิต|sign language|ภาษามือ|big sign","2025","THA","5","5","1","sign-language|closed-caption","true","https://assets.vipa.nexbetter.com/pictures/3/6f/5a/6f5ac136-89f6-4527-b448-08414513b9e4","https://assets.vipa.nexbetter.com/pictures/3/6f/5a/6f5ac136-89f6-4527-b448-08414513b9e4","https://assets.vipa.nexbetter.com/pictures/3/8e/3f/8e3fe03d-f261-45b2-9ce2-791d17e2c6dd","Thapanat Athikompokin|Talay Sanguandikul","2025-08-18T05:05:39.00Z","2026-05-06T06:29:34.00Z","1","2"
"14142","สูตรรักไม่รู้ลืม (Big Sign)","https://vipa.me/th/watch/the-recipe-of-lasting-love-bigsign","https://assets.vipa.nexbetter.com/pictures/3/9d/3d/9d3d4342-bb4b-4723-ac7e-5049d17c554f","series","สูตรรักไม่รู้ลืม (Big Sign)","Drama","Family Drama","สูตรรักไม่รู้ลืม|ละคร|ละครไทย|ละครไทยพีบีเอส|thai pbs|อาหาร|วัฒนธรรม|ทุนไทย|บอส ธวัชนินทร์|ธวัชนินทร์ ดารายน|ประดิษฐ ประสาททอง|สุกัญญา มิเกล|สีดา บัวพิมล|แม่สีดา|ดวงใจ หิรัญศรี|สามารถ พยัคอรุณ|อาหารไทย|food|ร้านอาหาร|เจ้าของร้านอาหาร|sign language|ภาษามือ|big sign","2025","THA","1","0","0","sign-language|closed-caption","true","https://assets.vipa.nexbetter.com/pictures/3/9d/3d/9d3d4342-bb4b-4723-ac7e-5049d17c554f","https://assets.vipa.nexbetter.com/pictures/3/9d/3d/9d3d4342-bb4b-4723-ac7e-5049d17c554f","https://assets.vipa.nexbetter.com/pictures/3/e0/76/e076f1b2-9dae-4f05-9ecf-3bb05d3b6513","Thawatchanin Darayon|Pradit Prasartthong|Seeda Puapimon|Duangjai Hiransri|Sukanya Migael","2025-08-18T07:26:53.00Z","2026-05-06T06:25:26.00Z","1","2"
"14146","แสงไฟที่ไม่เคยดับ ”สืบ นาคะเสถียร” (Big Sign)","https://vipa.me/th/watch/seab-bigsign","https://assets.vipa.nexbetter.com/files/3/da/3a/da3afe3d-e8fd-4bff-bb7c-48379438db4f","series","แสงไฟที่ไม่เคยดับ ”สืบ นาคะเสถียร” (Big Sign)","Documentary","Historical|Biographical|Nature/Environmental|Social/Political","สืบ นาคะเสถียร|สารคดี|สารคดีไทย|สารคดีไทยพีบีเอส|thai pbs|อนุรักษ์|สิ่งแวดล้อม|ธรรมชาติ|ต้นไม้|ป่าไม้|แรงบันดาลใจ|รักษา|ป่า|สัตว์ป่า|ปลูก|แสงไฟที่ไม่เคยดับ|แสงไฟ|สืบ|sign language|ภาษามือ|big sign","2025","THA","5","5","1","sign-language|closed-caption|audio-description","true","https://assets.vipa.nexbetter.com/files/3/da/3a/da3afe3d-e8fd-4bff-bb7c-48379438db4f","https://assets.vipa.nexbetter.com/files/3/da/3a/da3afe3d-e8fd-4bff-bb7c-48379438db4f","https://assets.vipa.nexbetter.com/files/3/38/cd/38cd490b-e56e-4066-ac68-031b9bd13bd9","no_data","2025-08-18T07:44:52.00Z","2026-05-06T07:01:19.00Z","1","3"
"14151","แม่วงก์ ผืนป่าแห่งความหวัง (Big Sign)","https://vipa.me/th/watch/maewong-bigsign","https://assets.vipa.nexbetter.com/files/3/b6/ba/b6bab219-d1b8-4004-a84e-e91b97ee6dff","series","แม่วงก์ ผืนป่าแห่งความหวัง (Big Sign)","Documentary","Nature/Environmental|Social/Political","แม่วงก์|ผืนป่าแห่งความหวัง|ผืนป่า|ป่า|ป่าไม้|ธรรมชาติ|สิ่งแวดล้อม|สิ่งมีชีวิต|สัตว์|ระบบ|นิเวศน์|แม่วงก์ ผืนป่าแห่งความหวัง|สัตว์ป่า|ความหวัง|อุทยาน|อุทยานแห่งชาติ|น้ำ|แม่น้ำ|sign language|ภาษามือ|big sign","2025","THA","5","0","0","sign-language|closed-caption|audio-description","true","https://assets.vipa.nexbetter.com/files/3/b6/ba/b6bab219-d1b8-4004-a84e-e91b97ee6dff","https://assets.vipa.nexbetter.com/files/3/b6/ba/b6bab219-d1b8-4004-a84e-e91b97ee6dff","https://assets.vipa.nexbetter.com/files/3/7e/db/7edb6617-3c99-4cd0-a822-778df74e0338","no_data","2025-08-18T08:24:30.00Z","2026-05-06T06:43:24.00Z","1","2"
"14156","ศิลป์แห่งสายนที","https://vipa.me/th/watch/rhythm-of-the-royal-waters","https://assets.vipa.nexbetter.com/pictures/3/bd/44/bd44898e-36fe-407c-ad8d-c44bc2f26f67","series","ศิลป์แห่งสายนที","Documentary","Cultural|Social/Political|Historical","ศิลป์แห่งสายนที|ศิลป์|นที|แม่น้ำ|Rhythm|Waters|Royal Waters|Royal|รายการ|ขบวนพยุหยาตราทางชลมาร|ขบวน|พยุหยาตรา|ประวัติศาสตร์|ศิลปะ|ความเชื่อ|ศรัทธา|ความงดงาม|งดงาม|หัวโขนเรือ|เรือ|เห่|เห่ขบวน|สามัคคี|จงรักภักดี|พิธี|พิธีการ|พิธีกรรม|ศักดิ์สิทธิ์|โบราณ|ศิลปะ|วัฒนธรรม|มรดก|วัฒนธรรมไทย|ริ้วขบวน|เจ้าพระยา|พระราชพิธี|เรือพระราชพิธี|น้ำ|ขบวนเสด็จ","2025","THA","5","5","4","no_data","true","https://assets.vipa.nexbetter.com/pictures/3/bd/44/bd44898e-36fe-407c-ad8d-c44bc2f26f67","https://assets.vipa.nexbetter.com/pictures/3/bd/44/bd44898e-36fe-407c-ad8d-c44bc2f26f67","https://assets.vipa.nexbetter.com/pictures/3/61/71/61712fac-4161-4702-bf79-defc04a56420","no_data","2025-08-18T10:41:17.00Z","2025-09-04T11:15:02.00Z","1","6"
"14166","TEENNOVATOR วัยรุ่นกู้โลก","https://vipa.me/th/watch/teennovator","https://assets.vipa.nexbetter.com/pictures/3/2b/e1/2be15e2f-fdc2-4bc3-b733-6556710a1217","series","TEENNOVATOR วัยรุ่นกู้โลก","Education","Edutainment|Instructional|Simulation","no_data","2025","THA","2","4","3","no_data","true","https://assets.vipa.nexbetter.com/pictures/3/2b/e1/2be15e2f-fdc2-4bc3-b733-6556710a1217","https://assets.vipa.nexbetter.com/pictures/3/2b/e1/2be15e2f-fdc2-4bc3-b733-6556710a1217","https://assets.vipa.nexbetter.com/pictures/3/60/db/60dbe318-dbf2-4e37-b236-645f253a9aba","Atirut Kittipatana","2025-08-20T08:38:37.00Z","2026-05-20T04:06:20.00Z","3","39"
"14199","Navigator (Big Sign)","https://vipa.me/th/watch/navigator-bigsign","https://assets.vipa.nexbetter.com/files/3/68/6b/686b28ce-2e67-4684-8253-c26e31485e94","series","Navigator (Big Sign)","Food & Travel","Travel Documentaries|Adventure Travel|Cultural Travel|Solo Travel","no_data","2025","THA","5","5","1","sign-language","true","https://assets.vipa.nexbetter.com/files/3/68/6b/686b28ce-2e67-4684-8253-c26e31485e94","https://assets.vipa.nexbetter.com/files/3/68/6b/686b28ce-2e67-4684-8253-c26e31485e94","https://assets.vipa.nexbetter.com/files/3/d9/b8/d9b87aba-f6e0-488f-99f1-6890d473683b","Jesdaporn Pholdee","2025-08-21T08:02:36.00Z","2026-05-06T06:38:06.00Z","1","12"
"14216","Thailand Insight","https://vipa.me/th/watch/thailand-insight","https://assets.vipa.nexbetter.com/pictures/3/af/fd/affd366f-8b98-4c3c-8f95-8cd314f1f22a","series","Thailand Insight","Documentary","Nature/Environmental|Cultural","no_data","2025","THA","5","5","6","4k","true","https://assets.vipa.nexbetter.com/pictures/3/5f/aa/5faaa929-cfad-4c8c-98a5-e604be69bd2a","https://assets.vipa.nexbetter.com/pictures/3/af/fd/affd366f-8b98-4c3c-8f95-8cd314f1f22a","https://assets.vipa.nexbetter.com/pictures/3/3c/c7/3cc70ad9-90c2-4fab-a0d2-4cf8fe41fb30","no_data","2025-08-22T10:39:48.00Z","2026-09-14T08:11:44.00Z","1","8"
"14233","กล้าทะเล (Big Sign)","https://vipa.me/th/watch/klatalay-bigsign","https://assets.vipa.nexbetter.com/files/3/d2/c7/d2c7b636-0fcb-492d-ba6c-ea4fc777e5e3","series","กล้าทะเล (Big Sign)","Drama","Teen Drama|Social Drama|Romantic Drama|Family Drama","no_data","2024","THA","5","5","2","closed-caption|sign-language","true","https://assets.vipa.nexbetter.com/files/3/d2/c7/d2c7b636-0fcb-492d-ba6c-ea4fc777e5e3","https://assets.vipa.nexbetter.com/files/3/d2/c7/d2c7b636-0fcb-492d-ba6c-ea4fc777e5e3","https://assets.vipa.nexbetter.com/files/3/fe/47/fe476c86-8196-4fb2-99f5-4328d0d80cbb","Nathapat Prabhananda|Kunjiranut Intarasin|Dan Pruekpayoong|Roipinit Khuansiri|Radchapon Phornpinit","2025-09-03T04:13:22.00Z","2026-05-06T06:35:08.00Z","1","12"
"14248","อาชญาโกง (Big Sign) ","https://vipa.me/th/watch/corrupted-bigsign","https://assets.vipa.nexbetter.com/pictures/3/8a/0d/8a0daa87-dd8f-449a-8aed-d996ff4d218d","series","อาชญาโกง (Big Sign) ","Drama","Legal Drama|Social Drama","no_data","2024","THA","5","5","1","sign-language|closed-caption","true","https://assets.vipa.nexbetter.com/pictures/3/8a/0d/8a0daa87-dd8f-449a-8aed-d996ff4d218d","https://assets.vipa.nexbetter.com/pictures/3/8a/0d/8a0daa87-dd8f-449a-8aed-d996ff4d218d","https://assets.vipa.nexbetter.com/pictures/3/76/de/76de9e1e-81c7-4505-9916-7fb409b86aea","Kanokchat Munyadon|Praewpannarai Sansanapitayakorn|Assanai Thetthawong|Boonsong Nakphoo|ธรรศธรณ์ ฤทธิเดช|Satida Pinsinchai|Samart Payakaroon|Morakot Hathaivasiwong|Ongart Cheamcharoenpornkul|Sittawasilp Kabilchonlathit","2025-09-03T07:39:33.00Z","2026-05-06T05:11:36.00Z","2","20"
"14258","ไดโนเสาร์แดนอีสาน (Big Sign)","https://vipa.me/th/watch/dinosaurs-bigsign","https://assets.vipa.nexbetter.com/pictures/3/ab/f7/abf72b1e-e281-4c95-ad29-ee0be8f07b76","series","ไดโนเสาร์แดนอีสาน (Big Sign)","Documentary","Historical|Cultural","no_data","2017","THA","5","5","1","sign-language|closed-caption|audio-description","true","https://assets.vipa.nexbetter.com/pictures/3/ab/f7/abf72b1e-e281-4c95-ad29-ee0be8f07b76","https://assets.vipa.nexbetter.com/pictures/3/ab/f7/abf72b1e-e281-4c95-ad29-ee0be8f07b76","https://assets.vipa.nexbetter.com/files/3/d2/3d/d23dc47f-a87d-4647-94e6-c83151eb8c85","no_data","2025-09-03T08:34:56.00Z","2026-05-06T07:08:38.00Z","1","4"
"14299","Creative Identity Music Competition 2025 (CIMC)","https://vipa.me/th/watch/creative-identity-music-competition-2025","https://assets.vipa.nexbetter.com/pictures/3/2e/22/2e229a65-eeab-403b-9664-891aa16defcd","series","Creative Identity Music Competition 2025 (CIMC)","Variety & LifeStyle","Hobbies & Crafts|Lifestyle Tips","no_data","2025","THA","5","0","0","no_data","true","https://assets.vipa.nexbetter.com/pictures/3/2e/22/2e229a65-eeab-403b-9664-891aa16defcd","https://assets.vipa.nexbetter.com/pictures/3/2e/22/2e229a65-eeab-403b-9664-891aa16defcd","https://assets.vipa.nexbetter.com/pictures/3/16/3f/163f3c2d-09bf-435d-aeea-a386be730fa6","no_data","2025-09-09T08:25:25.00Z","2025-09-26T07:15:15.00Z","1","6"
"14380","ภาษามือ ภาษาเพลง","https://vipa.me/th/watch/silent-melodies","https://assets.vipa.nexbetter.com/pictures/3/93/2a/932a11af-345d-4ad7-b79f-686274cebb4e","series","ภาษามือ ภาษาเพลง","Variety & LifeStyle","Lifestyle Tips|Hobbies & Crafts","no_data","2025","THA","5","0","0","no_data","true","https://assets.vipa.nexbetter.com/pictures/3/93/2a/932a11af-345d-4ad7-b79f-686274cebb4e","https://assets.vipa.nexbetter.com/pictures/3/93/2a/932a11af-345d-4ad7-b79f-686274cebb4e","https://assets.vipa.nexbetter.com/pictures/3/a1/e7/a1e7ac70-6c65-4eec-ae49-53b58745aaaa","no_data","2025-09-18T09:04:31.00Z","2026-04-29T07:22:56.00Z","3","36"
"14408","วิชาทุก(ข์)พื้นฐาน","https://vipa.me/th/watch/howtosuffer101","https://assets.vipa.nexbetter.com/pictures/3/7c/c8/7cc800d4-9f18-4ca6-a19a-df616f4ef15e","series","วิชาทุก(ข์)พื้นฐาน","Drama","Social Drama|Teen Drama","no_data","2025","THA","5","4","17","closed-caption|sign-language","true","https://assets.vipa.nexbetter.com/pictures/3/7c/c8/7cc800d4-9f18-4ca6-a19a-df616f4ef15e","https://assets.vipa.nexbetter.com/pictures/3/7c/c8/7cc800d4-9f18-4ca6-a19a-df616f4ef15e","https://assets.vipa.nexbetter.com/pictures/3/ae/64/ae64d6bc-5115-41f1-8495-2bd63fc0c781","Chanya McClory|Trisanu Soranun|Sadanont Durongkavarojana|Nattapat Nimjirawat|Patiparn Khunngen|Natthamon antraviphart|Onwanya Tosombat","2025-09-26T11:12:47.00Z","2026-01-13T09:38:05.00Z","1","16"
"14412","Face OF Thai PBS","https://vipa.me/th/watch/face-of-thaipbs","https://assets.vipa.nexbetter.com/pictures/3/1a/ba/1aba717f-0d94-4382-99cf-35612cd465c0","series","Face OF Thai PBS","Variety & LifeStyle","Talk Shows|Hobbies & Crafts|Lifestyle Tips","no_data","2025","THA","5","5","1","no_data","true","https://assets.vipa.nexbetter.com/pictures/3/1a/ba/1aba717f-0d94-4382-99cf-35612cd465c0","https://assets.vipa.nexbetter.com/pictures/3/1a/ba/1aba717f-0d94-4382-99cf-35612cd465c0","https://assets.vipa.nexbetter.com/pictures/3/22/7f/227f0c94-bf0a-40f0-8c38-691319e94001","no_data","2025-09-29T06:30:10.00Z","2025-11-05T03:13:26.00Z","1","8"
"14422","FRIENDS OF Thai PBS","https://vipa.me/th/watch/friends-of-thaipbs","https://assets.vipa.nexbetter.com/pictures/3/8a/c1/8ac15a49-6060-4e21-b566-4ac03fb5d843","series","FRIENDS OF Thai PBS","Variety & LifeStyle","Talk Shows|Lifestyle Tips|Hobbies & Crafts","no_data","2025","THA","5","0","0","no_data","true","https://assets.vipa.nexbetter.com/pictures/3/8a/c1/8ac15a49-6060-4e21-b566-4ac03fb5d843","https://assets.vipa.nexbetter.com/pictures/3/8a/c1/8ac15a49-6060-4e21-b566-4ac03fb5d843","https://assets.vipa.nexbetter.com/pictures/3/d9/30/d930c9ca-3c78-4a74-b7d4-91d98c93fa27","no_data","2025-09-29T06:52:53.00Z","2025-11-05T03:12:56.00Z","1","8"
"14433","Money Mindset ใช้เป็น เห็นเงิน","https://vipa.me/th/watch/money-mindset","https://assets.vipa.nexbetter.com/pictures/3/d4/8f/d48f70d0-1edf-410e-8648-08f195d07a23","series","Money Mindset ใช้เป็น เห็นเงิน","Variety & LifeStyle","Lifestyle Tips|Hobbies & Crafts","no_data","2025","THA","5","4","2","no_data","true","https://assets.vipa.nexbetter.com/pictures/3/d4/8f/d48f70d0-1edf-410e-8648-08f195d07a23","https://assets.vipa.nexbetter.com/pictures/3/d4/8f/d48f70d0-1edf-410e-8648-08f195d07a23","https://assets.vipa.nexbetter.com/pictures/3/d1/fe/d1fe10c8-5cc4-4df4-a433-a184b9666b69","Tanin Kunkamedee|Thanika Cunningham","2025-10-01T04:44:40.00Z","2025-11-05T03:14:22.00Z","1","13"
"14450","นโยบาย By ประชาชน","https://vipa.me/th/watch/policy-by-the-people","https://assets.vipa.nexbetter.com/pictures/3/9e/39/9e39b84f-24c4-4142-89a7-c7b20f85e27b","series","นโยบาย By ประชาชน","Variety & LifeStyle","Talk Shows|Cultural Programs","no_data","2025","THA","5","4","4","no_data","true","https://assets.vipa.nexbetter.com/pictures/3/9e/39/9e39b84f-24c4-4142-89a7-c7b20f85e27b","https://assets.vipa.nexbetter.com/pictures/3/9e/39/9e39b84f-24c4-4142-89a7-c7b20f85e27b","https://assets.vipa.nexbetter.com/pictures/3/d5/1d/d51df4d5-5e7d-4d39-be90-69eefa7d1a23","Thanavate Siriwattanagul|Thanakorn Chinakul|Budsirin Yingkeadtikun","2025-10-07T09:06:07.00Z","2026-07-07T07:40:20.00Z","2","27"
"14494","พระทอล์ก","https://vipa.me/th/watch/phra-talks-podcast","https://assets.vipa.nexbetter.com/pictures/3/4f/40/4f40816d-6a77-4285-acb9-20ce4c11e473","series","พระทอล์ก","Variety & LifeStyle","Talk Shows|Cultural Programs","พระ|พระ","2025","THA","5","5","1","sign-language","true","https://assets.vipa.nexbetter.com/pictures/3/4f/40/4f40816d-6a77-4285-acb9-20ce4c11e473","https://assets.vipa.nexbetter.com/pictures/3/4f/40/4f40816d-6a77-4285-acb9-20ce4c11e473","https://assets.vipa.nexbetter.com/pictures/3/db/02/db028ec1-6da7-4c52-ac23-ccf875ed51a1","no_data","2025-10-10T10:44:33.00Z","2026-06-15T07:12:39.00Z","1","12"
"14533","CGTN Documentary","https://vipa.me/th/watch/cgtn-documentary","https://assets.vipa.nexbetter.com/pictures/3/b4/d4/b4d40a60-8745-4521-a4f8-d35499478020","series","CGTN Documentary","Documentary","Historical|Social/Political|Cultural","no_data","2025","THA","5","5","1","closed-caption","true","https://assets.vipa.nexbetter.com/pictures/3/b4/d4/b4d40a60-8745-4521-a4f8-d35499478020","https://assets.vipa.nexbetter.com/pictures/3/b4/d4/b4d40a60-8745-4521-a4f8-d35499478020","https://assets.vipa.nexbetter.com/pictures/3/b4/d9/b4d9bcfa-2959-4bb6-bf4f-cde4a33fe1f0","no_data","2025-10-17T04:45:27.00Z","2025-11-27T03:49:48.00Z","1","2"
"14537","คนธรรมดา ชีวิตไม่ธรรมดา","https://vipa.me/th/watch/vipa-film-festival-2025","https://assets.vipa.nexbetter.com/pictures/3/4f/46/4f46f598-fb70-4c51-bf09-269645a54d38","series","คนธรรมดา ชีวิตไม่ธรรมดา","Documentary","Social/Political|Cultural","no_data","2025","THA","5","0","0","closed-caption","true","no_data","no_data","https://assets.vipa.nexbetter.com/pictures/3/4f/46/4f46f598-fb70-4c51-bf09-269645a54d38","no_data","2025-10-21T03:47:05.00Z","2026-04-21T09:58:53.00Z","1","11"
"14551","ประลองยอดฝีมือเยาวชนดนตรี","https://vipa.me/th/watch/young-thai-musicians-competition","https://assets.vipa.nexbetter.com/pictures/3/0c/e7/0ce72d82-7e04-4969-af2e-bae9e126b3b0","series","ประลองยอดฝีมือเยาวชนดนตรี","Variety & LifeStyle","Lifestyle Tips|Hobbies & Crafts|Cultural Programs","no_data","2025","THA","5","0","0","no_data","true","https://assets.vipa.nexbetter.com/pictures/3/0c/e7/0ce72d82-7e04-4969-af2e-bae9e126b3b0","https://assets.vipa.nexbetter.com/pictures/3/0c/e7/0ce72d82-7e04-4969-af2e-bae9e126b3b0","https://assets.vipa.nexbetter.com/pictures/3/ee/c5/eec58112-27c3-4d3e-a765-b24eac632caf","Sayapa Singchoo|Nisachol Siwthaisong","2025-10-22T05:17:16.00Z","2026-01-06T08:25:36.00Z","3","13"
"14559","Can Teachers Transform Thailand?","https://vipa.me/th/watch/can-teachers-transform-thailand","https://assets.vipa.nexbetter.com/pictures/3/24/58/24586d49-6cc7-4c51-894b-d267ecde0404","series","Can Teachers Transform Thailand?","Documentary","Social/Political|Cultural","no_data","2025","THA","5","5","3","4k|closed-caption","true","https://assets.vipa.nexbetter.com/pictures/3/80/98/8098378d-b880-49ad-82cd-031d5f9f51a2","https://assets.vipa.nexbetter.com/pictures/3/24/58/24586d49-6cc7-4c51-894b-d267ecde0404","https://assets.vipa.nexbetter.com/pictures/3/2a/3e/2a3efccd-8dcb-4b99-8ebb-999e380ca838","no_data","2025-10-22T11:34:49.00Z","2026-09-14T08:30:59.00Z","1","3"
"14597","ว่าจะไม่รักเธอ (Big Sign)","https://vipa.me/th/watch/unexpected-bigsign","https://assets.vipa.nexbetter.com/pictures/3/a5/2f/a52fc6b3-d9e1-4f24-abdb-0bdce9b9771b","series","ว่าจะไม่รักเธอ (Big Sign)","Drama","Social Drama","no_data","2025","THA","5","5","1","sign-language|closed-caption","true","https://assets.vipa.nexbetter.com/pictures/3/a5/2f/a52fc6b3-d9e1-4f24-abdb-0bdce9b9771b","https://assets.vipa.nexbetter.com/pictures/3/a5/2f/a52fc6b3-d9e1-4f24-abdb-0bdce9b9771b","https://assets.vipa.nexbetter.com/pictures/3/24/0f/240f3187-15b3-4f76-94db-e04b3d83dc16","Panisara Prinyarux|Darvid Kreepolrerk|Thanatchaporn Utsahajit","2025-10-29T10:14:11.00Z","2026-05-06T06:16:42.00Z","1","2"
"14601","คน จน เมือง (Big Sign)","https://vipa.me/th/watch/urbanpoordoc-bigsign","https://assets.vipa.nexbetter.com/files/3/0c/13/0c130dbf-a230-483a-98c5-f4d8041f86df","series","คน จน เมือง (Big Sign)","Documentary","Cultural|Social/Political","no_data","2025","THA","5","5","1","sign-language","true","https://assets.vipa.nexbetter.com/files/3/0c/13/0c130dbf-a230-483a-98c5-f4d8041f86df","https://assets.vipa.nexbetter.com/files/3/0c/13/0c130dbf-a230-483a-98c5-f4d8041f86df","https://assets.vipa.nexbetter.com/files/3/68/a0/68a0a8e0-eea1-43e4-b993-ea9887a90958","no_data","2025-10-29T10:56:40.00Z","2026-08-28T09:32:17.00Z","2","10"
"14608","สืบสวนสำนวนรัก SS2 (Big Sign)","https://vipa.me/th/watch/investigation-of-love-bigsign-ss2","https://assets.vipa.nexbetter.com/pictures/3/9e/b8/9eb87326-1ad4-426a-82b6-ebb385d870ad","series","สืบสวนสำนวนรัก SS2 (Big Sign)","Drama","Legal Drama|Social Drama","no_data","2025","THA","5","5","1","sign-language|closed-caption","true","https://assets.vipa.nexbetter.com/pictures/3/9e/b8/9eb87326-1ad4-426a-82b6-ebb385d870ad","https://assets.vipa.nexbetter.com/pictures/3/9e/b8/9eb87326-1ad4-426a-82b6-ebb385d870ad","https://assets.vipa.nexbetter.com/pictures/3/23/04/23043948-e64a-43f9-b47f-9162d6121b0b","Nisachol Siwthaisong|Jaron Sorat|Assanai Thienthong|Piamchon Damrongsunthornchai|Satida Pinsinchai|Thawatchanin Darayon","2025-10-30T03:48:31.00Z","2026-05-06T06:18:52.00Z","1","16"
"14638","Cross Talk คิดต่างคุยกัน","https://vipa.me/th/watch/cross-talk","https://assets.vipa.nexbetter.com/pictures/3/f8/7d/f87d917a-5c4f-40a6-b331-91725f21d29c","series","Cross Talk คิดต่างคุยกัน","News & Factural","Public Affairs Programs - politics, social issues, and policy debates|Reality-based Factual Programs","no_data","2025","THA","5","0","0","no_data","true","https://assets.vipa.nexbetter.com/pictures/3/f8/7d/f87d917a-5c4f-40a6-b331-91725f21d29c","https://assets.vipa.nexbetter.com/pictures/3/f8/7d/f87d917a-5c4f-40a6-b331-91725f21d29c","https://assets.vipa.nexbetter.com/pictures/3/bb/09/bb092e51-93eb-4ea6-998f-0270254c598e","no_data","2025-11-05T09:36:40.00Z","2025-12-17T08:54:22.00Z","1","15"
"14751","ตลกรักหนังควาย (Big Sign)","https://vipa.me/th/watch/spirit-of-the-shadow-big-sign","https://assets.vipa.nexbetter.com/pictures/3/c2/8a/c28ad712-d52d-4640-9388-edf14e45b6a1","series","ตลกรักหนังควาย (Big Sign)","Drama","Family Drama|Social Drama","no_data","2025","THA","5","1","1","sign-language|closed-caption|audio-description","true","https://assets.vipa.nexbetter.com/pictures/3/c2/8a/c28ad712-d52d-4640-9388-edf14e45b6a1","https://assets.vipa.nexbetter.com/pictures/3/c2/8a/c28ad712-d52d-4640-9388-edf14e45b6a1","https://assets.vipa.nexbetter.com/pictures/3/56/72/5672e67c-6055-4be6-b583-fc794f84a783","Tonhon Tantivejakul|Praewa Suthamphong|Vacharakiat Boonphakdee|Paisan Khunnu","2025-11-21T07:19:39.00Z","2026-08-25T10:26:54.00Z","1","2"
"14755","Made My Day วันนี้ดีที่สุด UNCUT (Big Sign)","https://vipa.me/th/watch/made-my-day-uncut-big-sign","https://assets.vipa.nexbetter.com/pictures/3/ed/5b/ed5be4a2-cd9a-4276-bdc8-d5d9b0c3af03","series","Made My Day วันนี้ดีที่สุด UNCUT (Big Sign)","Variety & LifeStyle","Talk Shows","no_data","2025","THA","5","5","1","sign-language","true","https://assets.vipa.nexbetter.com/pictures/3/ed/5b/ed5be4a2-cd9a-4276-bdc8-d5d9b0c3af03","https://assets.vipa.nexbetter.com/pictures/3/ed/5b/ed5be4a2-cd9a-4276-bdc8-d5d9b0c3af03","https://assets.vipa.nexbetter.com/pictures/3/89/8b/898b3e88-397a-44ba-bb70-4bcb183229ac","Sarawut Roundfinger Hengsawad","2025-11-21T08:04:20.00Z","2026-05-06T07:03:53.00Z","1","10"
"14769","สามก๊กมหาสนุก","https://vipa.me/th/watch/3kingdoms-super-fun","https://assets.vipa.nexbetter.com/pictures/3/c4/2f/c42f7949-ff19-4288-a791-0c31f38ac19d","series","สามก๊กมหาสนุก","Kids & Family","Animation|Comedy|Fantasy|Adventure|Historical","no_data","2025","THA","3","5","8","no_data","true","https://assets.vipa.nexbetter.com/pictures/3/c4/2f/c42f7949-ff19-4288-a791-0c31f38ac19d","https://assets.vipa.nexbetter.com/pictures/3/c4/2f/c42f7949-ff19-4288-a791-0c31f38ac19d","https://assets.vipa.nexbetter.com/pictures/3/8f/fc/8ffc369c-ef6a-455b-9950-86c08bb738e7","no_data","2025-11-24T08:58:00.00Z","2026-01-15T08:08:03.00Z","1","52"
"14874","China Media Group","https://vipa.me/th/watch/china-media-group","https://assets.vipa.nexbetter.com/pictures/3/4d/31/4d317ef5-9d11-4043-a01d-880c73d7d283","series","China Media Group","Documentary","Historical|Social/Political|Cultural","no_data","2025","THA","5","4","3","soundtrack","true","https://assets.vipa.nexbetter.com/pictures/3/4d/31/4d317ef5-9d11-4043-a01d-880c73d7d283","https://assets.vipa.nexbetter.com/pictures/3/4d/31/4d317ef5-9d11-4043-a01d-880c73d7d283","https://assets.vipa.nexbetter.com/pictures/3/b0/9a/b09a46fd-872a-47f4-9c4e-bdb0190a67f7","no_data","2025-12-02T04:52:25.00Z","2026-02-02T10:51:24.00Z","1","3"
"14883","แซนดี้ ครูแสนดี (Big Sign)","https://vipa.me/th/watch/thesandyeffect-big-sign","https://assets.vipa.nexbetter.com/pictures/3/7b/73/7b73a197-092d-4452-8181-ca1aa510bdba","series","แซนดี้ ครูแสนดี (Big Sign)","Drama","Social Drama|Teen Drama|Family Drama","no_data","2025","THA","5","5","1","closed-caption|sign-language","true","https://assets.vipa.nexbetter.com/pictures/3/7b/73/7b73a197-092d-4452-8181-ca1aa510bdba","https://assets.vipa.nexbetter.com/pictures/3/7b/73/7b73a197-092d-4452-8181-ca1aa510bdba","https://assets.vipa.nexbetter.com/pictures/3/87/58/8758d091-ac8f-49c2-b8bc-6bda57fce39b","Kulteera Yordchang|Darvid Kreepolrerk|Sittha Sapanuchart|Vacharakiat Boonphakdee|Danai Charuchinta Charuchinta|Nungruthai Chaiata|Rungrat Duangkwan|Tassanai Kittirungsuwan|กรองขวัญ สาดแก้ว|Natchaphat Kerdmuangsamut|Suphach Tawsagun|พชรพล รัตนพร|Kaninnach Yompadcha|ปิ่นปินัทธ์ ลิ้มวิไลรัตนา","2025-12-02T09:13:22.00Z","2026-06-22T11:14:21.00Z","1","16"
"14901","Unfriend Elephants","https://vipa.me/th/watch/unfriend-elephants","https://assets.vipa.nexbetter.com/pictures/3/22/3c/223c24f3-d09e-44c0-b8d3-98d3a5a04ad0","series","Unfriend Elephants","Documentary","Nature/Environmental|Social/Political|Cultural","no_data","2025","THA","5","5","3","sign-language|closed-caption","true","https://assets.vipa.nexbetter.com/pictures/3/22/3c/223c24f3-d09e-44c0-b8d3-98d3a5a04ad0","https://assets.vipa.nexbetter.com/pictures/3/22/3c/223c24f3-d09e-44c0-b8d3-98d3a5a04ad0","https://assets.vipa.nexbetter.com/files/3/dc/24/dc24c892-0e45-4a0d-bde2-d9e9f4696ff1","no_data","2025-12-03T03:20:15.00Z","2025-12-03T03:27:07.00Z","2","2"
"14914","ถอดรหัสวัดอรุณ","https://vipa.me/th/watch/decoding-wat-arun","https://assets.vipa.nexbetter.com/pictures/3/e6/90/e690ab21-c836-4522-8491-0d76f3b6bdd4","series","ถอดรหัสวัดอรุณ","Documentary","Historical|Nature/Environmental|Social/Political|Cultural","no_data","2025","THA","5","5","6","4k|closed-caption|sign-language","true","https://assets.vipa.nexbetter.com/pictures/3/e6/90/e690ab21-c836-4522-8491-0d76f3b6bdd4","https://assets.vipa.nexbetter.com/pictures/3/e6/90/e690ab21-c836-4522-8491-0d76f3b6bdd4","https://assets.vipa.nexbetter.com/pictures/3/1f/11/1f116bc0-bc75-4eab-bb82-f00a4fe84951","no_data","2025-12-12T08:58:38.00Z","2026-05-27T05:57:03.00Z","1","30"
"14984","มันนิ : เรื่องเล่าจากเขาบรรทัด","https://vipa.me/th/watch/maniq-chronicles-the-jungle-legacy","https://assets.vipa.nexbetter.com/pictures/3/bd/59/bd59ca0c-8887-4aaf-8282-6a70f001b97d","series","มันนิ : เรื่องเล่าจากเขาบรรทัด","Documentary","Nature/Environmental|Cultural","no_data","2025","THA","5","5","1","sign-language","true","https://assets.vipa.nexbetter.com/pictures/3/bd/59/bd59ca0c-8887-4aaf-8282-6a70f001b97d","https://assets.vipa.nexbetter.com/pictures/3/bd/59/bd59ca0c-8887-4aaf-8282-6a70f001b97d","https://assets.vipa.nexbetter.com/pictures/3/2c/9b/2c9bcb5c-f451-4823-bc56-ad8e8a5b2e3e","Krittanon Thotsagool","2025-12-23T09:04:31.00Z","2026-03-10T07:57:05.00Z","1","6"
"15037","คืนนี้ผมนอนไม่หลับ ","https://vipa.me/th/watch/hardnights","https://assets.vipa.nexbetter.com/pictures/3/24/ec/24ecc722-af19-45f2-a8d9-e9b26944ba6c","series","คืนนี้ผมนอนไม่หลับ ","Drama","Family Drama|Romantic Drama|Social Drama","no_data","2026","THA","5","4","40","closed-caption|sign-language","true","https://assets.vipa.nexbetter.com/pictures/3/24/ec/24ecc722-af19-45f2-a8d9-e9b26944ba6c","https://assets.vipa.nexbetter.com/pictures/3/24/ec/24ecc722-af19-45f2-a8d9-e9b26944ba6c","https://assets.vipa.nexbetter.com/pictures/3/14/d7/14d76c3a-fa6d-47f8-bf1e-3fecd64460fc","Naphatsaran Mittiraroch|Surawut Maikun|Supoj Janjareon|Pijika Jittaputta|Gokgorn Benjathikoon|Sukonlaphat Sribubpha|Marut Sarowat","2026-01-05T05:05:36.00Z","2026-05-07T07:28:36.00Z","2","17"
"15100","วิชาทุก(ข์)พื้นฐาน (Big Sign)","https://vipa.me/th/watch/howtosuffer101-big-sign","https://assets.vipa.nexbetter.com/pictures/3/7c/c8/7cc800d4-9f18-4ca6-a19a-df616f4ef15e","series","วิชาทุก(ข์)พื้นฐาน (Big Sign)","Drama","Social Drama|Teen Drama","no_data","2026","THA","5","5","2","sign-language|closed-caption","true","https://assets.vipa.nexbetter.com/pictures/3/7c/c8/7cc800d4-9f18-4ca6-a19a-df616f4ef15e","https://assets.vipa.nexbetter.com/pictures/3/7c/c8/7cc800d4-9f18-4ca6-a19a-df616f4ef15e","https://assets.vipa.nexbetter.com/pictures/3/ae/64/ae64d6bc-5115-41f1-8495-2bd63fc0c781","Chanya McClory|Trisanu Soranun|Sadanont Durongkavarojana|Nattapat Nimjirawat|Patiparn Khunngen|Natthamon antraviphart|Onwanya Tosombat","2026-01-13T09:39:53.00Z","2026-05-06T05:23:37.00Z","1","16"
"15179","Shapes","https://vipa.me/th/watch/shapes","https://assets.vipa.nexbetter.com/pictures/3/b4/61/b4618200-83e0-44fc-8371-3f9f945c424f","series","Shapes","Kids & Family","Animation|Educational|Adventure|Nature and Wildlife","no_data","2026","THA","1","5","2","soundtrack","true","https://assets.vipa.nexbetter.com/pictures/3/b4/61/b4618200-83e0-44fc-8371-3f9f945c424f","https://assets.vipa.nexbetter.com/pictures/3/b4/61/b4618200-83e0-44fc-8371-3f9f945c424f","https://assets.vipa.nexbetter.com/pictures/3/b3/29/b329c021-f065-4a0b-b676-5ea4cf97755d","no_data","2026-01-26T10:04:11.00Z","2026-02-13T03:26:59.00Z","1","39"
"15235","โลกปรัมปรา","https://vipa.me/th/watch/lokparampara","https://assets.vipa.nexbetter.com/pictures/3/40/0a/400a0a40-deb2-4270-a549-f749a41deae7","series","โลกปรัมปรา","Documentary","Historical|Social/Political|Cultural","no_data","2026","THA","5","5","8","sign-language","true","https://assets.vipa.nexbetter.com/pictures/3/40/0a/400a0a40-deb2-4270-a549-f749a41deae7","https://assets.vipa.nexbetter.com/pictures/3/40/0a/400a0a40-deb2-4270-a549-f749a41deae7","https://assets.vipa.nexbetter.com/pictures/3/81/cb/81cb1a55-784e-413b-8f97-cd8d954d85b7","no_data","2026-02-05T03:21:58.00Z","2026-08-28T08:03:26.00Z","1","13"
"15241","วันนี้ คืออนาคต","https://vipa.me/th/watch/today-the-future-is-now","https://assets.vipa.nexbetter.com/pictures/3/0c/e6/0ce62db5-3f34-4dd6-9008-4cc942eadc03","series","วันนี้ คืออนาคต","Documentary","Nature/Environmental|Social/Political|Cultural","no_data","2026","THA","5","5","3","no_data","true","https://assets.vipa.nexbetter.com/pictures/3/0c/e6/0ce62db5-3f34-4dd6-9008-4cc942eadc03","https://assets.vipa.nexbetter.com/pictures/3/0c/e6/0ce62db5-3f34-4dd6-9008-4cc942eadc03","https://assets.vipa.nexbetter.com/pictures/3/dd/b6/ddb6feac-59d8-4466-b902-f9ecfa67eac9","no_data","2026-02-05T04:44:17.00Z","2026-03-02T03:25:38.00Z","1","3"
"15246","เหนือพรสวรรค์","https://vipa.me/th/watch/beyond-talent","https://assets.vipa.nexbetter.com/pictures/3/a7/35/a735cf50-20c6-425a-9240-6d8086155897","series","เหนือพรสวรรค์","Variety & LifeStyle","Talk Shows|Lifestyle Tips|Hobbies & Crafts","no_data","2026","THA","5","4","6","sign-language","true","https://assets.vipa.nexbetter.com/pictures/3/a7/35/a735cf50-20c6-425a-9240-6d8086155897","https://assets.vipa.nexbetter.com/pictures/3/a7/35/a735cf50-20c6-425a-9240-6d8086155897","https://assets.vipa.nexbetter.com/pictures/3/ec/18/ec186e5d-976e-438b-818f-5eadfe39a3b7","Diana Chung","2026-02-05T08:39:28.00Z","2026-05-28T09:19:52.00Z","1","12"
"15290","WeMe’s Nature World","https://vipa.me/th/watch/weme-nature-world","https://assets.vipa.nexbetter.com/pictures/3/31/84/31848790-9707-41d8-adad-a5424b9309be","series","WeMe’s Nature World","Kids & Family","Educational|Adventure|Nature and Wildlife","no_data","2026","THA","1","4","3","soundtrack","true","https://assets.vipa.nexbetter.com/pictures/3/31/84/31848790-9707-41d8-adad-a5424b9309be","https://assets.vipa.nexbetter.com/pictures/3/31/84/31848790-9707-41d8-adad-a5424b9309be","https://assets.vipa.nexbetter.com/pictures/3/92/4c/924c59eb-d344-41f7-bcdb-98d9a53ae8b0","no_data","2026-02-12T06:38:28.00Z","2026-03-16T07:26:38.00Z","1","12"
"15304","เปาบุ้นจิ้น มือปราบคอร์รัปชัน","https://vipa.me/th/watch/justice-bao","https://assets.vipa.nexbetter.com/pictures/3/6b/dd/6bdd07cd-916f-4f9b-bf35-9665a553b526","series","เปาบุ้นจิ้น มือปราบคอร์รัปชัน","Drama","Historical Drama|Legal Drama|Social Drama","no_data","2026","THA","5","4","30","closed-caption|soundtrack","true","https://assets.vipa.nexbetter.com/pictures/3/6b/dd/6bdd07cd-916f-4f9b-bf35-9665a553b526","https://assets.vipa.nexbetter.com/pictures/3/6b/dd/6bdd07cd-916f-4f9b-bf35-9665a553b526","https://assets.vipa.nexbetter.com/pictures/3/35/5b/355b4ce0-9711-4b61-ae52-84e4f8b4506e","Jin Chao Qun 金超群|Kenny Ho 何家勁|Fan Hong Xuan 范鴻軒","2026-02-12T10:53:14.00Z","2026-06-11T07:51:22.00Z","5","61"
"15335","นักผจญเพลง FREE PLAY","https://vipa.me/th/watch/songhuntertv-freeplayo","https://assets.vipa.nexbetter.com/pictures/3/a9/eb/a9ebbed5-7d80-4325-8633-cefa154d48ca","series","นักผจญเพลง FREE PLAY","Variety & LifeStyle","Lifestyle Tips|Hobbies & Crafts","no_data","2026","THA","5","5","5","no_data","true","https://assets.vipa.nexbetter.com/pictures/3/a9/eb/a9ebbed5-7d80-4325-8633-cefa154d48ca","https://assets.vipa.nexbetter.com/pictures/3/a9/eb/a9ebbed5-7d80-4325-8633-cefa154d48ca","https://assets.vipa.nexbetter.com/pictures/3/f8/2f/f82fed49-0ec2-4380-9295-561af82f65e0","no_data","2026-02-18T08:32:58.00Z","2026-03-16T07:27:39.00Z","2","20"
"15355","เกิด แก่ เจ็บ โต (Big Sign)","https://vipa.me/th/watch/the-summer-we-met-big-sign","https://assets.vipa.nexbetter.com/pictures/3/86/fc/86fc6cb9-0951-4507-9f1b-09af9c25015e","series","เกิด แก่ เจ็บ โต (Big Sign)","Drama","Family Drama|Social Drama|Teen Drama","no_data","2025","THA","5","5","1","closed-caption|sign-language","true","https://assets.vipa.nexbetter.com/pictures/3/86/fc/86fc6cb9-0951-4507-9f1b-09af9c25015e","https://assets.vipa.nexbetter.com/pictures/3/86/fc/86fc6cb9-0951-4507-9f1b-09af9c25015e","https://assets.vipa.nexbetter.com/pictures/3/e6/fb/e6fb0f86-27c8-4324-9e3f-16e766027d0a","Pimmada Chaisaksoen|Wongsakorn Rassamitat|Natha Lloyd|Praengam Suntaranatic|Thitiya Shinarksorn","2026-02-27T07:01:43.00Z","2026-05-06T05:13:45.00Z","1","16"
"15389","ก๊วน 3 ซ่า ตะลุยจักรวาล","https://vipa.me/th/watch/friendzspace","https://assets.vipa.nexbetter.com/pictures/3/ad/59/ad598996-600f-4bc7-80d8-4256e39349cf","series","ก๊วน 3 ซ่า ตะลุยจักรวาล","Kids & Family","Animation|Adventure|Fantasy","no_data","2021","THA","1","5","8","no_data","true","https://assets.vipa.nexbetter.com/pictures/3/2f/13/2f133fd8-2b5f-40cb-b9db-9b86c2ee0c64","https://assets.vipa.nexbetter.com/pictures/3/ad/59/ad598996-600f-4bc7-80d8-4256e39349cf","https://assets.vipa.nexbetter.com/pictures/3/fe/2b/fe2b14f6-bcf8-45e2-b56b-3c07aa15004a","no_data","2026-03-04T10:04:23.00Z","2026-08-18T07:48:25.00Z","1","52"
"15411","ทั่วทิศแดนมังกร","https://vipa.me/th/watch/china-compass","https://assets.vipa.nexbetter.com/pictures/3/1e/4e/1e4eb1ad-e710-45c0-b7ae-4055927836fd","series","ทั่วทิศแดนมังกร","Food & Travel","Travel Documentaries|Adventure Travel|Cultural Travel","no_data","2026","THA","5","4","9","closed-caption|soundtrack|audio-description","true","https://assets.vipa.nexbetter.com/pictures/3/1e/4e/1e4eb1ad-e710-45c0-b7ae-4055927836fd","https://assets.vipa.nexbetter.com/pictures/3/1e/4e/1e4eb1ad-e710-45c0-b7ae-4055927836fd","https://assets.vipa.nexbetter.com/pictures/3/bf/41/bf415f23-a64c-4c9d-b14e-fecc3c87e59d","no_data","2026-03-05T09:40:22.00Z","2026-08-20T05:12:54.00Z","4","35"
"15431","โลกปรัมปรา (Big Sign)","https://vipa.me/th/watch/lokparampara-big-sign","https://assets.vipa.nexbetter.com/pictures/3/40/0a/400a0a40-deb2-4270-a549-f749a41deae7","series","โลกปรัมปรา (Big Sign)","Documentary","Historical|Social/Political|Cultural","no_data","2026","THA","5","4","2","sign-language","true","https://assets.vipa.nexbetter.com/pictures/3/40/0a/400a0a40-deb2-4270-a549-f749a41deae7","https://assets.vipa.nexbetter.com/pictures/3/40/0a/400a0a40-deb2-4270-a549-f749a41deae7","https://assets.vipa.nexbetter.com/pictures/3/81/cb/81cb1a55-784e-413b-8f97-cd8d954d85b7","no_data","2026-03-10T07:17:37.00Z","2026-05-06T05:09:06.00Z","1","13"
"15437","มันนิ : เรื่องเล่าจากเขาบรรทัด (Big Sign)","https://vipa.me/th/watch/maniq-chronicles-the-jungle-legacy-bigsign","https://assets.vipa.nexbetter.com/pictures/3/bd/59/bd59ca0c-8887-4aaf-8282-6a70f001b97d","series","มันนิ : เรื่องเล่าจากเขาบรรทัด (Big Sign)","Documentary","Nature/Environmental|Cultural","no_data","2025","THA","5","5","2","sign-language","true","https://assets.vipa.nexbetter.com/pictures/3/bd/59/bd59ca0c-8887-4aaf-8282-6a70f001b97d","https://assets.vipa.nexbetter.com/pictures/3/bd/59/bd59ca0c-8887-4aaf-8282-6a70f001b97d","https://assets.vipa.nexbetter.com/pictures/3/2c/9b/2c9bcb5c-f451-4823-bc56-ad8e8a5b2e3e","no_data","2026-03-10T07:59:30.00Z","2026-05-06T05:05:46.00Z","1","6"
"15447","หนังเล่าเรื่อง","https://vipa.me/th/watch/story-films","https://assets.vipa.nexbetter.com/pictures/3/2f/4e/2f4e7f13-2cff-40c4-81db-fb8501a5420b","series","หนังเล่าเรื่อง","Documentary","Social/Political|Cultural","no_data","2026","THA","5","4","3","sign-language","true","https://assets.vipa.nexbetter.com/pictures/3/2f/4e/2f4e7f13-2cff-40c4-81db-fb8501a5420b","https://assets.vipa.nexbetter.com/pictures/3/2f/4e/2f4e7f13-2cff-40c4-81db-fb8501a5420b","https://assets.vipa.nexbetter.com/pictures/3/14/f2/14f25f7c-c1be-4138-938f-c20143d8e932","no_data","2026-03-11T08:56:21.00Z","2026-05-28T10:38:10.00Z","2","16"
"15496","ท่วงทำนองที่เลือนหาย","https://vipa.me/th/watch/finding-the-last-note","https://assets.vipa.nexbetter.com/pictures/3/18/3f/183f454d-671b-4663-a6d5-5085f538b374","series","ท่วงทำนองที่เลือนหาย","Drama","Family Drama|Social Drama|Teen Drama","no_data","2026","THA","5","4","56","closed-caption|sign-language","true","https://assets.vipa.nexbetter.com/pictures/3/18/3f/183f454d-671b-4663-a6d5-5085f538b374","https://assets.vipa.nexbetter.com/pictures/3/18/3f/183f454d-671b-4663-a6d5-5085f538b374","https://assets.vipa.nexbetter.com/pictures/3/49/0c/490c54a0-192e-491f-9d6e-4566e57d6d1f","Amika Sedsirirat|Ratchapol Koomkongsuwan|Pavarit Mongkolpisit|Sarocha Watittapan|Chotipat Suthadsanasoung|Sarawut Pumtong","2026-03-19T04:36:39.00Z","2026-09-05T04:28:56.00Z","1","16"
"15504","คืนนี้ผมนอนไม่หลับ (Big Sign)","https://vipa.me/th/watch/hardnights-bigsign","https://assets.vipa.nexbetter.com/pictures/3/24/ec/24ecc722-af19-45f2-a8d9-e9b26944ba6c","series","คืนนี้ผมนอนไม่หลับ (Big Sign)","Drama","Family Drama|Romantic Drama|Social Drama","no_data","2026","THA","5","0","0","closed-caption|sign-language","true","https://assets.vipa.nexbetter.com/pictures/3/24/ec/24ecc722-af19-45f2-a8d9-e9b26944ba6c","https://assets.vipa.nexbetter.com/pictures/3/24/ec/24ecc722-af19-45f2-a8d9-e9b26944ba6c","https://assets.vipa.nexbetter.com/pictures/3/14/d7/14d76c3a-fa6d-47f8-bf1e-3fecd64460fc","Naphatsaran Mittiraroch|Surawut Maikun|Supoj Janjareon|Pijika Jittaputta|Gokgorn Benjathikoon|Sukonlaphat Sribubpha|Marut Sarowat","2026-03-20T09:22:09.00Z","2026-05-06T04:50:38.00Z","1","16"
"15527","อ่านป่า กับหมอหม่อง (Big Sign)","https://vipa.me/th/watch/mhormhong-bigsign","https://assets.vipa.nexbetter.com/pictures/3/7e/43/7e439c2b-5e04-402e-91e1-aec961ee9f10","series","อ่านป่า กับหมอหม่อง (Big Sign)","Documentary","Nature/Environmental","no_data","2025","THA","5","5","2","sign-language","true","https://assets.vipa.nexbetter.com/pictures/3/7e/43/7e439c2b-5e04-402e-91e1-aec961ee9f10","https://assets.vipa.nexbetter.com/pictures/3/7e/43/7e439c2b-5e04-402e-91e1-aec961ee9f10","https://assets.vipa.nexbetter.com/pictures/3/8b/fa/8bfa5a38-a2e8-4526-a896-569ad0e4c548","Rungsrit Kanjanavanit","2026-03-24T08:07:41.00Z","2026-05-06T05:01:56.00Z","1","13"
"15565","วิ่งเลย Running Day","https://vipa.me/th/watch/running-day","https://assets.vipa.nexbetter.com/pictures/3/7b/91/7b91f478-02a6-459b-b248-9f08a8692333","series","วิ่งเลย Running Day","Variety & LifeStyle","Health & Fitness|Lifestyle Tips|Hobbies & Crafts|Cultural Programs","no_data","2026","THA","5","4","4","no_data","true","https://assets.vipa.nexbetter.com/pictures/3/7b/91/7b91f478-02a6-459b-b248-9f08a8692333","https://assets.vipa.nexbetter.com/pictures/3/7b/91/7b91f478-02a6-459b-b248-9f08a8692333","https://assets.vipa.nexbetter.com/pictures/3/82/73/82738d00-1d03-4056-8a4c-48d0a867c705","Pichayapohn Posangar|Thima Tongsiri","2026-04-03T07:58:47.00Z","2026-05-05T03:17:05.00Z","2","24"
"15575","จานนี้...มีเรื่องโลก","https://vipa.me/th/watch/the-food-print","https://assets.vipa.nexbetter.com/pictures/3/ce/dd/cedd0ead-5819-41b0-8cfc-203ffb28f393","series","จานนี้...มีเรื่องโลก","Food & Travel","Food Documentaries|Food Travel Shows|Food and Culture","no_data","2026","THA","5","4","5","no_data","true","https://assets.vipa.nexbetter.com/pictures/3/ce/dd/cedd0ead-5819-41b0-8cfc-203ffb28f393","https://assets.vipa.nexbetter.com/pictures/3/ce/dd/cedd0ead-5819-41b0-8cfc-203ffb28f393","https://assets.vipa.nexbetter.com/pictures/3/e9/01/e9010687-1578-4508-bd95-1c1873e6ebbe","Chanut Wudhiwigaigarn","2026-04-08T03:29:44.00Z","2026-05-05T03:17:59.00Z","2","13"
"15609","ถนน คน โชว์","https://vipa.me/th/watch/street-master","https://assets.vipa.nexbetter.com/pictures/3/b5/26/b526c985-9ef9-4d56-b0f0-1c30d6186039","series","ถนน คน โชว์","Variety & LifeStyle","Talk Shows|Lifestyle Tips|Hobbies & Crafts|Cultural Programs","no_data","2026","THA","5","5","2","no_data","true","https://assets.vipa.nexbetter.com/pictures/3/b5/26/b526c985-9ef9-4d56-b0f0-1c30d6186039","https://assets.vipa.nexbetter.com/pictures/3/b5/26/b526c985-9ef9-4d56-b0f0-1c30d6186039","https://assets.vipa.nexbetter.com/pictures/3/18/34/1834022a-951f-4bdb-922c-4080a87e445d","no_data","2026-04-09T11:41:38.00Z","2026-05-05T03:18:32.00Z","1","14"
"15616","สงคราม ”คน” ชน ”ไฟ”","https://vipa.me/th/watch/fire-war","https://assets.vipa.nexbetter.com/pictures/3/aa/84/aa842e8c-7944-406d-b05b-a680d9144bfd","series","สงคราม ”คน” ชน ”ไฟ”","Documentary","Nature/Environmental|Social/Political|Cultural","no_data","2026","THA","5","5","3","sign-language","true","https://assets.vipa.nexbetter.com/pictures/3/aa/84/aa842e8c-7944-406d-b05b-a680d9144bfd","https://assets.vipa.nexbetter.com/pictures/3/aa/84/aa842e8c-7944-406d-b05b-a680d9144bfd","https://assets.vipa.nexbetter.com/pictures/3/87/b9/87b92f62-4cfc-44d1-b09e-bb547a7d1d54","no_data","2026-04-10T09:24:29.00Z","2026-09-01T09:38:38.00Z","1","3"
"15672","ภูตผีวิถีฅน","https://vipa.me/th/watch/ghost-stories","https://assets.vipa.nexbetter.com/pictures/3/f5/ec/f5ec193b-f42f-4b03-ae27-aa43fba6515f","series","ภูตผีวิถีฅน","Documentary","Historical|Social/Political|Cultural","no_data","2026","THA","5","4","3","sign-language","true","https://assets.vipa.nexbetter.com/pictures/3/f5/ec/f5ec193b-f42f-4b03-ae27-aa43fba6515f","https://assets.vipa.nexbetter.com/pictures/3/f5/ec/f5ec193b-f42f-4b03-ae27-aa43fba6515f","https://assets.vipa.nexbetter.com/pictures/3/c2/2a/c22a9138-5044-44ab-a340-e8ac6572ca7a","Nattavat Kaewbuasai","2026-04-24T04:35:47.00Z","2026-09-01T03:33:47.00Z","1","13"
"15695","เถื่อน Travel Bad Bad World","https://vipa.me/th/watch/tuentravel-badbadworld","https://assets.vipa.nexbetter.com/pictures/3/07/ba/07babf3a-ddff-4c44-a35b-aa2710bbd449","series","เถื่อน Travel Bad Bad World","Documentary","Historical|Investigative|Social/Political|Nature/Environmental|Cultural","no_data","2026","THA","5","4","10","4k","true","https://assets.vipa.nexbetter.com/pictures/3/07/ba/07babf3a-ddff-4c44-a35b-aa2710bbd449","https://assets.vipa.nexbetter.com/pictures/3/07/ba/07babf3a-ddff-4c44-a35b-aa2710bbd449","https://assets.vipa.nexbetter.com/pictures/3/a0/37/a037e767-c3e7-4951-8006-56b8c26b2d6e","Wannasingh Prasertkul","2026-04-27T11:22:56.00Z","2026-08-21T11:15:40.00Z","1","7"
"15754","แดนกินดอง","https://vipa.me/th/watch/dankindong","https://assets.vipa.nexbetter.com/pictures/3/c4/df/c4df70bc-dd60-41ac-b44b-bc17023cfb39","series","แดนกินดอง","Food & Travel","Food Documentaries|Food Travel Shows|Food and Culture|Cooking Shows","no_data","2026","THA","5","4","6","sign-language","true","https://assets.vipa.nexbetter.com/pictures/3/c4/df/c4df70bc-dd60-41ac-b44b-bc17023cfb39","https://assets.vipa.nexbetter.com/pictures/3/c4/df/c4df70bc-dd60-41ac-b44b-bc17023cfb39","https://assets.vipa.nexbetter.com/pictures/3/ed/f5/edf57abf-93bb-4b13-a416-5f15bbbd9b46","no_data","2026-05-07T03:15:34.00Z","2026-08-28T09:58:15.00Z","2","13"
"15832","Back To Basics","https://vipa.me/th/watch/back-to-basics","https://assets.vipa.nexbetter.com/pictures/3/d1/94/d194004f-8dba-421f-bce7-6bbbd9d86624","series","Back To Basics","News & Factural","Documentary|Historical Documentary|Reality-based Factual Programs|True Crime|Public Affairs Programs - politics, social issues, and policy debates","no_data","2026","THA","5","5","1","no_data","true","https://assets.vipa.nexbetter.com/pictures/3/d1/94/d194004f-8dba-421f-bce7-6bbbd9d86624","https://assets.vipa.nexbetter.com/pictures/3/d1/94/d194004f-8dba-421f-bce7-6bbbd9d86624","https://assets.vipa.nexbetter.com/pictures/3/a6/66/a6667b3d-0c3d-4f24-ac59-1558e99d72e2","Sippakorn Srisarutwasana","2026-05-14T09:00:45.00Z","2026-06-08T08:15:35.00Z","1","5"
"15854","เปาบุ้นจิ้น : ม้ามังกรขาว","https://vipa.me/th/watch/justice-bao-the-dragon-horse","https://assets.vipa.nexbetter.com/pictures/3/86/aa/86aac361-e2c5-46da-84c8-de6d8f186a8b","series","เปาบุ้นจิ้น : ม้ามังกรขาว","Drama","Legal Drama|Social Drama|Historical Drama","no_data","2026","THA","5","0","0","closed-caption|soundtrack","true","https://assets.vipa.nexbetter.com/pictures/3/86/aa/86aac361-e2c5-46da-84c8-de6d8f186a8b","https://assets.vipa.nexbetter.com/pictures/3/86/aa/86aac361-e2c5-46da-84c8-de6d8f186a8b","https://assets.vipa.nexbetter.com/pictures/3/dd/37/dd37ff28-7c60-40eb-811b-970f76a381c6","no_data","2026-05-19T09:13:24.00Z","2026-06-25T04:58:46.00Z","1","12"
"15869","เปาบุ้นจิ้น : ผู้ตรวจการคนใหม่","https://vipa.me/th/watch/justice-bao-deathoftongpan","https://assets.vipa.nexbetter.com/pictures/3/33/32/3332e601-3389-4494-a1aa-7d80705fcb05","series","เปาบุ้นจิ้น : ผู้ตรวจการคนใหม่","Drama","Historical Drama|Legal Drama|Social Drama","no_data","2026","THA","5","4","1","closed-caption|soundtrack","true","https://assets.vipa.nexbetter.com/pictures/3/33/32/3332e601-3389-4494-a1aa-7d80705fcb05","https://assets.vipa.nexbetter.com/pictures/3/33/32/3332e601-3389-4494-a1aa-7d80705fcb05","https://assets.vipa.nexbetter.com/pictures/3/b2/26/b226c9db-4e9e-433f-97a5-872807d64b24","no_data","2026-05-19T10:25:24.00Z","2026-05-19T10:30:15.00Z","1","11"
"15932","เปาบุ้นจิ้น : สับเปลี่ยนพระโอรส","https://vipa.me/th/watch/justice-bao-beatingthedragonrobe","https://assets.vipa.nexbetter.com/pictures/3/98/86/9886ec6a-0e95-4856-8524-812ce49c5c06","series","เปาบุ้นจิ้น : สับเปลี่ยนพระโอรส","Drama","Historical Drama|Legal Drama|Social Drama","no_data","2026","THA","5","5","1","closed-caption|soundtrack","true","https://assets.vipa.nexbetter.com/pictures/3/98/86/9886ec6a-0e95-4856-8524-812ce49c5c06","https://assets.vipa.nexbetter.com/pictures/3/98/86/9886ec6a-0e95-4856-8524-812ce49c5c06","https://assets.vipa.nexbetter.com/pictures/3/93/ef/93efd038-d8f7-4da2-83af-d1f2ff79b4f2","no_data","2026-05-25T08:34:17.00Z","2026-05-25T08:49:13.00Z","1","12"
"15946","เปาบุ้นจิ้น : ทองคำมรณะ","https://vipa.me/th/watch/justice-bao-thedreamofgold","https://assets.vipa.nexbetter.com/pictures/3/83/2f/832f8898-72b2-4efb-afb5-310f3a4f402c","series","เปาบุ้นจิ้น : ทองคำมรณะ","Drama","Historical Drama|Legal Drama|Social Drama","no_data","2026","THA","5","5","1","closed-caption|soundtrack","true","https://assets.vipa.nexbetter.com/pictures/3/83/2f/832f8898-72b2-4efb-afb5-310f3a4f402c","https://assets.vipa.nexbetter.com/pictures/3/83/2f/832f8898-72b2-4efb-afb5-310f3a4f402c","https://assets.vipa.nexbetter.com/pictures/3/f2/2c/f22c5914-8c99-4d3d-8f6e-df3812198afa","no_data","2026-05-25T09:04:37.00Z","2026-05-25T09:07:24.00Z","1","13"
"15961","เปาบุ้นจิ้น : ประหารราชบุตรเขย","https://vipa.me/th/watch/justice-bao-sinoflust","https://assets.vipa.nexbetter.com/pictures/3/35/11/3511d4ee-97d8-42de-b59e-eb82293fc137","series","เปาบุ้นจิ้น : ประหารราชบุตรเขย","Drama","Historical Drama|Legal Drama|Social Drama","no_data","2026","THA","5","4","4","closed-caption|soundtrack","true","https://assets.vipa.nexbetter.com/pictures/3/35/11/3511d4ee-97d8-42de-b59e-eb82293fc137","https://assets.vipa.nexbetter.com/pictures/3/35/11/3511d4ee-97d8-42de-b59e-eb82293fc137","https://assets.vipa.nexbetter.com/pictures/3/b8/45/b845cab5-881a-4b67-a658-20e73075cb62","no_data","2026-05-25T10:24:45.00Z","2026-07-16T11:13:21.00Z","1","13"
"15966","ถอดรหัสวัดอรุณ (Big Sign)","https://vipa.me/th/watch/decoding-watarun-bigsign","https://assets.vipa.nexbetter.com/pictures/3/e6/90/e690ab21-c836-4522-8491-0d76f3b6bdd4","series","ถอดรหัสวัดอรุณ (Big Sign)","Documentary","Historical|Nature/Environmental|Social/Political|Cultural","no_data","2026","THA","5","0","0","4k|sign-language|closed-caption","true","https://assets.vipa.nexbetter.com/pictures/3/e6/90/e690ab21-c836-4522-8491-0d76f3b6bdd4","https://assets.vipa.nexbetter.com/pictures/3/e6/90/e690ab21-c836-4522-8491-0d76f3b6bdd4","https://assets.vipa.nexbetter.com/pictures/3/1f/11/1f116bc0-bc75-4eab-bb82-f00a4fe84951","no_data","2026-05-27T05:40:40.00Z","2026-05-27T08:46:05.00Z","1","30"
"15998","พระทอล์ก (Big Sign)","https://vipa.me/th/watch/phra-talks-podcast-bigsign","https://assets.vipa.nexbetter.com/pictures/3/4f/40/4f40816d-6a77-4285-acb9-20ce4c11e473","series","พระทอล์ก (Big Sign)","Variety & LifeStyle","Talk Shows|Cultural Programs","no_data","2026","THA","5","0","0","sign-language","true","https://assets.vipa.nexbetter.com/pictures/3/4f/40/4f40816d-6a77-4285-acb9-20ce4c11e473","https://assets.vipa.nexbetter.com/pictures/3/4f/40/4f40816d-6a77-4285-acb9-20ce4c11e473","https://assets.vipa.nexbetter.com/pictures/3/db/02/db028ec1-6da7-4c52-ac23-ccf875ed51a1","no_data","2026-05-28T08:11:11.00Z","2026-05-28T08:23:25.00Z","1","12"
"16012","หนังเล่าเรื่อง (Big Sign)","https://vipa.me/th/watch/story-films-bigsign","https://assets.vipa.nexbetter.com/pictures/3/2f/4e/2f4e7f13-2cff-40c4-81db-fb8501a5420b","series","หนังเล่าเรื่อง (Big Sign)","Documentary","Social/Political|Cultural","no_data","2026","THA","5","0","0","sign-language","true","https://assets.vipa.nexbetter.com/pictures/3/2f/4e/2f4e7f13-2cff-40c4-81db-fb8501a5420b","https://assets.vipa.nexbetter.com/pictures/3/2f/4e/2f4e7f13-2cff-40c4-81db-fb8501a5420b","https://assets.vipa.nexbetter.com/pictures/3/14/f2/14f25f7c-c1be-4138-938f-c20143d8e932","no_data","2026-05-28T10:43:02.00Z","2026-05-28T10:46:44.00Z","1","6"
"16030","เหนือพรสวรรค์ (Big Sign)","https://vipa.me/th/watch/beyond-talent-bigsign","https://assets.vipa.nexbetter.com/pictures/3/a7/35/a735cf50-20c6-425a-9240-6d8086155897","series","เหนือพรสวรรค์ (Big Sign)","Variety & LifeStyle","Talk Shows|Lifestyle Tips|Hobbies & Crafts","no_data","2026","THA","5","5","1","sign-language","true","https://assets.vipa.nexbetter.com/pictures/3/a7/35/a735cf50-20c6-425a-9240-6d8086155897","https://assets.vipa.nexbetter.com/pictures/3/a7/35/a735cf50-20c6-425a-9240-6d8086155897","https://assets.vipa.nexbetter.com/pictures/3/ec/18/ec186e5d-976e-438b-818f-5eadfe39a3b7","no_data","2026-06-02T07:42:16.00Z","2026-06-02T07:47:06.00Z","1","12"
"16044","Man Made มนุษย์นักสร้าง (Big Sign)","https://vipa.me/th/watch/man-made-bigsign","https://assets.vipa.nexbetter.com/pictures/3/56/68/5668764c-0a92-41ee-84e1-7e560b7dc252","series","Man Made มนุษย์นักสร้าง (Big Sign)","Documentary","Historical|Social/Political|Cultural","no_data","2025","THA","5","0","0","sign-language","true","https://assets.vipa.nexbetter.com/pictures/3/56/68/5668764c-0a92-41ee-84e1-7e560b7dc252","https://assets.vipa.nexbetter.com/pictures/3/56/68/5668764c-0a92-41ee-84e1-7e560b7dc252","https://assets.vipa.nexbetter.com/pictures/3/23/69/23693d12-5fb4-485c-99c2-80e40d28f513","no_data","2026-06-02T09:30:34.00Z","2026-06-02T09:34:04.00Z","1","16"
"16104","Full Frame กระต่ายหมายจันทร์","https://vipa.me/th/watch/fullframe-cryforthemoon","https://assets.vipa.nexbetter.com/pictures/3/ab/4c/ab4c2727-d88c-41ff-bfe6-b69266e3d2e6","series","Full Frame กระต่ายหมายจันทร์","Documentary","Nature/Environmental|Cultural","no_data","2026","THA","5","5","7","closed-caption|sign-language","true","https://assets.vipa.nexbetter.com/pictures/3/ab/4c/ab4c2727-d88c-41ff-bfe6-b69266e3d2e6","https://assets.vipa.nexbetter.com/pictures/3/ab/4c/ab4c2727-d88c-41ff-bfe6-b69266e3d2e6","https://assets.vipa.nexbetter.com/pictures/3/fc/a2/fca2b168-c1b6-4386-9dbb-4a421291e54f","Wannasingh Prasertkul|Thaworn Patsornsririkul|Ploypailin Thangprapaporn|Pimlada Chaipreechawit|Zcongklod Bangyikhan|Natee Ekwijit|Baramee Temboonkiat|Smith Sutibut|Aroon Roisri","2026-06-11T03:51:20.00Z","2026-08-31T09:29:25.00Z","1","6"
"16215","คุณปู่วุ่น Y หลานชาย Y วุ่น","https://vipa.me/th/watch/my-grandpa-is-a-bl-writer","https://assets.vipa.nexbetter.com/pictures/3/b7/36/b736546a-c8eb-4087-91a3-2a7c4a4db7fe","series","คุณปู่วุ่น Y หลานชาย Y วุ่น","Drama","Family Drama|Social Drama|Teen Drama","no_data","2026","THA","5","4","4","closed-caption|sign-language","true","https://assets.vipa.nexbetter.com/pictures/3/b7/36/b736546a-c8eb-4087-91a3-2a7c4a4db7fe","https://assets.vipa.nexbetter.com/pictures/3/b7/36/b736546a-c8eb-4087-91a3-2a7c4a4db7fe","https://assets.vipa.nexbetter.com/pictures/3/ee/20/ee20d834-927d-4a8a-bd6f-45952d10f6bb","Suprawat Pattamasoot|Thanawat Koosuwan|Montree Pattarachitphinyo|กรองขวัญ สาดแก้ว|Wayne Falconer|Pariya Wongrabieb","2026-06-22T10:16:48.00Z","2026-08-14T08:23:00.00Z","1","12"
"16229","คุณปู่วุ่น Y หลานชาย Y วุ่น (Big Sign)","https://vipa.me/th/watch/my-grandpa-is-a-bl-writer-bigsign","https://assets.vipa.nexbetter.com/pictures/3/b7/36/b736546a-c8eb-4087-91a3-2a7c4a4db7fe","series","คุณปู่วุ่น Y หลานชาย Y วุ่น (Big Sign)","Drama","Family Drama|Social Drama|Teen Drama","no_data","2026","THA","5","0","0","sign-language|closed-caption","true","https://assets.vipa.nexbetter.com/pictures/3/b7/36/b736546a-c8eb-4087-91a3-2a7c4a4db7fe","https://assets.vipa.nexbetter.com/pictures/3/b7/36/b736546a-c8eb-4087-91a3-2a7c4a4db7fe","https://assets.vipa.nexbetter.com/pictures/3/ee/20/ee20d834-927d-4a8a-bd6f-45952d10f6bb","Suprawat Pattamasoot|Thanawat Koosuwan|Montree Pattarachitphinyo|กรองขวัญ สาดแก้ว|Wayne Falconer|Pariya Wongrabieb","2026-06-25T03:12:36.00Z","2026-08-10T03:19:04.00Z","1","12"
"16240","ละครชุด ชีวิตที่ถูกลืม","https://vipa.me/th/watch/lifeforgotten","https://assets.vipa.nexbetter.com/pictures/3/99/aa/99aa519d-2377-41e5-b9f4-5ee5e54cc3eb","series","ละครชุด ชีวิตที่ถูกลืม","Drama","Legal Drama|Social Drama|Teen Drama","no_data","2026","THA","5","5","5","no_data","true","https://assets.vipa.nexbetter.com/pictures/3/99/aa/99aa519d-2377-41e5-b9f4-5ee5e54cc3eb","https://assets.vipa.nexbetter.com/pictures/3/99/aa/99aa519d-2377-41e5-b9f4-5ee5e54cc3eb","https://assets.vipa.nexbetter.com/pictures/3/1b/ca/1bca806e-32a7-41a7-97ff-0a4ace9119e0","no_data","2026-06-26T03:36:34.00Z","2026-07-23T02:35:50.00Z","1","4"
"16267","กำเนิดในเทือกเขาร็อกกี ","https://vipa.me/th/watch/born-in-the-rockies","https://assets.vipa.nexbetter.com/pictures/3/1e/94/1e94d9e0-98a5-4c9b-a79b-9e2dd3b5c4d4","series","กำเนิดในเทือกเขาร็อกกี ","Documentary","Nature/Environmental","no_data","2026","THA","2","5","5","soundtrack","true","https://assets.vipa.nexbetter.com/pictures/3/1e/94/1e94d9e0-98a5-4c9b-a79b-9e2dd3b5c4d4","https://assets.vipa.nexbetter.com/pictures/3/1e/94/1e94d9e0-98a5-4c9b-a79b-9e2dd3b5c4d4","https://assets.vipa.nexbetter.com/pictures/3/92/f2/92f254fa-85de-46c1-86bb-19081dfa317f","no_data","2026-07-07T07:16:09.00Z","2026-08-04T09:04:28.00Z","1","2"
"16285","ละครเด็กนานาชาติ ABU","https://vipa.me/th/watch/abu-children-drama","https://assets.vipa.nexbetter.com/pictures/3/d8/65/d865c779-f548-489c-a9ba-97aef9c7f984","series","ละครเด็กนานาชาติ ABU","Kids & Family","Drama","no_data","2026","THA","2","4","4","no_data","true","https://assets.vipa.nexbetter.com/pictures/3/d8/65/d865c779-f548-489c-a9ba-97aef9c7f984","https://assets.vipa.nexbetter.com/pictures/3/d8/65/d865c779-f548-489c-a9ba-97aef9c7f984","https://assets.vipa.nexbetter.com/pictures/3/80/20/8020bb32-8b06-40e7-936b-701ae7852aad","no_data","2026-07-08T08:39:38.00Z","2026-08-04T09:05:09.00Z","1","9"
"16299","บันทึกชีวิต...เจ้าสัตว์ตัวน้อย","https://vipa.me/th/watch/babies-diary","https://assets.vipa.nexbetter.com/pictures/3/a8/46/a846a2c4-d76a-437e-9c2c-dcc5a00c93fd","series","บันทึกชีวิต...เจ้าสัตว์ตัวน้อย","Documentary","Nature/Environmental","no_data","2026","THA","2","4","5","soundtrack","true","https://assets.vipa.nexbetter.com/pictures/3/a8/46/a846a2c4-d76a-437e-9c2c-dcc5a00c93fd","https://assets.vipa.nexbetter.com/pictures/3/a8/46/a846a2c4-d76a-437e-9c2c-dcc5a00c93fd","https://assets.vipa.nexbetter.com/pictures/3/83/11/83110388-9932-4666-b51f-c53fa678ff2e","no_data","2026-07-09T09:29:50.00Z","2026-08-04T09:06:24.00Z","1","3"
"16307","มหากาพย์ธรรมชาติเยลโลว์สโตน","https://vipa.me/th/watch/epic-yellowstone","https://assets.vipa.nexbetter.com/pictures/3/81/1e/811e1eff-fb53-4146-929d-1a74f11a7be9","series","มหากาพย์ธรรมชาติเยลโลว์สโตน","Documentary","Nature/Environmental","no_data","2019","THA","2","4","4","soundtrack","true","https://assets.vipa.nexbetter.com/pictures/3/81/1e/811e1eff-fb53-4146-929d-1a74f11a7be9","https://assets.vipa.nexbetter.com/pictures/3/81/1e/811e1eff-fb53-4146-929d-1a74f11a7be9","https://assets.vipa.nexbetter.com/pictures/3/c4/b6/c4b6fbbb-6abf-46ee-942f-30d02044d839","no_data","2026-07-10T08:31:37.00Z","2026-08-11T03:04:41.00Z","1","4"
"16315","Master's Cut คุยนอกบท ","https://vipa.me/th/watch/masterscut","https://assets.vipa.nexbetter.com/pictures/3/49/74/4974808b-9055-4c49-b8cf-9249eb7ce9cd","series","Master's Cut คุยนอกบท ","Variety & LifeStyle","Talk Shows","no_data","2026","THA","5","0","0","no_data","true","https://assets.vipa.nexbetter.com/pictures/3/49/74/4974808b-9055-4c49-b8cf-9249eb7ce9cd","https://assets.vipa.nexbetter.com/pictures/3/49/74/4974808b-9055-4c49-b8cf-9249eb7ce9cd","https://assets.vipa.nexbetter.com/pictures/3/31/3e/313ef962-36cd-4bb8-bd15-a8089bf4a8c0","Oakland Krist","2026-07-10T10:54:00.00Z","2026-07-10T11:07:43.00Z","1","5"
"16349","แดนธรรมชาติแคลิฟอร์เนีย","https://vipa.me/th/watch/planet-california","https://assets.vipa.nexbetter.com/pictures/3/a3/2a/a32acd61-619e-48d1-baec-5061911d2f7f","series","แดนธรรมชาติแคลิฟอร์เนีย","Documentary","Nature/Environmental","no_data","2022","THA","5","4","1","soundtrack","true","https://assets.vipa.nexbetter.com/pictures/3/a3/2a/a32acd61-619e-48d1-baec-5061911d2f7f","https://assets.vipa.nexbetter.com/pictures/3/a3/2a/a32acd61-619e-48d1-baec-5061911d2f7f","https://assets.vipa.nexbetter.com/pictures/3/21/6a/216abc78-e749-458a-9fd2-4c231b278b07","no_data","2026-07-20T04:43:18.00Z","2026-08-11T03:06:43.00Z","1","2"
"16378","สเต็ปรักละลายเธอ","https://vipa.me/th/watch/my-heartbeat","https://assets.vipa.nexbetter.com/pictures/3/dc/59/dc594759-eade-4135-902a-89440ddbfb3d","series","สเต็ปรักละลายเธอ","Drama","Family Drama|Romantic Drama|Social Drama","no_data","2026","THA","5","4","68","closed-caption|sign-language","true","https://assets.vipa.nexbetter.com/pictures/3/dc/59/dc594759-eade-4135-902a-89440ddbfb3d","https://assets.vipa.nexbetter.com/pictures/3/dc/59/dc594759-eade-4135-902a-89440ddbfb3d","https://assets.vipa.nexbetter.com/pictures/3/ba/2b/ba2ba5d3-49ec-487b-b20c-23f9a278e4b3","Daung ဒေါင်|Cherlisa Seriwibunkit|Nutrugee Wisawanart|Thawatchanin Darayon|Jirapat Uttamanan|Saruta Charunme","2026-07-22T03:23:07.00Z","2026-07-25T06:59:12.00Z","1","12"
"16406","สเต็ปรักละลายเธอ (Big Sign)","https://vipa.me/th/watch/my-heartbeat-bigsign","https://assets.vipa.nexbetter.com/pictures/3/dc/59/dc594759-eade-4135-902a-89440ddbfb3d","series","สเต็ปรักละลายเธอ (Big Sign)","Drama","Family Drama|Romantic Drama|Social Drama","no_data","2026","THA","5","5","3","sign-language|closed-caption","true","https://assets.vipa.nexbetter.com/pictures/3/dc/59/dc594759-eade-4135-902a-89440ddbfb3d","https://assets.vipa.nexbetter.com/pictures/3/dc/59/dc594759-eade-4135-902a-89440ddbfb3d","https://assets.vipa.nexbetter.com/pictures/3/ba/2b/ba2ba5d3-49ec-487b-b20c-23f9a278e4b3","Daung ဒေါင်|Cherlisa Seriwibunkit|Nutrugee Wisawanart|Thawatchanin Darayon|Jirapat Uttamanan|Saruta Charunme","2026-07-25T08:35:41.00Z","2026-08-17T12:18:53.00Z","1","12"
"16415","สมรภูมิปิ่นโต","https://vipa.me/th/watch/pintowar","https://assets.vipa.nexbetter.com/pictures/3/68/6e/686ecb1f-4141-4ff6-aeb0-e54e9107f33d","series","สมรภูมิปิ่นโต","Food & Travel","Cooking Shows|Food Documentaries|Food Competitions|Food Documentaries|Food Travel Shows|Food and Culture","no_data","2026","THA","5","5","1","no_data","true","https://assets.vipa.nexbetter.com/pictures/3/68/6e/686ecb1f-4141-4ff6-aeb0-e54e9107f33d","https://assets.vipa.nexbetter.com/pictures/3/68/6e/686ecb1f-4141-4ff6-aeb0-e54e9107f33d","https://assets.vipa.nexbetter.com/pictures/3/ce/b1/ceb11a7f-7812-4a0b-aac3-5c5bc747adc2","no_data","2026-07-31T10:53:36.00Z","2026-08-19T07:11:02.00Z","1","5"
"16424","โด เร มี ผจญภัยโลกดนตรี","https://vipa.me/th/watch/doremi","https://assets.vipa.nexbetter.com/pictures/3/11/c0/11c0a4d4-8641-48fb-a0a1-dd4842d6b1a6","series","โด เร มี ผจญภัยโลกดนตรี","Kids & Family","Animation|Adventure|Musical","no_data","2021","THA","1","4","1","soundtrack","true","https://assets.vipa.nexbetter.com/pictures/3/11/c0/11c0a4d4-8641-48fb-a0a1-dd4842d6b1a6","https://assets.vipa.nexbetter.com/pictures/3/11/c0/11c0a4d4-8641-48fb-a0a1-dd4842d6b1a6","https://assets.vipa.nexbetter.com/pictures/3/31/b2/31b2941f-f69a-4b8b-a5b1-c2a43a7111b8","no_data","2026-08-04T03:56:43.00Z","2026-08-19T07:12:42.00Z","1","13"
"16444","พีเจ มาสก์...ฮีโรรัตติกาล","https://vipa.me/th/watch/pj-mask","https://assets.vipa.nexbetter.com/pictures/3/a7/55/a755200d-ad9c-4f3e-a655-d86a5a1c237c","series","พีเจ มาสก์...ฮีโรรัตติกาล","Kids & Family","Animation|Adventure|Fantasy|Superhero","no_data","2020","THA","1","4","1","soundtrack","true","https://assets.vipa.nexbetter.com/pictures/3/a7/55/a755200d-ad9c-4f3e-a655-d86a5a1c237c","https://assets.vipa.nexbetter.com/pictures/3/a7/55/a755200d-ad9c-4f3e-a655-d86a5a1c237c","https://assets.vipa.nexbetter.com/pictures/3/a5/55/a555cbba-ce10-4f69-bb5c-30afd818b930","no_data","2026-08-04T10:17:31.00Z","2026-08-24T06:36:59.00Z","1","52"
"16463","เกาะลับของหมู่เกาะอังกฤษ","https://vipa.me/th/watch/britain-secret-islands","https://assets.vipa.nexbetter.com/pictures/3/de/29/de29805a-d1c0-47a9-958b-4116528af270","series","เกาะลับของหมู่เกาะอังกฤษ","Documentary","Historical|Nature/Environmental|Cultural","no_data","2022","THA","1","4","1","soundtrack","true","https://assets.vipa.nexbetter.com/pictures/3/de/29/de29805a-d1c0-47a9-958b-4116528af270","https://assets.vipa.nexbetter.com/pictures/3/de/29/de29805a-d1c0-47a9-958b-4116528af270","https://assets.vipa.nexbetter.com/pictures/3/29/1c/291cf833-889f-47d9-9649-e95b6728008f","no_data","2026-08-06T10:50:05.00Z","2026-08-24T06:38:48.00Z","1","4"
"16553","อัศจรรย์ธรรมชาติสกอตแลนด์","https://vipa.me/th/watch/scotland-the-new-wild","https://assets.vipa.nexbetter.com/pictures/3/f2/a2/f2a2de8e-78d5-41c4-8f32-444a7553d21c","series","อัศจรรย์ธรรมชาติสกอตแลนด์","Documentary","Nature/Environmental","no_data","2023","THA","2","4","4","soundtrack","true","https://assets.vipa.nexbetter.com/pictures/3/f2/a2/f2a2de8e-78d5-41c4-8f32-444a7553d21c","https://assets.vipa.nexbetter.com/pictures/3/f2/a2/f2a2de8e-78d5-41c4-8f32-444a7553d21c","https://assets.vipa.nexbetter.com/pictures/3/75/0f/750f68be-b592-4105-acad-5b942086b673","no_data","2026-08-14T07:38:27.00Z","2026-08-28T03:30:05.00Z","1","3"
"16563","ต่างวัย Eye View","https://vipa.me/th/watch/tangwai-eyeview","https://assets.vipa.nexbetter.com/pictures/3/06/f0/06f070a7-e0bd-4855-bc14-30370573408f","series","ต่างวัย Eye View","Variety & LifeStyle","Travel Shows|Lifestyle Tips|Hobbies & Crafts|Cultural Programs","no_data","2026","THA","5","4","3","no_data","true","https://assets.vipa.nexbetter.com/pictures/3/06/f0/06f070a7-e0bd-4855-bc14-30370573408f","https://assets.vipa.nexbetter.com/pictures/3/06/f0/06f070a7-e0bd-4855-bc14-30370573408f","https://assets.vipa.nexbetter.com/pictures/3/bf/2f/bf2f2834-a17f-48f9-b3cf-08f7d3465cc1","no_data","2026-08-18T04:53:37.00Z","2026-08-20T09:57:46.00Z","1","5"
"16572","เกาะสวรรค์แห่งเยอรมนี","https://vipa.me/th/watch/wild-beauty-of-germany-islands","https://assets.vipa.nexbetter.com/pictures/3/23/dd/23dd9a8a-4152-4b80-90ef-ef2b4efd9b64","series","เกาะสวรรค์แห่งเยอรมนี","Documentary","Nature/Environmental","no_data","2023","THA","2","4","3","soundtrack","true","https://assets.vipa.nexbetter.com/pictures/3/23/dd/23dd9a8a-4152-4b80-90ef-ef2b4efd9b64","https://assets.vipa.nexbetter.com/pictures/3/23/dd/23dd9a8a-4152-4b80-90ef-ef2b4efd9b64","https://assets.vipa.nexbetter.com/pictures/3/00/a3/00a3e9d3-a935-4937-9cfb-c80f90d5e64c","no_data","2026-08-19T07:05:56.00Z","2026-09-07T07:56:52.00Z","1","2"
"16621","ท่วงทำนองที่เลือนหาย (Big Sign)","https://vipa.me/th/watch/finding-the-last-note-bigsign","https://assets.vipa.nexbetter.com/pictures/3/18/3f/183f454d-671b-4663-a6d5-5085f538b374","series","ท่วงทำนองที่เลือนหาย (Big Sign)","Drama","Family Drama|Social Drama|Teen Drama","no_data","2026","THA","5","0","0","sign-language|closed-caption","true","https://assets.vipa.nexbetter.com/pictures/3/18/3f/183f454d-671b-4663-a6d5-5085f538b374","https://assets.vipa.nexbetter.com/pictures/3/18/3f/183f454d-671b-4663-a6d5-5085f538b374","https://assets.vipa.nexbetter.com/pictures/3/49/0c/490c54a0-192e-491f-9d6e-4566e57d6d1f","no_data","2026-08-21T04:50:50.00Z","2026-08-21T04:54:05.00Z","1","16"
"16651","แป้ง สี จิตวิญญาณ","https://vipa.me/th/watch/face-of-thai-spirit","https://assets.vipa.nexbetter.com/pictures/3/ef/71/ef711568-f1f3-47ad-9a5a-a6f7d0e03c30","series","แป้ง สี จิตวิญญาณ","Documentary","Social/Political|Cultural","no_data","2026","THA","5","5","18","no_data","true","https://assets.vipa.nexbetter.com/pictures/3/ef/71/ef711568-f1f3-47ad-9a5a-a6f7d0e03c30","https://assets.vipa.nexbetter.com/pictures/3/ef/71/ef711568-f1f3-47ad-9a5a-a6f7d0e03c30","https://assets.vipa.nexbetter.com/pictures/3/54/30/543020d6-7376-44aa-beea-4df1450f8d8e","no_data","2026-08-24T06:25:14.00Z","2026-09-11T09:19:45.00Z","1","1"
"16654","ทาโย่ เจ้ารถบัสเล็ก","https://vipa.me/th/watch/tayo-the-little-bus","https://assets.vipa.nexbetter.com/pictures/3/2c/24/2c24d3f3-bf50-4c52-94e3-8f57deb381cd","series","ทาโย่ เจ้ารถบัสเล็ก","Kids & Family","Animation|Adventure|Drama","no_data","2010","THA","1","5","7","soundtrack","true","https://assets.vipa.nexbetter.com/pictures/3/2c/24/2c24d3f3-bf50-4c52-94e3-8f57deb381cd","https://assets.vipa.nexbetter.com/pictures/3/2c/24/2c24d3f3-bf50-4c52-94e3-8f57deb381cd","https://assets.vipa.nexbetter.com/pictures/3/1f/97/1f97e58b-34b7-4f52-8cde-63b12a8d26e2","no_data","2026-08-25T03:52:50.00Z","2026-08-25T03:57:41.00Z","3","78"
"16743","สุดยอดรถไฟโลก...บนเส้นทางชินคันเซ็น","https://vipa.me/th/watch/world-most-punctual-train-japan-shinkansen","https://assets.vipa.nexbetter.com/pictures/3/8f/ea/8feac176-6c4f-4427-9834-782ac391e8cc","series","สุดยอดรถไฟโลก...บนเส้นทางชินคันเซ็น","Documentary","Cultural|Nature/Environmental","no_data","2022","THA","5","5","3","soundtrack","true","https://assets.vipa.nexbetter.com/pictures/3/8f/ea/8feac176-6c4f-4427-9834-782ac391e8cc","https://assets.vipa.nexbetter.com/pictures/3/8f/ea/8feac176-6c4f-4427-9834-782ac391e8cc","https://assets.vipa.nexbetter.com/pictures/3/43/83/43839927-03dd-4b2f-8a9c-ddb2cc1019da","no_data","2026-08-28T04:52:32.00Z","2026-09-11T09:20:50.00Z","1","2"
"16762","แดนกินดอง (Big Sign)","https://vipa.me/th/watch/dankindong-bigsign","https://assets.vipa.nexbetter.com/pictures/3/c4/df/c4df70bc-dd60-41ac-b44b-bc17023cfb39","series","แดนกินดอง (Big Sign)","Food & Travel","Cooking Shows|Food Documentaries|Food Travel Shows|Food and Culture","no_data","2026","THA","5","0","0","sign-language","true","https://assets.vipa.nexbetter.com/pictures/3/c4/df/c4df70bc-dd60-41ac-b44b-bc17023cfb39","https://assets.vipa.nexbetter.com/pictures/3/c4/df/c4df70bc-dd60-41ac-b44b-bc17023cfb39","https://assets.vipa.nexbetter.com/pictures/3/ed/f5/edf57abf-93bb-4b13-a416-5f15bbbd9b46","no_data","2026-08-28T10:01:28.00Z","2026-08-28T10:04:49.00Z","1","6"
"16772","Cook Culture (Big Sign)","https://vipa.me/th/watch/cook-culture-big-sign","https://assets.vipa.nexbetter.com/pictures/3/26/f5/26f5e73c-a08c-4cf1-bd45-be8b1a24cf0d","series","Cook Culture (Big Sign)","Food & Travel","Food Documentaries|Food Travel Shows|Food and Culture","no_data","2025","THA","5","0","0","sign-language","true","https://assets.vipa.nexbetter.com/pictures/3/26/f5/26f5e73c-a08c-4cf1-bd45-be8b1a24cf0d","https://assets.vipa.nexbetter.com/pictures/3/26/f5/26f5e73c-a08c-4cf1-bd45-be8b1a24cf0d","https://assets.vipa.nexbetter.com/pictures/3/da/16/da16e2fb-3bec-4131-bbda-f478822b3ef3","no_data","2026-08-31T07:09:52.00Z","2026-08-31T07:20:25.00Z","1","17"
"16793","Full Frame กระต่ายหมายจันทร์ (Big Sign)","https://vipa.me/th/watch/full-frame-cryforthemoon-bigsign","https://assets.vipa.nexbetter.com/pictures/3/ab/4c/ab4c2727-d88c-41ff-bfe6-b69266e3d2e6","series","Full Frame กระต่ายหมายจันทร์ (Big Sign)","Documentary","Nature/Environmental|Social/Political","no_data","2026","THA","5","0","0","closed-caption|sign-language","true","https://assets.vipa.nexbetter.com/pictures/3/ab/4c/ab4c2727-d88c-41ff-bfe6-b69266e3d2e6","https://assets.vipa.nexbetter.com/pictures/3/ab/4c/ab4c2727-d88c-41ff-bfe6-b69266e3d2e6","https://assets.vipa.nexbetter.com/pictures/3/fc/a2/fca2b168-c1b6-4386-9dbb-4a421291e54f","Wannasingh Prasertkul|Thaworn Patsornsririkul|Pimlada Chaipreechawit|Zcongklod Bangyikhan|Natee Ekwijit|Baramee Temboonkiat|Smith Sutibut|Aroon Roisri","2026-08-31T09:29:33.00Z","2026-08-31T09:43:53.00Z","1","6"
"16801","ภูตผีวิถีฅน (Big Sign)","https://vipa.me/th/watch/ghost-stories-bigsign","https://assets.vipa.nexbetter.com/pictures/3/f5/ec/f5ec193b-f42f-4b03-ae27-aa43fba6515f","series","ภูตผีวิถีฅน (Big Sign)","Documentary","Historical|Social/Political|Cultural","no_data","2026","THA","5","0","0","sign-language","true","https://assets.vipa.nexbetter.com/pictures/3/f5/ec/f5ec193b-f42f-4b03-ae27-aa43fba6515f","https://assets.vipa.nexbetter.com/pictures/3/f5/ec/f5ec193b-f42f-4b03-ae27-aa43fba6515f","https://assets.vipa.nexbetter.com/pictures/3/c2/2a/c22a9138-5044-44ab-a340-e8ac6572ca7a","no_data","2026-09-01T03:45:12.00Z","2026-09-01T03:49:16.00Z","1","13"
"16821","สงคราม ”คน” ชน ”ไฟ” (Big Sign)","https://vipa.me/th/watch/fire-war-bigsign","https://assets.vipa.nexbetter.com/pictures/3/aa/84/aa842e8c-7944-406d-b05b-a680d9144bfd","series","สงคราม ”คน” ชน ”ไฟ” (Big Sign)","Documentary","Nature/Environmental|Social/Political|Cultural","no_data","2026","THA","1","0","0","sign-language","true","https://assets.vipa.nexbetter.com/pictures/3/aa/84/aa842e8c-7944-406d-b05b-a680d9144bfd","https://assets.vipa.nexbetter.com/pictures/3/aa/84/aa842e8c-7944-406d-b05b-a680d9144bfd","https://assets.vipa.nexbetter.com/pictures/3/87/b9/87b92f62-4cfc-44d1-b09e-bb547a7d1d54","no_data","2026-09-01T09:38:23.00Z","2026-09-01T09:43:48.00Z","1","3"
"16852","48 Hour Film Project Bangkok 2026","https://vipa.me/th/watch/48-hour-film-project-bangkok-2026","https://assets.vipa.nexbetter.com/pictures/3/de/b5/deb51b10-5a88-4e67-8732-0d7ea98524f3","series","48 Hour Film Project Bangkok 2026","Documentary","Social/Political|Cultural","no_data","2026","THA","5","5","2","no_data","true","https://assets.vipa.nexbetter.com/pictures/3/de/b5/deb51b10-5a88-4e67-8732-0d7ea98524f3","https://assets.vipa.nexbetter.com/pictures/3/de/b5/deb51b10-5a88-4e67-8732-0d7ea98524f3","https://assets.vipa.nexbetter.com/pictures/3/ad/17/ad17033a-53bd-47cd-97b4-8e9ccab0427a","no_data","2026-09-11T05:12:16.00Z","2026-09-11T05:15:49.00Z","1","5"